{
	"format_version": "1.12.0",
	"minecraft:geometry": [
		{
			"description": {
				"identifier": "geometry.dungeon",
				"texture_width": 128,
				"texture_height": 128,
				"visible_bounds_width": 5,
				"visible_bounds_height": 3.5,
				"visible_bounds_offset": [0, 1.25, 0]
			},
			"bones": [
				{
					"name": "dungeon",
					"pivot": [0, 0, 0]
				},
				{
					"name": "body",
					"parent": "dungeon",
					"pivot": [0, 10.25, 0]
				},
				{
					"name": "torso",
					"parent": "body",
					"pivot": [0, 10.25, 0],
					"cubes": [
						{"origin": [-3.5, 7.25, -7], "size": [7, 6, 14], "uv": [0, 0]},
						{"origin": [4, 3.75, -1], "size": [0, 10, 4], "uv": [0, 45]},
						{"origin": [-4, 13.75, 0], "size": [8, 0, 3], "uv": [42, 17]},
						{"origin": [0, 13.75, 2], "size": [3, 3, 0], "pivot": [0, 13.75, 2], "rotation": [0, 0, 7.5], "uv": [64, 40]},
						{"origin": [-3, 13.25, 2], "size": [2, 3, 0], "pivot": [-1, 13.75, 2], "rotation": [0, 0, -22.5], "uv": [68, 45]},
						{"origin": [-4, 3.75, -1], "size": [0, 10, 4], "uv": [8, 45]}
					]
				},
				{
					"name": "head",
					"parent": "torso",
					"pivot": [0, 13.25, -6],
					"cubes": [
						{"origin": [-3.5, 10.75, -12], "size": [7, 7, 7], "inflate": 0.01, "uv": [38, 20]},
						{"origin": [0.5, 17.75, -11], "size": [2, 3, 3], "uv": [52, 65]},
						{"origin": [2.5, 20.75, -11], "size": [1, 0, 2], "uv": [68, 43]},
						{"origin": [0.5, 18.75, -11], "size": [3, 2, 0], "pivot": [2, 20.75, -11], "rotation": [-22.5, 0, 0], "uv": [66, 63]},
						{"origin": [0.5, 12.75, -11], "size": [4, 6, 0], "pivot": [2, 20.75, -11], "rotation": [-22.5, 0, 0], "uv": [10, 66]},
						{"origin": [4.5, 12.75, -11], "size": [0, 4, 3], "pivot": [2, 20.75, -11], "rotation": [-22.5, 0, 0], "uv": [18, 66]},
						{"origin": [-2.5, 10.75, -13.5], "size": [5, 2, 2], "uv": [54, 53]},
						{"origin": [-0.5, 11.75, -13.5], "size": [1, 1, 0], "inflate": 0.01, "uv": [12, 60]}
					]
				},
				{
					"name": "vine_right",
					"parent": "head",
					"pivot": [3.5, 12.25, -9],
					"rotation": [0, 0, 22.5],
					"cubes": [
						{"origin": [3, 10, -9], "size": [3, 5, 0], "uv": [36, 66]}
					]
				},
				{
					"name": "vine_right2",
					"parent": "vine_right",
					"pivot": [4, 10, -9],
					"rotation": [5, 0, -45],
					"cubes": [
						{"origin": [3, 5, -9], "size": [3, 5, 0], "uv": [42, 66]}
					]
				},
				{
					"name": "vine_right3",
					"parent": "vine_right2",
					"pivot": [5, 5, -9],
					"rotation": [5, 0, 45],
					"cubes": [
						{"origin": [3, 1, -9], "size": [2, 4, 0], "uv": [36, 62]}
					]
				},
				{
					"name": "vine_left",
					"parent": "head",
					"pivot": [-3.5, 12.25, -9],
					"rotation": [0, 0, -22.5],
					"cubes": [
						{"origin": [-6, 10, -9], "size": [3, 5, 0], "uv": [66, 58]}
					]
				},
				{
					"name": "vine_left2",
					"parent": "vine_left",
					"pivot": [-4, 10, -9],
					"rotation": [5, 0, 45],
					"cubes": [
						{"origin": [-6, 5, -9], "size": [3, 5, 0], "uv": [24, 67]}
					]
				},
				{
					"name": "vine_left3",
					"parent": "vine_left2",
					"pivot": [-5, 5, -9],
					"rotation": [5, 0, -45],
					"cubes": [
						{"origin": [-5, 1, -9], "size": [2, 4, 0], "uv": [48, 66]}
					]
				},
				{
					"name": "mouth",
					"parent": "head",
					"pivot": [0, 11.26, -13.41],
					"cubes": [
						{"origin": [-1, 10.76, -13.41], "size": [2, 1, 0], "uv": [12, 59]}
					]
				},
				{
					"name": "eyes",
					"parent": "head",
					"pivot": [0, 14.25218, -11]
				},
				{
					"name": "eye_right",
					"parent": "eyes",
					"pivot": [-2.515, 14.25, -11.015],
					"cubes": [
						{"origin": [-3.515, 13.25, -12.015], "size": [2, 2, 2], "uv": [66, 21]},
						{"origin": [-3.015, 13.25, -12.02], "size": [1, 2, 0], "uv": [36, 39]}
					]
				},
				{
					"name": "eyelid_right",
					"parent": "eye_right",
					"pivot": [-2.415, 14.25, -10.915],
					"cubes": [
						{"origin": [-3.415, 13.25, -11.915], "size": [2, 2, 2], "inflate": 0.01, "uv": [66, 29]}
					]
				},
				{
					"name": "eye_left",
					"parent": "eyes",
					"pivot": [2.515, 14.25, -11.015],
					"cubes": [
						{"origin": [1.515, 13.25, -12.015], "size": [2, 2, 2], "uv": [28, 39]},
						{"origin": [2.015, 13.25, -12.02], "size": [1, 2, 0], "uv": [36, 41]}
					]
				},
				{
					"name": "eyelid_left",
					"parent": "eye_left",
					"pivot": [2.415, 14.25, -10.915],
					"cubes": [
						{"origin": [1.415, 13.25, -11.915], "size": [2, 2, 2], "inflate": 0.01, "uv": [66, 25]}
					]
				},
				{
					"name": "ear_left",
					"parent": "head",
					"pivot": [2.75, 18.25, -8.5],
					"rotation": [22.5, -10, -55],
					"cubes": [
						{"origin": [0.5, 13.75, -8.5], "size": [14, 6, 0], "uv": [42, 0]}
					]
				},
				{
					"name": "ear_right",
					"parent": "head",
					"pivot": [-2.75, 18.25, -8.5],
					"rotation": [22.5, 10, 55],
					"cubes": [
						{"origin": [-14.5, 13.75, -8.5], "size": [14, 6, 0], "uv": [0, 39]}
					]
				},
				{
					"name": "tail",
					"parent": "torso",
					"pivot": [0, 10, 7],
					"rotation": [45, 0, 0],
					"cubes": [
						{"origin": [-4.5, 6.5, 6], "size": [9, 9, 10], "inflate": 0.01, "uv": [0, 20]},
						{"origin": [0, 15.5, 6.5], "size": [4, 0, 9], "pivot": [4, 15.5, 15.5], "rotation": [-2.5, 0, 0], "uv": [38, 34]}
					]
				},
				{
					"name": "tail2",
					"parent": "tail",
					"pivot": [0, 10, 16],
					"cubes": [
						{"origin": [-3, 9, 16], "size": [6, 6, 5], "uv": [42, 6]},
						{"origin": [-4, 10.5, 21.5], "size": [3, 5, 0], "pivot": [-1, 15.5, 21.5], "rotation": [0, 0, -22.5], "uv": [30, 67]},
						{"origin": [-5, 15.5, 12.5], "size": [4, 0, 9], "pivot": [-1, 15.5, 21.5], "rotation": [-15, 7.5, -22.5], "uv": [38, 34]},
						{"origin": [3, 12, 15.5], "size": [3, 0, 3], "uv": [56, 50]}
					]
				},
				{
					"name": "tail3",
					"parent": "tail2",
					"pivot": [0, 13, 21],
					"cubes": [
						{"origin": [-1, 11, 21], "size": [2, 2, 4], "inflate": 0.01, "uv": [40, 60]}
					]
				},
				{
					"name": "tail4",
					"parent": "tail3",
					"pivot": [0, 13, 25],
					"cubes": [
						{"origin": [-0.5, 11, 25], "size": [1, 2, 4], "uv": [64, 34]}
					]
				},
				{
					"name": "tail5",
					"parent": "tail4",
					"pivot": [0, 13, 29],
					"cubes": [
						{"origin": [0, 11.5, 29], "size": [0, 1, 4], "uv": [66, 16]}
					]
				},
				{
					"name": "tail6",
					"parent": "tail5",
					"pivot": [0, 12, 32],
					"cubes": [
						{"origin": [-2, 10, 32], "size": [4, 4, 1], "uv": [62, 65]},
						{"origin": [-2, 10, 37], "size": [4, 4, 1], "uv": [0, 66]},
						{"origin": [-1.5, 10.5, 33], "size": [3, 3, 4], "uv": [40, 53]}
					]
				},
				{
					"name": "leg_front_left",
					"parent": "body",
					"pivot": [2.5, 9, -4.5],
					"rotation": [7.5, 0, 0],
					"cubes": [
						{"origin": [1, 4.5, -6], "size": [3, 6, 3], "inflate": 0.01, "uv": [28, 53]}
					]
				},
				{
					"name": "leg_front_left2",
					"parent": "leg_front_left",
					"pivot": [2.5, 4.5, -3],
					"rotation": [-22.5, 0, 0],
					"cubes": [
						{"origin": [1, 0.5, -6], "size": [3, 4, 3], "uv": [56, 43]}
					]
				},
				{
					"name": "leg_front_left3",
					"parent": "leg_front_left2",
					"pivot": [2.5, 1, -4.5],
					"rotation": [15, 0, 0],
					"cubes": [
						{"origin": [1, -0.75, -6.25], "size": [3, 2, 3], "inflate": 0.01, "uv": [24, 62]}
					]
				},
				{
					"name": "leg_front_right",
					"parent": "body",
					"pivot": [-2.5, 9, -4.5],
					"rotation": [7.5, 0, 0],
					"cubes": [
						{"origin": [-4, 4.5, -6], "size": [3, 6, 3], "inflate": 0.01, "uv": [16, 45]}
					]
				},
				{
					"name": "leg_front_right2",
					"parent": "leg_front_right",
					"pivot": [-2.5, 4.5, -3],
					"rotation": [-22.5, 0, 0],
					"cubes": [
						{"origin": [-4, 0.5, -6], "size": [3, 4, 3], "uv": [16, 54]}
					]
				},
				{
					"name": "leg_front_right3",
					"parent": "leg_front_right2",
					"pivot": [-2.5, 1, -4.5],
					"rotation": [15, 0, 0],
					"cubes": [
						{"origin": [-4, -0.75, -6.25], "size": [3, 2, 3], "inflate": 0.01, "uv": [12, 61]}
					]
				},
				{
					"name": "leg_back_left",
					"parent": "body",
					"pivot": [2.5, 9, 4.75],
					"rotation": [5, 0, 0],
					"cubes": [
						{"origin": [1, 4.5, 2.75], "size": [3, 6, 4], "inflate": 0.01, "uv": [42, 43]}
					]
				},
				{
					"name": "leg_back_left2",
					"parent": "leg_back_left",
					"pivot": [2.5, 4.5, 6.25],
					"rotation": [-12.5, 0, 0],
					"cubes": [
						{"origin": [1, 0.75, 4.25], "size": [3, 4, 3], "uv": [0, 59]}
					]
				},
				{
					"name": "leg_back_left3",
					"parent": "leg_back_left2",
					"pivot": [2.5, 1.25, 5.75],
					"rotation": [7.5, 0, 0],
					"cubes": [
						{"origin": [1, -0.25, 4], "size": [3, 2, 3], "inflate": 0.01, "uv": [64, 11]}
					]
				},
				{
					"name": "leg_back_right",
					"parent": "body",
					"pivot": [-2.5, 9, 4.75],
					"rotation": [5, 0, 0],
					"cubes": [
						{"origin": [-4, 4.5, 2.75], "size": [3, 6, 4], "inflate": 0.01, "uv": [28, 43]}
					]
				},
				{
					"name": "leg_back_right2",
					"parent": "leg_back_right",
					"pivot": [-2.5, 4.5, 6.25],
					"rotation": [-12.5, 0, 0],
					"cubes": [
						{"origin": [-4, 0.75, 4.25], "size": [3, 4, 3], "uv": [54, 58]}
					]
				},
				{
					"name": "leg_back_right3",
					"parent": "leg_back_right2",
					"pivot": [-2.5, 1.25, 5.75],
					"rotation": [7.5, 0, 0],
					"cubes": [
						{"origin": [-4, -0.25, 4], "size": [3, 2, 3], "inflate": 0.01, "uv": [64, 6]}
					]
				}
			]
		}
	]
}