{
	"format_version": "1.12.0",
	"minecraft:geometry": [
		{
			"description": {
				"identifier": "geometry.electrike",
				"texture_width": 128,
				"texture_height": 128,
				"visible_bounds_width": 3,
				"visible_bounds_height": 2.5,
				"visible_bounds_offset": [0, 0.75, 0]
			},
			"bones": [
				{
					"name": "electrike",
					"pivot": [0, 0, 0]
				},
				{
					"name": "neck",
					"parent": "electrike",
					"pivot": [1.5, 8, 0.75]
				},
				{
					"name": "head",
					"parent": "neck",
					"pivot": [1.5, 8, 0.75],
					"cubes": [
						{"origin": [-3.5, 10.4, -11.93], "size": [7, 4.75, 8.25], "inflate": 0.01, "uv": [0, 25]},
						{"origin": [-3.62, 12.5, -12.05], "size": [2, 2, 2], "inflate": -0.06, "uv": [42, 69]},
						{"origin": [-3.05, 12.9, -12], "size": [1, 1, 1], "uv": [48, 23]},
						{"origin": [-2.5, 11.4, -4.18], "size": [5, 5, 5], "inflate": 0.01, "pivot": [0, 17.275, -8.055], "rotation": [7.5, 0, 0], "uv": [22, 37]},
						{"origin": [-3.5, 4.25, -12], "size": [7, 6, 7], "pivot": [0, 7.25, -5], "rotation": [-47.5, 0, 0], "uv": [30, 0]},
						{"origin": [-4.05, 14.65, -12], "size": [3, 1, 1], "inflate": 0.01, "pivot": [-3.05, 15.15, -11.5], "rotation": [0, 0, 17.5], "uv": [32, 23]},
						{"origin": [2.05, 12.9, -12], "size": [1, 1, 1], "uv": [52, 23]},
						{"origin": [1.62, 12.5, -12.05], "size": [2, 2, 2], "inflate": -0.06, "uv": [50, 69]},
						{"origin": [1.05, 14.65, -12], "size": [3, 1, 1], "inflate": 0.01, "pivot": [3.05, 15.15, -11.5], "rotation": [0, 0, -17.5], "uv": [40, 23]},
						{"origin": [-2.5, 9.9, -15.43], "size": [0, 1, 1], "pivot": [-2.5, 10.4, -14.93], "rotation": [-45, 0, 0], "uv": [40, 47]},
						{"origin": [2.5, 9.9, -15.43], "size": [0, 1, 1], "pivot": [2.5, 10.4, -14.93], "rotation": [-45, 0, 0], "uv": [40, 53]},
						{"origin": [-2.5, 10.4, -15.93], "size": [5, 2, 4], "inflate": 0.01, "uv": [56, 22]},
						{"origin": [-3.5, 15.15, -12.18], "size": [7, 2, 9], "inflate": 0.01, "pivot": [0, 17.275, -8.055], "rotation": [7.5, 0, 0], "uv": [0, 14]},
						{"origin": [0.25, 2.25, -9], "size": [0, 8, 5], "pivot": [0, 7.25, -5], "rotation": [-47.5, 0, 0], "uv": [16, 56]},
						{"origin": [-1.5, 12.4, -1.18], "size": [3, 3, 4], "inflate": 0.01, "pivot": [0, 17.275, -8.055], "rotation": [7.5, 0, 0], "uv": [56, 28]},
						{"origin": [-1.5, 15.08729, 1.9346], "size": [3, 2, 2], "pivot": [0, 15.58729, 1.9346], "rotation": [-37.5, 0, 0], "uv": [8, 69]},
						{"origin": [2.05, 10.55, -4.25], "size": [6, 6, 0], "pivot": [2.51014, 15.70353, -2.25], "rotation": [0, -82.5, 0], "uv": [26, 63]},
						{"origin": [-4.95, 10.55, -4.25], "size": [7, 6, 4], "inflate": 0.01, "pivot": [2.51014, 15.70353, -2.25], "rotation": [0, -82.5, 0], "uv": [32, 13]},
						{"origin": [-2.05, 10.55, -4.25], "size": [7, 6, 4], "inflate": 0.01, "pivot": [-2.51014, 15.70353, -2.25], "rotation": [0, 82.5, 0], "uv": [0, 37]},
						{"origin": [-8.05, 10.55, -4.25], "size": [6, 6, 0], "pivot": [-2.51014, 15.70353, -2.25], "rotation": [0, 82.5, 0], "uv": [38, 63]}
					]
				},
				{
					"name": "Lowerjaw2",
					"parent": "head",
					"pivot": [0, 10.48977, -13.81769],
					"rotation": [-40, 0, 0],
					"cubes": [
						{"origin": [-2, 7.82248, -12.0281], "size": [4, 4, 2], "pivot": [0, 12.82248, -11.0281], "rotation": [-40, 0, 0], "uv": [0, 63]},
						{"origin": [1.75, 9.97249, -14.74831], "size": [0, 1, 1], "pivot": [1.75, 10.47249, -14.24831], "rotation": [-85, 0, 0], "uv": [40, 51]},
						{"origin": [-1.75, 9.97249, -14.74831], "size": [0, 1, 1], "pivot": [-1.75, 10.47249, -14.24831], "rotation": [-85, 0, 0], "uv": [40, 49]}
					]
				},
				{
					"name": "bone2",
					"parent": "head",
					"pivot": [0.03553, 15, -15.19239],
					"rotation": [-45, 0, 0]
				},
				{
					"name": "bone3",
					"parent": "head",
					"pivot": [3.05, 15.15, -11.5],
					"cubes": [
						{"origin": [-3.53, 12.4, -11.95], "size": [2, 3, 2.25], "inflate": 0.01, "uv": [26, 69]},
						{"origin": [1.53, 12.4, -11.95], "size": [2, 3, 2.25], "inflate": 0.01, "uv": [34, 69]}
					]
				},
				{
					"name": "body",
					"parent": "electrike",
					"pivot": [0, 0, 0],
					"cubes": [
						{"origin": [-3.5, 4.5, -7.5], "size": [7, 6, 8], "inflate": 0.005, "pivot": [0, 7.5, -2.5], "rotation": [-5, 0, 0], "uv": [0, 0]},
						{"origin": [-3.5, 5, 0], "size": [7, 5, 3], "uv": [42, 37]},
						{"origin": [-3.5, 4.25, 2.75], "size": [7, 6, 6], "inflate": 0.01, "pivot": [1, 7.25, 4.5], "rotation": [2.5, 0, 0], "uv": [30, 25]},
						{"origin": [-1.5, 10.25, 3], "size": [3, 3, 3], "pivot": [-1, 7.25, 4.5], "rotation": [-47.5, 0, 0], "uv": [50, 63]},
						{"origin": [-1, 11, 3.5], "size": [2, 5, 2], "pivot": [-1, 7.25, 4.5], "rotation": [-47.5, 0, 0], "uv": [62, 66]},
						{"origin": [-0.5, 15, 4], "size": [1, 3, 1], "pivot": [-1, 7.25, 4.5], "rotation": [-47.5, 0, 0], "uv": [26, 56]}
					]
				},
				{
					"name": "legs",
					"parent": "electrike",
					"pivot": [-1.5, 0, -0.5]
				},
				{
					"name": "backleg_right",
					"parent": "legs",
					"pivot": [2.61596, 3.68007, 6.51422],
					"cubes": [
						{"origin": [0.5, 0.35, 5.40211], "size": [4, 3, 3], "pivot": [3, 2.05096, 6.90211], "rotation": [-15, 0, 0], "uv": [58, 0]},
						{"origin": [2.54737, 0, 3.28915], "size": [2, 1, 2], "pivot": [3.04737, 0.5, 4.78915], "rotation": [0, -15, 0], "uv": [8, 73]},
						{"origin": [0.45263, 0, 3.28915], "size": [2, 1, 2], "pivot": [1.95263, 0.5, 4.78915], "rotation": [0, 15, 0], "uv": [42, 73]},
						{"origin": [1.5, 0, 3], "size": [2, 1, 2], "inflate": 0.01, "uv": [50, 73]},
						{"origin": [0.5, 4.425, 5.34], "size": [4, 5, 4.25], "inflate": 0.01, "pivot": [2.25, 5.25, 6.75], "rotation": [45, 0, 0], "uv": [54, 13]},
						{"origin": [0.5, 0, 4.9], "size": [4, 1, 3], "uv": [62, 39]},
						{"origin": [0.5, 2.68, 5.34], "size": [4, 4, 4], "inflate": 0.005, "uv": [48, 55]},
						{"origin": [2, 6.39363, 6.80528], "size": [2, 4, 2], "pivot": [3, 7.39363, 7.80528], "rotation": [-47.47282, 1.84293, 1.68956], "uv": [18, 69]},
						{"origin": [2.5, 9.89363, 7.55528], "size": [1, 2, 1], "pivot": [3, 7.39363, 7.80528], "rotation": [-47.47282, 0, 0], "uv": [26, 60]}
					]
				},
				{
					"name": "frontleg_right",
					"parent": "legs",
					"pivot": [3.5, 3.2697, -5.50899],
					"cubes": [
						{"origin": [0.26161, 3.33506, -6.25267], "size": [4, 6, 4], "inflate": 0.01, "pivot": [1.26161, 5.93506, -4.95267], "rotation": [17.5, 0, 0], "uv": [0, 47]},
						{"origin": [0.26161, 0.58506, -4.75267], "size": [4, 5, 2], "inflate": 0.005, "pivot": [1.26161, 3.08506, -4.25267], "rotation": [-22.5, 0, 0], "uv": [58, 45]},
						{"origin": [2.26161, 2.58506, -3.75267], "size": [0, 3, 4], "pivot": [1.26161, 3.08506, -3.25267], "rotation": [7.5, 0, 0], "uv": [64, 55]}
					]
				},
				{
					"name": "foot",
					"parent": "frontleg_right",
					"pivot": [2.26161, 0.43506, -5.98487],
					"cubes": [
						{"origin": [2.30898, -0.06494, -7.41352], "size": [2, 1, 2], "pivot": [2.80898, 0.43506, -5.91352], "rotation": [0, -15, 0], "uv": [72, 3]},
						{"origin": [0.21424, -0.06494, -7.41352], "size": [2, 1, 2], "pivot": [1.71424, 0.43506, -5.91352], "rotation": [0, 15, 0], "uv": [72, 0]},
						{"origin": [1.26161, -0.06494, -7.70267], "size": [2, 1, 2], "inflate": 0.01, "uv": [70, 69]},
						{"origin": [0.26161, -0.06494, -5.70267], "size": [4, 1, 2], "uv": [62, 63]}
					]
				},
				{
					"name": "frontleg_left",
					"parent": "legs",
					"pivot": [-2.57143, 2.2697, -4.90899],
					"cubes": [
						{"origin": [-4.5, 3.4, -6.3], "size": [4, 6, 4], "inflate": 0.01, "pivot": [-1.5, 6, -5], "rotation": [17.5, 0, 0], "uv": [42, 45]},
						{"origin": [-4.5, 0.65, -4.8], "size": [4, 5, 2], "inflate": 0.005, "pivot": [-1.5, 3.15, -4.3], "rotation": [-22.5, 0, 0], "uv": [58, 6]},
						{"origin": [-3, 2.65, -3.8], "size": [0, 3, 4], "pivot": [-4, 3.15, -3.3], "rotation": [7.5, 0, 0], "uv": [32, 47]}
					]
				},
				{
					"name": "foot2",
					"parent": "frontleg_left",
					"pivot": [-2.5, 0.5, -6.0322],
					"cubes": [
						{"origin": [-3.5, 0, -7.75], "size": [2, 1, 2], "inflate": 0.01, "uv": [70, 49]},
						{"origin": [-2.45263, 0, -7.46085], "size": [2, 1, 2], "pivot": [-1.95263, 0.5, -5.96085], "rotation": [0, -15, 0], "uv": [70, 52]},
						{"origin": [-4.54737, 0, -7.46085], "size": [2, 1, 2], "pivot": [-3.04737, 0.5, -5.96085], "rotation": [0, 15, 0], "uv": [70, 66]},
						{"origin": [-4.5, 0, -5.75], "size": [4, 1, 2], "uv": [58, 52]}
					]
				},
				{
					"name": "backleg_left",
					"parent": "legs",
					"pivot": [-2.61353, 3.64257, 6.4733],
					"cubes": [
						{"origin": [-4, 5.39363, 6.80528], "size": [2, 5, 2], "pivot": [-3, 7.39363, 7.80528], "rotation": [-47.47282, -1.84293, -1.68956], "uv": [0, 69]},
						{"origin": [-3.5, 9.89363, 7.55528], "size": [1, 2, 1], "pivot": [-3, 7.39363, 7.80528], "rotation": [-47.47282, 0, 0], "uv": [12, 63]},
						{"origin": [-4.5, 0.35, 5.40211], "size": [4, 3, 3], "pivot": [-3, 2.05096, 6.90211], "rotation": [-15, 0, 0], "uv": [0, 57]},
						{"origin": [-4.54737, 0, 3.28915], "size": [2, 1, 2], "pivot": [-3.04737, 0.5, 4.78915], "rotation": [0, 15, 0], "uv": [70, 15]},
						{"origin": [-2.45263, 0, 3.28915], "size": [2, 1, 2], "pivot": [-1.95263, 0.5, 4.78915], "rotation": [0, -15, 0], "uv": [70, 18]},
						{"origin": [-3.5, 0, 3], "size": [2, 1, 2], "inflate": 0.01, "uv": [70, 28]},
						{"origin": [-4.5, 4.425, 5.34], "size": [4, 5, 4.25], "inflate": 0.01, "pivot": [-2.25, 5.25, 6.75], "rotation": [45, 0, 0], "uv": [16, 47]},
						{"origin": [-4.5, 0, 4.9], "size": [4, 1, 3], "uv": [62, 35]},
						{"origin": [-4.5, 2.68, 5.34], "size": [4, 4, 4], "inflate": 0.005, "uv": [32, 55]}
					]
				}
			]
		}
	]
}