{
	"format_version": "1.12.0",
	"minecraft:geometry": [
		{
			"description": {
				"identifier": "geometry.unknown",
				"texture_width": 512,
				"texture_height": 512,
				"visible_bounds_width": 30,
				"visible_bounds_height": 9.5,
				"visible_bounds_offset": [0, 4.25, 0]
			},
			"bones": [
				{
					"name": "rayquaza",
					"pivot": [0, 0, 0]
				},
				{
					"name": "bodyseg1",
					"parent": "rayquaza",
					"pivot": [-2, 66.5, -159.5]
				},
				{
					"name": "head",
					"parent": "bodyseg1",
					"pivot": [0, 66.70015, -155.41745],
					"cubes": [
						{"origin": [-9, 58.70015, -171.01745], "size": [18, 16, 15], "inflate": -0.12, "uv": [96, 0]},
						{"origin": [-8.85858, 71.68766, -171.01745], "size": [0, 35, 18], "pivot": [-8.85858, 74.48766, -166.01745], "rotation": [0, 0, -47.5], "uv": [118, 157]},
						{"origin": [8.85858, 71.68766, -171.01745], "size": [0, 35, 18], "pivot": [8.85858, 74.48766, -166.01745], "rotation": [0, 0, 47.5], "uv": [118, 157], "mirror": true},
						{"origin": [14.2, 76.30015, -171.01745], "size": [0, 24, 18], "pivot": [9, 71.30015, -163.51745], "rotation": [0, 0, 137.5], "uv": [210, 61]},
						{"origin": [14.2, 76.30015, -171.01745], "size": [0, 24, 18], "pivot": [9, 71.30015, -163.51745], "rotation": [0, 0, 137.5], "uv": [210, 61]},
						{"origin": [14.2, 76.30015, -171.01745], "size": [0, 24, 18], "pivot": [9, 71.30015, -163.51745], "rotation": [0, 0, 137.5], "uv": [210, 61]},
						{"origin": [14.2, 76.30015, -171.01745], "size": [0, 24, 18], "pivot": [9, 71.30015, -163.51745], "rotation": [0, 0, 137.5], "uv": [210, 61]},
						{"origin": [-14.2, 76.30015, -171.01745], "size": [0, 24, 18], "pivot": [-9, 71.30015, -163.51745], "rotation": [0, 0, -137.5], "uv": [210, 61], "mirror": true},
						{"origin": [-14.2, 76.30015, -171.01745], "size": [0, 24, 18], "pivot": [-9, 71.30015, -163.51745], "rotation": [0, 0, -137.5], "uv": [210, 61], "mirror": true}
					]
				},
				{
					"name": "head2",
					"parent": "head",
					"pivot": [0, 72.45611, -170.52213],
					"rotation": [-17.5, 0, 0],
					"cubes": [
						{"origin": [-3, 58.33082, -190.36571], "size": [6, 7, 11], "pivot": [0, 64.23082, -183.86571], "rotation": [17.5, 0, 0], "uv": [0, 221]},
						{"origin": [-6, 58.33082, -179.46571], "size": [12, 10, 13], "pivot": [0, 64.23082, -183.86571], "rotation": [17.5, 0, 0], "uv": [102, 217]},
						{"origin": [-4.94824, 58.63082, -178.17252], "size": [3, 10, 11], "pivot": [0, 64.73082, -182.86571], "rotation": [18.07779, -14.2906, -4.60659], "uv": [224, 103]},
						{"origin": [-4.94824, 58.63082, -189.37252], "size": [3, 7, 11.2], "pivot": [0, 64.73082, -182.86571], "rotation": [18.07779, -14.2906, -4.60659], "uv": [224, 124]},
						{"origin": [1.94824, 58.63082, -189.37252], "size": [3, 7, 11.2], "pivot": [0, 64.73082, -182.86571], "rotation": [18.07779, 14.2906, 4.60659], "uv": [224, 124], "mirror": true},
						{"origin": [1.94824, 58.63082, -178.17252], "size": [3, 10, 11], "pivot": [0, 64.73082, -182.86571], "rotation": [18.07779, 14.2906, 4.60659], "uv": [196, 225]},
						{"origin": [-5.01, 65.63082, -190.36571], "size": [0, 8, 23], "pivot": [0, 64.73082, -182.86571], "rotation": [18.07779, -14.2906, -4.60659], "uv": [212, 143]},
						{"origin": [5.01, 65.63082, -190.36571], "size": [0, 8, 23], "pivot": [0, 64.73082, -182.86571], "rotation": [18.07779, 14.2906, 4.60659], "uv": [212, 143], "mirror": true}
					]
				},
				{
					"name": "teeth",
					"parent": "head2",
					"pivot": [-9.54843, 63.67169, -169.26472],
					"cubes": [
						{"origin": [8.47948, 57.94326, -174.35468], "size": [0, 3, 3], "pivot": [9.54843, 63.67169, -169.26472], "rotation": [-26.92221, 14.2906, 4.60659], "uv": [48, 221], "mirror": true},
						{"origin": [8.47948, 54.74326, -177.55468], "size": [0, 3, 3], "pivot": [9.54843, 63.67169, -169.26472], "rotation": [-26.92221, 14.2906, 4.60659], "uv": [48, 221], "mirror": true},
						{"origin": [8.47948, 49.74326, -182.55468], "size": [0, 3, 3], "pivot": [9.54843, 63.67169, -169.26472], "rotation": [-26.92221, 14.2906, 4.60659], "uv": [48, 227], "mirror": true},
						{"origin": [-8.47948, 49.74326, -182.55468], "size": [0, 3, 3], "pivot": [-9.54843, 63.67169, -169.26472], "rotation": [-26.92221, -14.2906, -4.60659], "uv": [48, 227]},
						{"origin": [-8.47948, 54.74326, -177.55468], "size": [0, 3, 3], "pivot": [-9.54843, 63.67169, -169.26472], "rotation": [-26.92221, -14.2906, -4.60659], "uv": [48, 221]},
						{"origin": [-8.47948, 57.94326, -174.35468], "size": [0, 3, 3], "pivot": [-9.54843, 63.67169, -169.26472], "rotation": [-26.92221, -14.2906, -4.60659], "uv": [48, 221]}
					]
				},
				{
					"name": "eyes",
					"parent": "head2",
					"pivot": [-6.77077, 66.48489, -176.96995]
				},
				{
					"name": "eye_right",
					"parent": "eyes",
					"pivot": [-6.77077, 66.48489, -176.96995],
					"cubes": [
						{"origin": [-6.87077, 63.48489, -182.96995], "size": [0, 6, 12], "pivot": [-6.77077, 66.48489, -176.96995], "rotation": [23.07779, -14.2906, -4.60659], "uv": [224, 225]},
						{"origin": [-6.9, 64.08489, -179.46995], "size": [0, 3, 4], "pivot": [-6.77077, 66.48489, -176.96995], "rotation": [23.07779, -14.2906, -4.60659], "uv": [142, 210]}
					]
				},
				{
					"name": "blinkder1",
					"parent": "eye_right",
					"pivot": [-6.77077, 66.48489, -176.96995],
					"cubes": [
						{"origin": [-6.89, 64.48489, -179.96995], "size": [0, 3, 4], "pivot": [-6.77077, 66.48489, -176.96995], "rotation": [23.07779, -14.2906, -4.60659], "uv": [202, 61]}
					]
				},
				{
					"name": "eye_left",
					"parent": "eyes",
					"pivot": [6.77077, 66.48489, -176.96995],
					"cubes": [
						{"origin": [6.87077, 63.48489, -182.96995], "size": [0, 6, 12], "pivot": [6.77077, 66.48489, -176.96995], "rotation": [23.07779, 14.2906, 4.60659], "uv": [224, 225], "mirror": true},
						{"origin": [6.9, 64.08489, -179.46995], "size": [0, 3, 4], "pivot": [6.77077, 66.48489, -176.96995], "rotation": [23.07779, 14.2906, 4.60659], "uv": [142, 210], "mirror": true}
					]
				},
				{
					"name": "blinkder2",
					"parent": "eye_left",
					"pivot": [6.77077, 66.48489, -176.96995],
					"cubes": [
						{"origin": [6.89, 64.48489, -179.96995], "size": [0, 3, 4], "pivot": [6.77077, 66.48489, -176.96995], "rotation": [23.07779, 14.2906, 4.60659], "uv": [202, 61], "mirror": true}
					]
				},
				{
					"name": "jaw",
					"parent": "head2",
					"pivot": [0, 64.43927, -168.41565],
					"rotation": [15, 0, 0],
					"cubes": [
						{"origin": [-7.96608, 55.01521, -175.75593], "size": [0, 3, 3], "pivot": [-9.54843, 63.67169, -169.26472], "rotation": [-26.92221, -14.2906, -4.60659], "uv": [48, 221]},
						{"origin": [-7.96608, 58.21521, -172.55593], "size": [0, 3, 3], "pivot": [-9.54843, 63.67169, -169.26472], "rotation": [-26.92221, -14.2906, -4.60659], "uv": [48, 221]},
						{"origin": [7.96608, 58.21521, -172.55593], "size": [0, 3, 3], "pivot": [9.54843, 63.67169, -169.26472], "rotation": [-26.92221, 14.2906, 4.60659], "uv": [48, 221], "mirror": true},
						{"origin": [7.96608, 55.01521, -175.75593], "size": [0, 3, 3], "pivot": [9.54843, 63.67169, -169.26472], "rotation": [-26.92221, 14.2906, 4.60659], "uv": [48, 221], "mirror": true},
						{"origin": [-6, 54.33082, -177.46571], "size": [12, 4, 9], "pivot": [0, 64.23082, -183.86571], "rotation": [17.5, 0, 0], "uv": [166, 143]},
						{"origin": [-3, 53.43082, -188.46571], "size": [6, 4, 14], "pivot": [0, 64.23082, -186.86571], "rotation": [17.5, 0, 0], "uv": [220, 0]},
						{"origin": [-3.7, 53.73082, -187.66571], "size": [3, 4, 21], "pivot": [0, 64.73082, -185.86571], "rotation": [18.07779, -14.2906, -4.60659], "uv": [212, 200]},
						{"origin": [0.7, 53.73082, -187.66571], "size": [3, 4, 21], "pivot": [0, 64.73082, -185.86571], "rotation": [18.07779, 14.2906, 4.60659], "uv": [54, 217]}
					]
				},
				{
					"name": "bone",
					"parent": "bodyseg1",
					"pivot": [0, 66.5, -157],
					"cubes": [
						{"origin": [-6, 60, -160], "size": [12, 13, 18], "uv": [58, 157]}
					]
				},
				{
					"name": "bodyseg2",
					"parent": "bone",
					"pivot": [0, 66.5, -142.5],
					"cubes": [
						{"origin": [-5, 61, -142], "size": [10, 11, 17], "uv": [0, 193]}
					]
				},
				{
					"name": "bodyseg3",
					"parent": "bodyseg2",
					"pivot": [0, 67.45697, -130],
					"cubes": [
						{"origin": [-4, 71, -125], "size": [0, 20, 29], "pivot": [-6, 73, -112], "rotation": [0, 0, -40], "uv": [0, 114]},
						{"origin": [4, 71, -125], "size": [0, 20, 29], "pivot": [6, 73, -112], "rotation": [0, 0, 40], "uv": [0, 114], "mirror": true},
						{"origin": [-6, 59, -125], "size": [12, 14, 29], "uv": [0, 31]}
					]
				},
				{
					"name": "arms",
					"parent": "bodyseg3",
					"pivot": [0, 67.45697, -126]
				},
				{
					"name": "smalll",
					"parent": "arms",
					"pivot": [5, 65, -115],
					"cubes": [
						{"origin": [5, 64, -118], "size": [7, 6, 6], "uv": [26, 239]}
					]
				},
				{
					"name": "larm1",
					"parent": "smalll",
					"pivot": [14, 67, -115],
					"cubes": [
						{"origin": [12, 65, -117], "size": [17, 4, 4], "uv": [160, 61], "mirror": true}
					]
				},
				{
					"name": "larm2",
					"parent": "larm1",
					"pivot": [28, 67, -115],
					"cubes": [
						{"origin": [29, 65, -117], "size": [14, 4, 4], "uv": [220, 18]}
					]
				},
				{
					"name": "lhand",
					"parent": "larm2",
					"pivot": [40.5, 66, -115],
					"cubes": [
						{"origin": [43, 65, -119], "size": [4, 5, 8], "uv": [126, 240]}
					]
				},
				{
					"name": "lfing1",
					"parent": "lhand",
					"pivot": [46.75, 65.5, -118],
					"cubes": [
						{"origin": [46, 64, -120], "size": [4, 3, 3], "uv": [196, 217]},
						{"origin": [50, 64.5, -119.5], "size": [2, 2, 2], "uv": [210, 109], "mirror": true},
						{"origin": [52, 65, -118.5], "size": [2, 1, 0], "uv": [82, 71], "mirror": true},
						{"origin": [52, 64.5, -118.5], "size": [1, 2, 0], "uv": [82, 72], "mirror": true}
					]
				},
				{
					"name": "fling2",
					"parent": "lhand",
					"pivot": [46.75, 69.5, -115],
					"cubes": [
						{"origin": [46, 68, -117], "size": [4, 3, 3], "uv": [34, 221]},
						{"origin": [52, 68.5, -115.5], "size": [1, 2, 0], "uv": [82, 72], "mirror": true},
						{"origin": [52, 69, -115.5], "size": [2, 1, 0], "uv": [82, 71], "mirror": true},
						{"origin": [50, 68.5, -116.5], "size": [2, 2, 2], "uv": [210, 109], "mirror": true}
					]
				},
				{
					"name": "lfinggne3",
					"parent": "lhand",
					"pivot": [46.75, 65.5, -111],
					"cubes": [
						{"origin": [50, 64.5, -112.5], "size": [2, 2, 2], "uv": [210, 109], "mirror": true},
						{"origin": [46, 64, -113], "size": [4, 3, 3], "uv": [34, 227]},
						{"origin": [52, 65, -111.5], "size": [2, 1, 0], "uv": [82, 71], "mirror": true},
						{"origin": [52, 64.5, -111.5], "size": [1, 2, 0], "uv": [82, 72], "mirror": true}
					]
				},
				{
					"name": "smallr",
					"parent": "arms",
					"pivot": [-5, 65, -115],
					"cubes": [
						{"origin": [-12, 64, -118], "size": [7, 6, 6], "uv": [0, 239]}
					]
				},
				{
					"name": "rarm1",
					"parent": "smallr",
					"pivot": [-14, 67, -115],
					"cubes": [
						{"origin": [-29, 65, -117], "size": [17, 4, 4], "uv": [160, 61]}
					]
				},
				{
					"name": "rarm2",
					"parent": "rarm1",
					"pivot": [-28, 67, -115],
					"cubes": [
						{"origin": [-43, 65, -117], "size": [14, 4, 4], "uv": [218, 50]}
					]
				},
				{
					"name": "rhand",
					"parent": "rarm2",
					"pivot": [-40.5, 66, -115],
					"cubes": [
						{"origin": [-47, 65, -119], "size": [4, 5, 8], "uv": [102, 240]}
					]
				},
				{
					"name": "rfinger3",
					"parent": "rhand",
					"pivot": [-46.75, 65.5, -118],
					"cubes": [
						{"origin": [-50, 64, -120], "size": [4, 3, 3], "uv": [114, 210]},
						{"origin": [-52, 64.5, -119.5], "size": [2, 2, 2], "uv": [210, 109]},
						{"origin": [-54, 65, -118.5], "size": [2, 1, 0], "uv": [82, 71]},
						{"origin": [-53, 64.5, -118.5], "size": [1, 2, 0], "uv": [82, 72]}
					]
				},
				{
					"name": "rfinger2",
					"parent": "rhand",
					"pivot": [-46.75, 69.5, -115],
					"cubes": [
						{"origin": [-50, 68, -117], "size": [4, 3, 3], "uv": [210, 103]},
						{"origin": [-52, 68.5, -116.5], "size": [2, 2, 2], "uv": [210, 109]},
						{"origin": [-53, 68.5, -115.5], "size": [1, 2, 0], "uv": [82, 72]},
						{"origin": [-54, 69, -115.5], "size": [2, 1, 0], "uv": [82, 71]}
					]
				},
				{
					"name": "rfinger",
					"parent": "rhand",
					"pivot": [-46.75, 65.5, -111],
					"cubes": [
						{"origin": [-52, 64.5, -112.5], "size": [2, 2, 2], "uv": [210, 109]},
						{"origin": [-50, 64, -113], "size": [4, 3, 3], "uv": [128, 210]},
						{"origin": [-54, 65, -111.5], "size": [2, 1, 0], "uv": [82, 71]},
						{"origin": [-53, 64.5, -111.5], "size": [1, 2, 0], "uv": [82, 72]}
					]
				},
				{
					"name": "bodyseg4",
					"parent": "bodyseg3",
					"pivot": [0, 66.5, -94.5],
					"cubes": [
						{"origin": [-5, 61, -97], "size": [10, 11, 19], "uv": [154, 157]}
					]
				},
				{
					"name": "bodyseg5",
					"parent": "bodyseg4",
					"pivot": [0, 66.5, -78.5],
					"cubes": [
						{"origin": [-5, 61, -78], "size": [10, 11, 19], "uv": [160, 31]}
					]
				},
				{
					"name": "bodyseg6",
					"parent": "bodyseg5",
					"pivot": [0, 66.625, -60.5],
					"cubes": [
						{"origin": [0, 73, -60], "size": [0, 15, 27], "uv": [156, 71]},
						{"origin": [60, 133, -60], "size": [0, 16, 27], "pivot": [60, 67, -62], "rotation": [0, 0, -90], "uv": [112, 114]},
						{"origin": [-60, 133, -60], "size": [0, 16, 27], "pivot": [-60, 67, -62], "rotation": [0, 0, 90], "uv": [112, 114], "mirror": true},
						{"origin": [0, 45, -60], "size": [0, 16, 27], "pivot": [0, 52.5, 16.4], "rotation": [0, 0, -180], "uv": [58, 114]},
						{"origin": [-6, 60, -60], "size": [12, 13, 27], "uv": [0, 74]}
					]
				},
				{
					"name": "bodyseg7",
					"parent": "bodyseg6",
					"pivot": [0, 66.5, -32.5],
					"cubes": [
						{"origin": [-5, 61, -34], "size": [10, 11, 19], "uv": [162, 0]}
					]
				},
				{
					"name": "bodyseg8",
					"parent": "bodyseg7",
					"pivot": [0, 66.5, -15.5],
					"cubes": [
						{"origin": [-5, 61, -15], "size": [10, 11, 19], "uv": [154, 187]}
					]
				},
				{
					"name": "bodyseg9",
					"parent": "bodyseg8",
					"pivot": [0, 66.625, -0.25],
					"cubes": [
						{"origin": [-6, 60, 3.2], "size": [12, 13, 27], "uv": [78, 74]},
						{"origin": [0, 73, 3.2], "size": [0, 15, 27], "uv": [156, 71]},
						{"origin": [60, 133, 3.2], "size": [0, 16, 27], "pivot": [60, 67, 1.2], "rotation": [0, 0, -90], "uv": [112, 114]},
						{"origin": [-60, 133, 3.2], "size": [0, 16, 27], "pivot": [-60, 67, 1.2], "rotation": [0, 0, 90], "uv": [112, 114], "mirror": true},
						{"origin": [0, 45, 3.2], "size": [0, 16, 27], "pivot": [0, 52.5, 16.4], "rotation": [0, 0, -180], "uv": [58, 114]}
					]
				},
				{
					"name": "seg10",
					"parent": "bodyseg9",
					"pivot": [0, 66.5, 26.5],
					"cubes": [
						{"origin": [-5, 61, 29], "size": [10, 11, 19], "uv": [0, 163]}
					]
				},
				{
					"name": "seg11",
					"parent": "seg10",
					"pivot": [0, 66.5, 47.5],
					"cubes": [
						{"origin": [-5, 61, 48], "size": [10, 11, 19], "uv": [166, 113]}
					]
				},
				{
					"name": "seg12",
					"parent": "seg11",
					"pivot": [0, 66.625, 60.5],
					"cubes": [
						{"origin": [-6, 60, 65.8], "size": [12, 13, 27], "uv": [82, 31]},
						{"origin": [0, 73, 65.8], "size": [0, 15, 27], "uv": [156, 71]},
						{"origin": [60, 133, 65.8], "size": [0, 16, 27], "pivot": [60, 67, 63.8], "rotation": [0, 0, -90], "uv": [112, 114]},
						{"origin": [-60, 133, 65.8], "size": [0, 16, 27], "pivot": [-60, 67, 63.8], "rotation": [0, 0, 90], "uv": [112, 114], "mirror": true},
						{"origin": [0, 45, 65.8], "size": [0, 16, 27], "pivot": [0, 52.5, 16.4], "rotation": [0, 0, -180], "uv": [58, 114]}
					]
				},
				{
					"name": "seg13",
					"parent": "seg12",
					"pivot": [0, 66.5, 87.5],
					"cubes": [
						{"origin": [-5, 61, 92], "size": [10, 11, 18], "uv": [58, 188]}
					]
				},
				{
					"name": "seg14",
					"parent": "seg13",
					"pivot": [0, 66.5, 104.5],
					"cubes": [
						{"origin": [-4, 62, 105], "size": [8, 9, 17], "uv": [212, 174]}
					]
				},
				{
					"name": "tip",
					"parent": "seg14",
					"pivot": [0, 66.5, 122],
					"cubes": [
						{"origin": [-1.5, 65, 138], "size": [3, 3, 17], "uv": [218, 30]},
						{"origin": [-18, 66.5, 124], "size": [17, 0, 31], "uv": [0, 0]},
						{"origin": [1, 66.5, 124], "size": [17, 0, 31], "uv": [0, 0], "mirror": true},
						{"origin": [-3, 63, 122], "size": [6, 7, 16], "uv": [152, 217]}
					]
				}
			]
		}
	]
}