{
	"format_version": "1.12.0",
	"minecraft:geometry": [
		{
			"description": {
				"identifier": "geometry.celebi",
				"texture_width": 32,
				"texture_height": 32,
				"visible_bounds_width": 2,
				"visible_bounds_height": 2.5,
				"visible_bounds_offset": [0, 0.75, 0]
			},
			"bones": [
				{
					"name": "celebi",
					"pivot": [0, 0, 0]
				},
				{
					"name": "body",
					"parent": "celebi",
					"pivot": [0, 0, 0]
				},
				{
					"name": "head",
					"parent": "body",
					"pivot": [0, 5.14, 0],
					"cubes": [
						{"origin": [-2.5, 5, -3], "size": [5, 5, 5], "uv": [0, 8]},
						{"origin": [-2, 5.5, 0], "size": [4, 5, 4], "uv": [0, 23]},
						{"origin": [-1, 7, 2], "size": [2, 4, 3], "uv": [16, 25]},
						{"origin": [-1.7, 8.6, -6], "size": [0, 5, 3], "pivot": [-1.7, 11.1, -4.5], "rotation": [0, 0, -12.5], "uv": [0, 15]},
						{"origin": [1.7, 8.6, -6], "size": [0, 5, 3], "pivot": [1.7, 11.1, -4.5], "rotation": [0, 0, 12.5], "uv": [0, 15], "mirror": true}
					]
				},
				{
					"name": "mouth",
					"parent": "head",
					"pivot": [0, 4, 0]
				},
				{
					"name": "open",
					"parent": "mouth",
					"pivot": [0, 4, 1],
					"cubes": [
						{"origin": [-0.5, 5.3, -2.001], "size": [1, 1, 0], "uv": [20, 16]},
						{"origin": [-0.25, 4.6, -2.002], "size": [1, 1, 0], "uv": [20, 17]}
					]
				},
				{
					"name": "closed",
					"parent": "mouth",
					"pivot": [0, 4, 0],
					"cubes": [
						{"origin": [-0.5, 5.3, -3.001], "size": [1, 1, 0], "uv": [22, 16]},
						{"origin": [-0.25, 5.1, -3.002], "size": [1, 1, 0], "uv": [22, 17]}
					]
				},
				{
					"name": "eyes",
					"parent": "head",
					"pivot": [0, 4, 0]
				},
				{
					"name": "eyes_closed",
					"parent": "eyes",
					"pivot": [0, 4, 0]
				},
				{
					"name": "front",
					"parent": "eyes_closed",
					"pivot": [0, 4, 1],
					"cubes": [
						{"origin": [-2.5, 5, -2.001], "size": [5, 5, 0], "uv": [0, 3]}
					]
				},
				{
					"name": "left_eyes",
					"parent": "eyes_closed",
					"pivot": [1, 4, 0],
					"cubes": [
						{"origin": [-1.501, 5, -3], "size": [0, 5, 4], "uv": [10, -1], "mirror": true}
					]
				},
				{
					"name": "right_eyes",
					"parent": "eyes_closed",
					"pivot": [-1, 4, 0],
					"cubes": [
						{"origin": [1.501, 5, -3], "size": [0, 5, 4], "uv": [10, -1]}
					]
				},
				{
					"name": "hips",
					"parent": "body",
					"pivot": [0, 5, 0],
					"cubes": [
						{"origin": [-1.5, 2, -1], "size": [3, 3, 2], "uv": [15, 8]}
					]
				},
				{
					"name": "wings",
					"parent": "hips",
					"pivot": [0, 0, 0]
				},
				{
					"name": "right_wings",
					"parent": "wings",
					"pivot": [-0.5, 4, 1],
					"cubes": [
						{"origin": [-0.5, 2, 1], "size": [0, 3, 5], "pivot": [-0.5, 3.5, 1], "rotation": [0, -45, 0], "uv": [19, 17]}
					]
				},
				{
					"name": "left_wings",
					"parent": "wings",
					"pivot": [0.5, 4, 1],
					"cubes": [
						{"origin": [0.5, 2, 1], "size": [0, 3, 5], "pivot": [0.5, 3.5, 1], "rotation": [0, 45, 0], "uv": [19, 17], "mirror": true}
					]
				},
				{
					"name": "hands",
					"parent": "body",
					"pivot": [0, 0, 0]
				},
				{
					"name": "right_hands",
					"parent": "hands",
					"pivot": [1, 5, 0],
					"cubes": [
						{"origin": [1.5, 2, 0], "size": [6, 3, 0], "uv": [20, 13], "mirror": true}
					]
				},
				{
					"name": "left_hands",
					"parent": "hands",
					"pivot": [-1, 5, 0],
					"cubes": [
						{"origin": [-7.5, 2, 0], "size": [6, 3, 0], "uv": [20, 13]}
					]
				},
				{
					"name": "legs",
					"parent": "body",
					"pivot": [0, 0, 0]
				},
				{
					"name": "right_legs",
					"parent": "legs",
					"pivot": [0.8, 2.5, 0],
					"cubes": [
						{"origin": [0.3, 0, -0.5], "size": [1, 3, 1], "uv": [26, 28], "mirror": true}
					]
				},
				{
					"name": "right_foot",
					"parent": "right_legs",
					"pivot": [0.8, 0, 0.3],
					"cubes": [
						{"origin": [-0.2, 0, -2.2], "size": [2, 0, 3], "uv": [25, 25], "mirror": true}
					]
				},
				{
					"name": "left_legs",
					"parent": "legs",
					"pivot": [-0.8, 2.5, 0],
					"cubes": [
						{"origin": [-1.3, 0, -0.5], "size": [1, 3, 1], "uv": [26, 28]}
					]
				},
				{
					"name": "left_foot",
					"parent": "left_legs",
					"pivot": [-0.8, 0, 0.3],
					"cubes": [
						{"origin": [-1.8, 0, -2.2], "size": [2, 0, 3], "uv": [25, 25]}
					]
				}
			]
		}
	]
}