{
  "type": "minecraft:crafting_shaped",
  "category": "misc",
  "pattern": [
    " f ",
    "dld",
    " z "
  ],
  "key": {
    "f": {
      "item": "minecraft:gold_ingot"
    },
    "l": {
      "item": "minecraft:iron_ingot"
    },
    "z": {
	    "item": "minecraft:iron_nugget"
	  },
    "d": {
      "item": "minecraft:diamond"
    }
  },
  "result": {
    "id": "minecraft:paper",
    "components": {
      "minecraft:custom_model_data": 200,
      "minecraft:item_name": "{\"extra\":[{\"color\":\"aqua\",\"italic\":false,\"text\": \"DNA Splicers\"}],\"italic\":false,\"text\":\"\"}",
      "minecraft:lore": [
        "{\"color\":\"gray\",\"text\":\"Changes the form of Kyurem.\"}"
      ],
      "flourish:showdown_item": "dnaspicers"
    }
  }
}