{
  "species": "cobblemon:celebi",
  "order": 0,
  "variations": [
    {
      "aspects": [],
      "poser": "cobblemon:celebi",
      "model": "cobblemon:celebi.geo",
      "texture": "cobblemon:textures/pokemon/0251_celebi/celebi.png",
      "layers": [
        {
          "name": "wings",
          "emissive": false,
          "texture": "cobblemon:textures/pokemon/0251_celebi/celebi_wings.png",
          "translucent": true
    }
      ]
    },
    {
      "aspects": [
        "shiny"
      ],
      "texture": "cobblemon:textures/pokemon/0251_celebi/celebi_shiny.png",
      "layers": [
        {
          "name": "wings",
          "emissive": false,
          "texture": "cobblemon:textures/pokemon/0251_celebi/celebi_wings.png",
          "translucent": true
    }
      ]
    }
  ]
}