{
	"target": "cobblemon:eevee",
	"moves": [
		"1:tailwhip",
		"1:tackle",
		"1:helpinghand",
		"1:growl",
		"1:covet",
		"5:sandattack",
		"10:quickattack",
		"15:babydolleyes",
		"20:refresh",
		"25:bite",
		"30:copycat",
		"35:batonpass",
		"40:takedown",
		"45:trumpcard",
		"50:doubleedge",
		"55:lastresort",
		"tm:dig",
		"tm:facade",
		"tm:headbutt",
		"tm:helpinghand",
		"tm:irontail",
		"tm:payday",
		"tm:protect",
		"tm:reflect",
		"tm:rest",
		"tm:shadowball",
		"tm:substitute",
		"tm:toxic",
		"tutor:baddybad",
		"tutor:bite",
		"tutor:bouncybubble",
		"tutor:buzzybuzz",
		"tutor:dig",
		"tutor:doubleedge",
		"tutor:doublekick",
		"tutor:facade",
		"tutor:freezyfrost",
		"tutor:glitzyglow",
		"tutor:growl",
		"tutor:headbutt",
		"tutor:helpinghand",
		"tutor:irontail",
		"tutor:payday",
		"tutor:protect",
		"tutor:quickattack",
		"tutor:reflect",
		"tutor:rest",
		"tutor:sandattack",
		"tutor:sappyseed",
		"tutor:shadowball",
		"tutor:sizzlyslide",
		"tutor:sparklyswirl",
		"tutor:substitute",
		"tutor:swift",
		"tutor:tackle",
		"tutor:tailwhip",
		"tutor:takedown",
		"tutor:toxic",
		"tutor:veeveevolley"
	],
	"forms": [
		{
			"name": "Regional",
			"primaryType": "fighting",
			"abilities": [
				"runaway",
				"cutecharm",
				"h:rattled"
			],
			"baseStats": {
				"hp": 60,
				"attack": 55,
				"defence": 65,
				"special_attack": 40,
				"special_defence": 55,
				"speed": 55
			},
			"catchRate": 45,
			"maleRatio": 0.875,
			"shoulderMountable": true,
			"baseExperienceYield": 87,
			"baseFriendship": 50,
			"evYield": {
				"hp": 0,
				"attack": 0,
				"defence": 1,
				"special_attack": 0,
				"special_defence": 0,
				"speed": 0
			},
			"experienceGroup": "medium_fast",
			"eggCycles": 35,
			"eggGroups": ["field"],
			"moves": [
				"1:growl",
				"1:tackle",
				"3:tailwhip",
				"6:quickattack",
				"10:doublekick",
				"14:sandattack",
				"17:bite",
				"21:swift",
				"24:takedown",
				"28:doubleedge",
				"30:copycat",
				"31:helpinghand",
				"34:batonpass",
				"tm:dig",
				"tm:facade",
				"tm:headbutt",
				"tm:helpinghand",
				"tm:irontail",
				"tm:payday",
				"tm:protect",
				"tm:reflect",
				"tm:rest",
				"tm:shadowball",
				"tm:shadowclaw",
				"tm:substitute",
				"tm:toxic",
				"tm:hypervoice",
				"tm:bulkup",
				"tm:batonpass",
				"tm:rocksmash",
				"tm:raindance",
				"tm:endure",
				"tm:bodyslam",
				"tutor:bite",
				"tutor:dig",
				"tutor:doubleedge",
				"tutor:doublekick",
				"tutor:facade",
				"tutor:growl",
				"tutor:headbutt",
				"tutor:helpinghand",
				"tutor:irontail",
				"tutor:payday",
				"tutor:protect",
				"tutor:quickattack",
				"tutor:reflect",
				"tutor:rest",
				"tutor:sandattack",
				"tutor:shadowball",
				"tutor:shadowclaw",
				"tutor:substitute",
				"tutor:swift",
				"tutor:tackle",
				"tutor:tailwhip",
				"tutor:takedown",
				"tutor:toxic"
			],
			"labels": [
				"gen9",
				"custom_regional",
				"customized_official",
				"custom"
			],
			"pokedex": [
				"cobblemon.species.eevee.desc1",
				"cobblemon.species.eevee.desc2"
			],
			"aspects": ["regional"],
			"height": 3,
			"weight": 65,
			"evolutions": [
				{
				  "id": "eevee_r_jolteon",
				  "variant": "item_interact",
				  "result": "jolteon",
				  "consumeHeldItem": true,
				  "learnableMoves": [
					"thundershock"
				  ],
				  "requirements": [],
				  "requiredContext": "cobblemon:thunder_stone"
				},
				{
				  "id": "eevee_r_vaporeon",
				  "variant": "item_interact",
				  "result": "vaporeon",
				  "consumeHeldItem": true,
				  "learnableMoves": [
					"watergun"
				  ],
				  "requirements": [],
				  "requiredContext": "cobblemon:water_stone"
				},
				{
				  "id": "eevee_r_flareon",
				  "variant": "item_interact",
				  "result": "flareon",
				  "consumeHeldItem": true,
				  "learnableMoves": [
					"ember"
				  ],
				  "requirements": [],
				  "requiredContext": "cobblemon:fire_stone"
				},
				{
				  "id": "eevee_r_espeon",
				  "variant": "level_up",
				  "result": "espeon",
				  "consumeHeldItem": true,
				  "learnableMoves": [
					"confusion"
				  ],
				  "requirements": [
					{
					  "variant": "friendship",
					  "amount": 160
					},
					{
					  "variant": "time_range",
					  "range": "day"
					}
				  ]
				},
				{
				  "id": "eevee_r_umbreon",
				  "variant": "level_up",
				  "result": "umbreon",
				  "consumeHeldItem": true,
				  "learnableMoves": [
					"pursuit",
					"snarl"
				  ],
				  "requirements": [
					{
					  "variant": "friendship",
					  "amount": 160
					},
					{
					  "variant": "time_range",
					  "range": "night"
					}
				  ]
				},
				{
				  "id": "eevee_r_sylveon",
				  "variant": "level_up",
				  "result": "sylveon",
				  "consumeHeldItem": false,
				  "learnableMoves": [
					"fairywind",
					"disarmingvoice"
				  ],
				  "requirements": [
					{
					  "variant": "friendship",
					  "amount": 160
					},
					{
					  "variant": "has_move_type",
					  "type": "fairy"
					}
				  ]
				},
				{
				  "id": "eevee_r_leafeon",
				  "variant": "item_interact",
				  "result": "leafeon",
				  "consumeHeldItem": true,
				  "learnableMoves": [
					"razorleaf"
				  ],
				  "requirements": [],
				  "requiredContext": "cobblemon:leaf_stone"
				},
				{
				  "id": "eevee_r_glaceon",
				  "variant": "item_interact",
				  "result": "glaceon",
				  "consumeHeldItem": true,
				  "learnableMoves": [
					"icywind"
				  ],
				  "requirements": [],
				  "requiredContext": "cobblemon:ice_stone"
				},
				{
				  "id": "eevee_r_spectreon",
				  "variant": "level_up",
				  "result": "spectreon",
				  "consumeHeldItem": false,
				  "learnableMoves": [],
				  "requirements": [
					{
					  "variant": "friendship",
					  "amount": 160
					},
					{
					  "variant": "biome",
					  "biomeCondition": "minecraft:soul_sand_valley"
					}
				  ]
				},
				{
				  "id": "eevee_r_wyveon",
				  "variant": "level_up",
				  "result": "wyveon",
				  "consumeHeldItem": false,
				  "learnableMoves": [],
				  "requirements": [
					{
					  "variant": "friendship",
					  "amount": 160
					},
					{
					  "variant": "world",
					  "identifier": "minecraft:the_end"
					}
				  ]
				},
				{
				  "id": "eevee_r_automeon",
				  "variant": "item_interact",
				  "result": "automeon",
				  "consumeHeldItem": true,
				  "permanent": true,
				  "learnableMoves": [],
				  "requirements": [
					{
					  "variant": "held_item",
					  "itemCondition": "minecraft:lever"
					}
				  ],
				  "requiredContext": "minecraft:redstone_block"
				},
				{
				  "id": "eevee_r_acideon",
				  "variant": "level_up",
				  "result": "acideon",
				  "consumeHeldItem": false,
				  "learnableMoves": [],
				  "requirements": [
					{
					  "variant": "party_member",
					  "contains": "true",
					  "target": "muk"
					},
					{
					  "variant": "level",
					  "minLevel": 24
					}
				  ]
				},
				{
				  "id": "eevee_r_champeon",
				  "variant": "level_up",
				  "consumeHeldItem": true,
				  "permanent": true,
				  "result": "champeon",
				  "requirements": [
					{
					  "variant": "held_item",
					  "itemCondition": "cobblemon:focus_band"
					},
					{
					  "variant": "level",
					  "minLevel": 36
					}
				  ]
				},
				{
				  "id": "eevee_r_hiveon",
				  "variant": "level_up",
				  "result": "hiveon",
				  "consumeHeldItem": true,
				  "permanent": true,
				  "learnableMoves": [],
				  "requirements": [
					{
					  "variant": "party_member",
					  "contains": "true",
					  "target": "beedrill"
					},
					{
					  "variant": "held_item",
					  "itemCondition": "minecraft:beehive"
					}
				  ]
				},
				{
				  "id": "eevee_r_minereon",
				  "variant": "level_up",
				  "result": "minereon",
				  "consumeHeldItem": true,
				  "permanent": true,
				  "learnableMoves": [],
				  "requirements": [
					{
					  "variant": "biome",
					  "biomeCondition": "minecraft:dripstone_caves"
					},
					{
					  "variant": "held_item",
					  "itemCondition": "minecraft:iron_pickaxe"
					}
				  ]
				},
				{
          "id": "eevee_aereon",
          "variant": "level_up",
          "result": "aereon",
          "consumeHeldItem": true,
          "learnableMoves": [],
          "requirements": [
            {
              "variant": "held_item",
              "itemCondition": "wind_charge"
            },
            {
              "variant": "biome",
              "biomeCondition": "minecraft:windswept_hills"
            }
          ]
        },
				{
				  "id": "eevee_r_eeveeon",
				  "variant": "level_up",
				  "result": "eeveeon",
				  "consumeHeldItem": false,
				  "learnableMoves": [],
				  "requirements": [
					{
					  "variant": "has_move",
					  "move": "lastresort"
					},
					{
					  "variant": "friendship",
					  "amount": 160
					}
				  ]
				},
				{
				  "id": "eevee_r_dungeon",
				  "variant": "level_up",
				  "result": "dungeon",
				  "consumeHeldItem": true,
				  "permanent": true,
				  "learnableMoves": [],
				  "requirements": [
					{
					  "variant": "biome",
					  "biomeCondition": "minecraft:deep_dark"
					},
					{
					  "variant": "held_item",
					  "itemCondition": "minecraft:lantern"
					}
				  ]
				},
				{
				  "id": "eevee_r_evereon",
				  "variant": "level_up",
				  "result": "evereon",
				  "consumeHeldItem": false,
				  "learnableMoves": [],
				  "requirements": [
					{
					  "variant": "defeat",
					  "target": "vaporeon",
					  "amount": 1
					},
					{
					  "variant": "defeat",
					  "target": "flareon",
					  "amount": 1
					},
					{
					  "variant": "defeat",
					  "target": "jolteon",
					  "amount": 1
					}
				  ]
				},
				{
				  "id": "eevee_r_sereneon",
				  "variant": "level_up",
				  "result": "sereneon",
				  "consumeHeldItem": false,
				  "learnableMoves": [],
				  "requirements": [
					{
					  "variant": "friendship",
					  "amount": 160
					},
					{
					  "variant": "level",
					  "minLevel": 30
					}
				  ]
				},
				{
				  "id": "eevee_r_drakeon",
				  "variant": "item_interact",
				  "result": "drakeon",
				  "consumeHeldItem": false,
				  "learnableMoves": [],
				  "requirements": [],
				  "requiredContext": "cobblemon:dawn_stone"
				},
				{
				  "id": "eevee_r_silkeon",
				  "variant": "trade",
				  "result": "silkeon",
				  "consumeHeldItem": false,
				  "learnableMoves": [],
				  "requirements": [
					{
					  "variant": "held_item",
					  "itemCondition": "cobblemon:silver_powder"
					}
				  ]
				},
				{
				  "id": "eevee_r_ireon",
				  "variant": "trade",
				  "result": "ireon",
				  "consumeHeldItem": false,
				  "learnableMoves": [],
				  "requirements": [
					{
					  "variant": "held_item",
					  "itemCondition": "cobblemon:metal_coat"
					}
				  ]
				},
				{
				  "id": "eevee_r_ecteon",
				  "variant": "item_interact",
				  "result": "ecteon",
				  "consumeHeldItem": false,
				  "learnableMoves": [],
				  "requirements": [],
				  "requiredContext": "cobblemon:dusk_stone"
				},
				{
				  "id": "eevee_r_quareon",
				  "variant": "level_up",
				  "result": "quareon",
				  "consumeHeldItem": false,
				  "learnableMoves": [],
				  "requirements": [
					{
					  "variant": "biome",
					  "biomeCondition": "#c:is_cave"
					},
				{
					  "variant": "level",
					  "minLevel": 30
					}
				  ]
				},
				{
				  "id": "eevee_r_soareon",
				  "variant": "level_up",
				  "result": "soareon",
				  "consumeHeldItem": false,
				  "learnableMoves": [],
				  "requirements": [
					{
					  "variant": "biome",
					  "biomeCondition": "#cobblemon:is_peak"
					}
				  ]
				},
				{
				  "id": "eevee_r_terreon",
				  "variant": "level_up",
				  "result": "terreon",
				  "consumeHeldItem": false,
				  "learnableMoves": [],
				  "requirements": [
					{
					  "variant": "held_item",
					  "itemCondition": "cobblemon:soft_sand"
					}
				  ]
				},
				{
				  "id": "eevee_r_toxeon",
				  "variant": "level_up",
				  "result": "toxeon",
				  "consumeHeldItem": false,
				  "learnableMoves": [],
				  "requirements": [
					{
					  "variant": "held_item",
					  "itemCondition": "cobblemon:black_sludge"
					}
				  ]
				},
				{
				  "id": "eevee_r_rowdeon",
				  "variant": "level_up",
				  "result": "rowdeon",
				  "consumeHeldItem": false,
				  "learnableMoves": [],
				  "requirements": [
					{
					  "variant": "friendship",
					  "amount": 160
					},
					{
					  "variant": "level",
					  "minLevel": 30
					}
				  ]
				}
			]
		}
	],
  "evolutions": [
    {
      "id": "eevee_spectreon",
      "variant": "level_up",
      "result": "spectreon",
      "consumeHeldItem": false,
      "learnableMoves": [],
      "requirements": [
        {
          "variant": "friendship",
          "amount": 160
        },
        {
          "variant": "biome",
          "biomeCondition": "minecraft:soul_sand_valley"
        }
      ]
    },
    {
      "id": "eevee_wyveon",
      "variant": "level_up",
      "result": "wyveon",
      "consumeHeldItem": false,
      "learnableMoves": [],
      "requirements": [
        {
          "variant": "friendship",
          "amount": 160
        },
        {
          "variant": "world",
          "identifier": "minecraft:the_end"
        }
      ]
    },
    {
      "id": "eevee_automeon",
      "variant": "item_interact",
      "result": "automeon",
      "consumeHeldItem": true,
      "permanent": true,
      "learnableMoves": [],
      "requirements": [
        {
          "variant": "held_item",
          "itemCondition": "minecraft:lever"
        }
      ],
      "requiredContext": "minecraft:redstone_block"
    },
    {
      "id": "eevee_acideon",
      "variant": "level_up",
      "result": "acideon",
      "consumeHeldItem": false,
      "learnableMoves": [],
      "requirements": [
        {
          "variant": "party_member",
          "contains": "true",
          "target": "muk"
        },
        {
          "variant": "level",
          "minLevel": 24
        }
      ]
    },
    {
      "id": "eevee_champeon",
      "variant": "level_up",
      "consumeHeldItem": true,
      "permanent": true,
      "result": "champeon",
      "requirements": [
        {
          "variant": "held_item",
          "itemCondition": "cobblemon:focus_band"
        },
        {
          "variant": "level",
          "minLevel": 36
        }
      ]
    },
    {
      "id": "eevee_hiveon",
      "variant": "level_up",
      "result": "hiveon",
      "consumeHeldItem": true,
      "permanent": true,
      "learnableMoves": [],
      "requirements": [
        {
          "variant": "party_member",
          "contains": "true",
          "target": "beedrill"
        },
        {
          "variant": "held_item",
          "itemCondition": "minecraft:beehive"
        }
      ]
    },
    {
      "id": "eevee_minereon",
      "variant": "level_up",
      "result": "minereon",
      "consumeHeldItem": true,
      "permanent": true,
      "learnableMoves": [],
      "requirements": [
        {
          "variant": "biome",
          "biomeCondition": "minecraft:dripstone_caves"
        },
        {
          "variant": "held_item",
          "itemCondition": "minecraft:iron_pickaxe"
        }
      ]
    },
    {
      "id": "eevee_aereon",
      "variant": "level_up",
      "result": "aereon",
      "consumeHeldItem": true,
      "learnableMoves": [],
      "requirements": [
        {
          "variant": "held_item",
          "itemCondition": "wind_charge"
        },
        {
          "variant": "biome",
          "biomeCondition": "minecraft:windswept_hills"
        }
      ]
    },
    {
      "id": "eevee_eeveeon",
      "variant": "level_up",
      "result": "eeveeon",
      "consumeHeldItem": false,
      "learnableMoves": [],
      "requirements": [
        {
          "variant": "has_move",
          "move": "lastresort"
        },
        {
          "variant": "friendship",
          "amount": 160
        }
      ]
    },
    {
      "id": "eevee_dungeon",
      "variant": "level_up",
      "result": "dungeon",
      "consumeHeldItem": true,
      "permanent": true,
      "learnableMoves": [],
      "requirements": [
        {
          "variant": "biome",
          "biomeCondition": "minecraft:deep_dark"
        },
        {
          "variant": "held_item",
          "itemCondition": "minecraft:lantern"
        }
      ]
    },
    {
      "id": "eevee_evereon",
      "variant": "level_up",
      "result": "evereon",
      "consumeHeldItem": false,
      "learnableMoves": [],
      "requirements": [
        {
          "variant": "defeat",
          "target": "vaporeon",
          "amount": 1
        },
        {
          "variant": "defeat",
          "target": "flareon",
          "amount": 1
        },
        {
          "variant": "defeat",
          "target": "jolteon",
          "amount": 1
        }
      ]
    },
    {
      "id": "eevee_sereneon",
      "variant": "level_up",
      "result": "sereneon",
      "consumeHeldItem": false,
      "learnableMoves": [],
      "requirements": [
        {
          "variant": "friendship",
          "amount": 160
        },
        {
          "variant": "level",
          "minLevel": 30
        }
      ]
    },
    {
      "id": "eevee_drakeon",
      "variant": "item_interact",
      "result": "drakeon",
      "consumeHeldItem": false,
      "learnableMoves": [],
      "requirements": [],
      "requiredContext": "cobblemon:dawn_stone"
    },
    {
      "id": "eevee_silkeon",
      "variant": "trade",
      "result": "silkeon",
      "consumeHeldItem": false,
      "learnableMoves": [],
      "requirements": [
        {
          "variant": "held_item",
          "itemCondition": "cobblemon:silver_powder"
        }
      ]
    },
    {
      "id": "eevee_ireon",
      "variant": "trade",
      "result": "ireon",
      "consumeHeldItem": false,
      "learnableMoves": [],
      "requirements": [
        {
          "variant": "held_item",
          "itemCondition": "cobblemon:metal_coat"
        }
      ]
    },
    {
      "id": "eevee_ecteon",
      "variant": "item_interact",
      "result": "ecteon",
      "consumeHeldItem": false,
      "learnableMoves": [],
      "requirements": [],
      "requiredContext": "cobblemon:dusk_stone"
    },
    {
      "id": "eevee_quareon",
      "variant": "level_up",
      "result": "quareon",
      "consumeHeldItem": false,
      "learnableMoves": [],
      "requirements": [
        {
          "variant": "biome",
          "biomeCondition": "#c:is_cave"
        },
    {
          "variant": "level",
          "minLevel": 30
        }
      ]
    },
    {
      "id": "eevee_soareon",
      "variant": "level_up",
      "result": "soareon",
      "consumeHeldItem": false,
      "learnableMoves": [],
      "requirements": [
        {
          "variant": "biome",
          "biomeCondition": "#cobblemon:is_peak"
        }
      ]
    },
    {
      "id": "eevee_terreon",
      "variant": "level_up",
      "result": "terreon",
      "consumeHeldItem": false,
      "learnableMoves": [],
      "requirements": [
        {
          "variant": "held_item",
          "itemCondition": "cobblemon:soft_sand"
        }
      ]
    },
    {
      "id": "eevee_toxeon",
      "variant": "level_up",
      "result": "toxeon",
      "consumeHeldItem": false,
      "learnableMoves": [],
      "requirements": [
        {
          "variant": "held_item",
          "itemCondition": "cobblemon:black_sludge"
        }
      ]
    },
    {
      "id": "eevee_rowdeon",
      "variant": "level_up",
      "result": "rowdeon",
      "consumeHeldItem": false,
      "learnableMoves": [],
      "requirements": [
        {
          "variant": "friendship",
          "amount": 160
        },
        {
          "variant": "level",
          "minLevel": 30
        }
      ]
    }
  ]
}