{
	"format_version": "1.12.0",
	"minecraft:geometry": [
		{
			"description": {
				"identifier": "geometry.dumbo_octopus",
				"texture_width": 32,
				"texture_height": 32,
				"visible_bounds_width": 3,
				"visible_bounds_height": 2.5,
				"visible_bounds_offset": [0, 0.75, 0]
			},
			"bones": [
				{
					"name": "bocchi",
					"pivot": [0, 2.2, 0]
				},
				{
					"name": "body",
					"parent": "bocchi",
					"pivot": [0, 1.9, -0.2],
					"rotation": [-10, 0, 0],
					"cubes": [
						{"origin": [-3, 0.9, -3.2], "size": [6, 6, 6], "uv": [0, 0]},
						{"origin": [-4.8, 6.6, -2], "size": [1, 1, 1], "pivot": [-3.5, 7.4, -0.7], "rotation": [0, 0, -69.5], "uv": [0, 30]},
						{"origin": [-3.31394, 6.67594, -2], "size": [1, 1, 1], "pivot": [-3.11394, 7.57594, -0.7], "rotation": [0, 0, -21.5], "uv": [4, 30]},
						{"origin": [-7.1, 5.6, -1.5], "size": [4, 4, 0], "pivot": [-4, 7.4, -0.2], "rotation": [0, 0, -41.5], "uv": [22, 28]},
						{"origin": [-7.1, 6.1, -1.5001], "size": [4, 4, 0], "pivot": [-4, 7.4, -0.2], "rotation": [0, 0, -41.5], "uv": [22, 24]}
					]
				},
				{
					"name": "eye1",
					"parent": "body",
					"pivot": [0, 4.65, -1.7],
					"rotation": [0, 0, 57.5],
					"cubes": [
						{"origin": [-3, 3.65, -3.3], "size": [3, 1, 1], "pivot": [0, 4.65, -4.7], "rotation": [0, 0, -12.5], "uv": [24, 13]},
						{"origin": [-1, 1.65, -3.3], "size": [1, 2, 1], "pivot": [0, 4.65, -4.7], "rotation": [0, 0, -12.5], "uv": [26, 15]}
					]
				},
				{
					"name": "eye2",
					"parent": "body",
					"pivot": [0, 4.65, -1.7],
					"rotation": [0, 0, -120],
					"cubes": [
						{"origin": [-3, 3.65, -3.3], "size": [3, 1, 1], "pivot": [0, 4.65, -4.7], "rotation": [0, 0, -12.5], "uv": [24, 13]},
						{"origin": [-1, 1.65, -3.3], "size": [1, 2, 1], "pivot": [0, 4.65, -4.7], "rotation": [0, 0, -12.5], "uv": [26, 15]}
					]
				},
				{
					"name": "tentacles",
					"parent": "bocchi",
					"pivot": [0, 1.2, 0],
					"rotation": [-2.5, 0, 0]
				},
				{
					"name": "right_leg4",
					"parent": "tentacles",
					"pivot": [1.2, 1.5, 3],
					"rotation": [65, 15, -5],
					"cubes": [
						{"origin": [0.2, 0, 2], "size": [2, 2, 2], "uv": [0, 20]}
					]
				},
				{
					"name": "right_leg2",
					"parent": "tentacles",
					"pivot": [-1.2, 1.5, 3],
					"rotation": [65, -15, 5],
					"cubes": [
						{"origin": [-2.2, 0, 2], "size": [2, 2, 2], "uv": [14, 18]}
					]
				},
				{
					"name": "right_leg",
					"parent": "tentacles",
					"pivot": [-1.2, 1.5, -3],
					"rotation": [-65, 20, 5],
					"cubes": [
						{"origin": [-2.2, 0, -4], "size": [2, 2, 2], "uv": [18, 0]}
					]
				},
				{
					"name": "left_leg4",
					"parent": "tentacles",
					"pivot": [1.2, 1.5, -3],
					"rotation": [-65, -20, -5],
					"cubes": [
						{"origin": [0.2, 0, -4], "size": [2, 2, 2], "uv": [8, 16]}
					]
				},
				{
					"name": "right_leg7",
					"parent": "tentacles",
					"pivot": [3, 1.5, -1.5],
					"rotation": [-12.5, 12.5, -65],
					"cubes": [
						{"origin": [2, 0, -2.5], "size": [2, 2, 2], "uv": [0, 16]}
					]
				},
				{
					"name": "left_leg7",
					"parent": "tentacles",
					"pivot": [3, 1.5, 1.5],
					"rotation": [12.5, -12.5, -65],
					"cubes": [
						{"origin": [2, 0, 0.5], "size": [2, 2, 2], "uv": [14, 14]}
					]
				},
				{
					"name": "right_leg6",
					"parent": "tentacles",
					"pivot": [-3, 1.5, 1.5],
					"rotation": [12.5, 12.5, 65],
					"cubes": [
						{"origin": [-4, 0, 0.5], "size": [2, 2, 2], "uv": [8, 12]}
					]
				},
				{
					"name": "right_leg3",
					"parent": "tentacles",
					"pivot": [-3, 1.7, -1.5],
					"rotation": [-12.5, -12.5, 65],
					"cubes": [
						{"origin": [-4, 0.2, -2.5], "size": [2, 2, 2], "uv": [0, 12]}
					]
				}
			]
		}
	]
}