{
	"format_version": "1.12.0",
	"minecraft:geometry": [
		{
			"description": {
				"identifier": "geometry.dumbo_octopus",
				"texture_width": 32,
				"texture_height": 32,
				"visible_bounds_width": 3,
				"visible_bounds_height": 2.5,
				"visible_bounds_offset": [0, 0.75, 0]
			},
			"bones": [
				{
					"name": "bocchi",
					"pivot": [0, 1.8, 0]
				},
				{
					"name": "body",
					"parent": "bocchi",
					"pivot": [0, 1.5, -0.2],
					"rotation": [-10, 0, 0],
					"cubes": [
						{"origin": [-3, 0.5, -3.2], "size": [6, 6, 6], "uv": [0, 0]},
						{"origin": [1.97409, 3.28733, -1.72399], "size": [4, 4, 0], "pivot": [4.77409, 6.33733, -1.72404], "rotation": [178.70283, -4.82922, -116.4453], "uv": [22, 28]},
						{"origin": [1.97409, 3.78733, -1.72409], "size": [4, 4, 0], "pivot": [4.77409, 6.33733, -1.72404], "rotation": [178.70283, -4.82922, -116.4453], "uv": [22, 24]}
					]
				},
				{
					"name": "eye2",
					"parent": "body",
					"pivot": [1.69719, 4.00721, -2.8],
					"rotation": [0, 0, -28],
					"cubes": [
						{"origin": [-0.59707, 4.44402, -3.3], "size": [3, 1, 1], "pivot": [2.40293, 5.44402, -4.7], "rotation": [0, 0, -12.5], "uv": [24, 13]},
						{"origin": [1.40293, 2.44402, -3.3], "size": [1, 2, 1], "pivot": [2.40293, 5.44402, -4.7], "rotation": [0, 0, -12.5], "uv": [26, 15]}
					]
				},
				{
					"name": "eye1",
					"parent": "body",
					"pivot": [-1.59099, 4.07322, -2.8],
					"rotation": [0, 0, -35],
					"cubes": [
						{"origin": [-3.88524, 4.51003, -3.3], "size": [3, 1, 1], "pivot": [-0.88524, 5.51003, -4.7], "rotation": [0, 0, -12.5], "uv": [24, 13]},
						{"origin": [-1.88524, 2.51003, -3.3], "size": [1, 2, 1], "pivot": [-0.88524, 5.51003, -4.7], "rotation": [0, 0, -12.5], "uv": [26, 15]}
					]
				},
				{
					"name": "tentacles",
					"parent": "bocchi",
					"pivot": [0, 0.8, 0],
					"rotation": [-2.5, 0, 0]
				},
				{
					"name": "right_leg4",
					"parent": "tentacles",
					"pivot": [1.2, 1.1, 3],
					"rotation": [65, 15, -5],
					"cubes": [
						{"origin": [0.2, -0.4, 2], "size": [2, 2, 2], "uv": [0, 20]}
					]
				},
				{
					"name": "right_leg2",
					"parent": "tentacles",
					"pivot": [-1.2, 1.1, 3],
					"rotation": [65, -15, 5],
					"cubes": [
						{"origin": [-2.2, -0.4, 2], "size": [2, 2, 2], "uv": [14, 18]}
					]
				},
				{
					"name": "right_leg",
					"parent": "tentacles",
					"pivot": [-1.2, 1.1, -3],
					"rotation": [-65, 20, 5],
					"cubes": [
						{"origin": [-2.2, -0.4, -4], "size": [2, 2, 2], "uv": [18, 0]}
					]
				},
				{
					"name": "left_leg4",
					"parent": "tentacles",
					"pivot": [1.2, 1.1, -3],
					"rotation": [-65, -20, -5],
					"cubes": [
						{"origin": [0.2, -0.4, -4], "size": [2, 2, 2], "uv": [8, 16]}
					]
				},
				{
					"name": "right_leg7",
					"parent": "tentacles",
					"pivot": [3, 1.1, -1.5],
					"rotation": [-12.5, 12.5, -65],
					"cubes": [
						{"origin": [2, -0.4, -2.5], "size": [2, 2, 2], "uv": [0, 16]}
					]
				},
				{
					"name": "left_leg7",
					"parent": "tentacles",
					"pivot": [3, 1.1, 1.5],
					"rotation": [12.5, -12.5, -65],
					"cubes": [
						{"origin": [2, -0.4, 0.5], "size": [2, 2, 2], "uv": [14, 14]}
					]
				},
				{
					"name": "right_leg6",
					"parent": "tentacles",
					"pivot": [-3, 1.1, 1.5],
					"rotation": [12.5, 12.5, 65],
					"cubes": [
						{"origin": [-4, -0.4, 0.5], "size": [2, 2, 2], "uv": [8, 12]}
					]
				},
				{
					"name": "right_leg3",
					"parent": "tentacles",
					"pivot": [-3, 1.3, -1.5],
					"rotation": [-12.5, -12.5, 65],
					"cubes": [
						{"origin": [-4, -0.2, -2.5], "size": [2, 2, 2], "uv": [0, 12]}
					]
				}
			]
		}
	]
}