{
	"format_version": "1.12.0",
	"minecraft:geometry": [
		{
			"description": {
				"identifier": "geometry.dumbo_octopus",
				"texture_width": 32,
				"texture_height": 32,
				"visible_bounds_width": 3,
				"visible_bounds_height": 2.5,
				"visible_bounds_offset": [0, 0.75, 0]
			},
			"bones": [
				{
					"name": "bocchi",
					"pivot": [0, 1.8, 0]
				},
				{
					"name": "body",
					"parent": "bocchi",
					"pivot": [0, 1.5, -0.2],
					"rotation": [-10, 0, 0],
					"cubes": [
						{"origin": [-3, 0.5, -3.2], "size": [6, 6, 6], "uv": [0, 0]},
						{"origin": [3.01994, 3.21049, -1.5], "size": [4, 4, 0], "pivot": [4.11994, 3.06049, -1.50005], "rotation": [0, 0, -6.5], "uv": [22, 28]},
						{"origin": [3.31994, 2.71049, -1.5001], "size": [4, 4, 0], "pivot": [4.11994, 3.06049, -1.50005], "rotation": [0, 0, -6.5], "uv": [22, 24]},
						{"origin": [-1.49523, 7.144, -2.5001], "size": [2, 2, 0], "pivot": [-1.09523, 7.244, -2.5001], "rotation": [0, 0, 45], "uv": [23, 22]}
					]
				},
				{
					"name": "eye1",
					"parent": "body",
					"pivot": [1.53015, 4.10122, -2.75],
					"cubes": [
						{"origin": [0.53015, 3.10122, -3.25], "size": [2, 2, 1], "uv": [0, 29]}
					]
				},
				{
					"name": "eye2",
					"parent": "body",
					"pivot": [-1.46985, 4.10122, -2.75],
					"cubes": [
						{"origin": [-2.46985, 3.10122, -3.25], "size": [2, 2, 1], "uv": [0, 29]}
					]
				},
				{
					"name": "tentacles",
					"parent": "bocchi",
					"pivot": [0, 0.8, 0],
					"rotation": [-2.5, 0, 0]
				},
				{
					"name": "right_leg4",
					"parent": "tentacles",
					"pivot": [1.2, 1.1, 3],
					"rotation": [65, 15, -5],
					"cubes": [
						{"origin": [0.2, -0.4, 2], "size": [2, 2, 2], "uv": [0, 20]}
					]
				},
				{
					"name": "right_leg2",
					"parent": "tentacles",
					"pivot": [-1.2, 1.1, 3],
					"rotation": [65, -15, 5],
					"cubes": [
						{"origin": [-2.2, -0.4, 2], "size": [2, 2, 2], "uv": [14, 18]}
					]
				},
				{
					"name": "right_leg",
					"parent": "tentacles",
					"pivot": [-1.2, 1.1, -3],
					"rotation": [-65, 20, 5],
					"cubes": [
						{"origin": [-2.2, -0.4, -4], "size": [2, 2, 2], "uv": [18, 0]}
					]
				},
				{
					"name": "left_leg4",
					"parent": "tentacles",
					"pivot": [1.2, 1.1, -3],
					"rotation": [-65, -20, -5],
					"cubes": [
						{"origin": [0.2, -0.4, -4], "size": [2, 2, 2], "uv": [8, 16]}
					]
				},
				{
					"name": "right_leg7",
					"parent": "tentacles",
					"pivot": [3, 1.1, -1.5],
					"rotation": [-12.5, 12.5, -65],
					"cubes": [
						{"origin": [2, -0.4, -2.5], "size": [2, 2, 2], "uv": [0, 16]}
					]
				},
				{
					"name": "left_leg7",
					"parent": "tentacles",
					"pivot": [3, 1.1, 1.5],
					"rotation": [12.5, -12.5, -65],
					"cubes": [
						{"origin": [2, -0.4, 0.5], "size": [2, 2, 2], "uv": [14, 14]}
					]
				},
				{
					"name": "right_leg6",
					"parent": "tentacles",
					"pivot": [-3, 1.1, 1.5],
					"rotation": [12.5, 12.5, 65],
					"cubes": [
						{"origin": [-4, -0.4, 0.5], "size": [2, 2, 2], "uv": [8, 12]}
					]
				},
				{
					"name": "right_leg3",
					"parent": "tentacles",
					"pivot": [-3, 1.3, -1.5],
					"rotation": [-12.5, -12.5, 65],
					"cubes": [
						{"origin": [-4, -0.2, -2.5], "size": [2, 2, 2], "uv": [0, 12]}
					]
				}
			]
		}
	]
}