{
	"format_version": "1.12.0",
	"minecraft:geometry": [
		{
			"description": {
				"identifier": "geometry.pochita",
				"texture_width": 64,
				"texture_height": 64,
				"visible_bounds_width": 3,
				"visible_bounds_height": 2.5,
				"visible_bounds_offset": [0, 0.75, 0]
			},
			"bones": [
				{
					"name": "pochita",
					"pivot": [0, -0.1, 0]
				},
				{
					"name": "body",
					"parent": "pochita",
					"pivot": [0, 6.9, 0]
				},
				{
					"name": "torso",
					"parent": "body",
					"pivot": [0, 7.4, 0],
					"cubes": [
						{"origin": [-5, 2.9, -8], "size": [10, 10, 16], "uv": [0, 0]}
					]
				},
				{
					"name": "eyelids",
					"parent": "body",
					"pivot": [0, 0, 0]
				},
				{
					"name": "eyelid1fight",
					"parent": "eyelids",
					"pivot": [-4.05, 10.70053, -5.24626],
					"cubes": [
						{"origin": [-4.05, 9.8, -7.7], "size": [0, 2, 5], "pivot": [5.05, 10.6, -4.9], "rotation": [17.5, 0, 0], "uv": [16, 9]}
					]
				},
				{
					"name": "eyelid1blink",
					"parent": "eyelids",
					"pivot": [-4.05, 9.1, -4.9],
					"cubes": [
						{"origin": [-4.05, 6.6, -7.4], "size": [0, 5, 5], "uv": [26, -2]}
					]
				},
				{
					"name": "eyelid2blink",
					"parent": "eyelids",
					"pivot": [4.05, 9.1, -4.9],
					"cubes": [
						{"origin": [4.05, 6.6, -7.4], "size": [0, 5, 5], "uv": [26, -2]}
					]
				},
				{
					"name": "eyelid2fight",
					"parent": "eyelids",
					"pivot": [4.05, 10.70053, -5.24626],
					"cubes": [
						{"origin": [4.05, 9.8, -7.7], "size": [0, 2, 5], "pivot": [5.05, 10.6, -4.9], "rotation": [17.5, 0, 0], "uv": [16, 9]}
					]
				},
				{
					"name": "handle",
					"parent": "body",
					"pivot": [0, 11.43333, -3],
					"rotation": [-32.5, 0, 0],
					"cubes": [
						{"origin": [-5, 15.1, -4], "size": [10, 2, 2], "inflate": -0.1, "uv": [0, 33]},
						{"origin": [3, 12.3, -4], "size": [2, 3, 2], "inflate": -0.1, "uv": [36, 5]},
						{"origin": [-5, 12.3, -4], "size": [2, 3, 2], "inflate": -0.1, "uv": [36, 0]}
					]
				},
				{
					"name": "handle2",
					"parent": "body",
					"pivot": [0, 8.07596, 8.28354],
					"rotation": [-89.97747, 0, 90.32621],
					"cubes": [
						{"origin": [-4.00002, 8.8093, 7.27792], "size": [8, 2, 2], "inflate": -0.1, "uv": [0, 33]},
						{"origin": [1.99998, 6.0093, 7.27792], "size": [2, 3, 2], "inflate": -0.1, "uv": [36, 5]},
						{"origin": [-4.00002, 6.0093, 7.27792], "size": [2, 3, 2], "inflate": -0.1, "uv": [36, 0]}
					]
				},
				{
					"name": "legs",
					"parent": "body",
					"pivot": [0, 3, 0]
				},
				{
					"name": "leg1",
					"parent": "legs",
					"pivot": [3.5, 3, -5.5],
					"cubes": [
						{"origin": [2, 0, -7], "size": [3, 4, 3], "inflate": -0.1, "uv": [0, 0]}
					]
				},
				{
					"name": "leg2",
					"parent": "legs",
					"pivot": [-3.5, 3, 5.5],
					"cubes": [
						{"origin": [-5, 0, 4], "size": [3, 4, 3], "inflate": -0.1, "uv": [0, 0]}
					]
				},
				{
					"name": "leg3",
					"parent": "legs",
					"pivot": [3.5, 3, 5.5],
					"cubes": [
						{"origin": [2, 0, 4], "size": [3, 4, 3], "inflate": -0.1, "uv": [0, 0]}
					]
				},
				{
					"name": "leg4",
					"parent": "legs",
					"pivot": [-3.5, 3, -5.5],
					"cubes": [
						{"origin": [-5, 0, -7], "size": [3, 4, 3], "inflate": -0.1, "uv": [0, 0]}
					]
				},
				{
					"name": "chainsaw",
					"parent": "body",
					"pivot": [0, 10.43333, -8],
					"cubes": [
						{"origin": [0, 6.93333, -20], "size": [0, 7, 12], "uv": [0, 14]}
					]
				},
				{
					"name": "blades1",
					"parent": "chainsaw",
					"pivot": [0, 10.43333, -8],
					"cubes": [
						{"origin": [0, 6.93333, -20], "size": [0, 7, 12], "uv": [0, 29]}
					]
				},
				{
					"name": "blades2",
					"parent": "chainsaw",
					"pivot": [0, 10.43333, -14],
					"cubes": [
						{"origin": [0, 6.93333, -20], "size": [0, 7, 12], "uv": [0, 37]}
					]
				},
				{
					"name": "tail",
					"parent": "body",
					"pivot": [0, 12.9, 8],
					"cubes": [
						{"origin": [-2.5, 12.9, 8], "size": [5, 0, 4], "pivot": [0, 12.9, 8], "rotation": [32.5, 0, 0], "uv": [20, 30]}
					]
				},
				{
					"name": "tail2",
					"parent": "tail",
					"pivot": [0, 15.0238, 11.36035],
					"cubes": [
						{"origin": [-2.5, 15.05378, 11.33141], "size": [5, 0, 4], "pivot": [0, 15.1238, 11.36035], "rotation": [32.5, 0, 0], "uv": [20, 26]}
					]
				}
			]
		}
	]
}