{
	"format_version": "1.8.0",
	"animations": {
		"animation.castform.ground_idle": {
			"loop": true,
			"animation_length": 2.375,
			"bones": {
				"body": {
					"position": {
						"0.1667": {
							"pre": [0, 0, 0],
							"post": [0, 0, 0],
							"lerp_mode": "catmullrom"
						},
						"0.8333": {
							"post": [0, 1, 0],
							"lerp_mode": "catmullrom"
						},
						"1.5": {
							"post": [0, 1, 0],
							"lerp_mode": "catmullrom"
						},
						"2.3333": {
							"post": [0, 0, 0],
							"lerp_mode": "catmullrom"
						}
					}
				}
			}
		},
		"animation.castform.ground_walk": {
			"loop": true,
			"animation_length": 2.375,
			"bones": {
				"body": {
					"rotation": [5, 0, 0],
					"position": {
						"0.1667": {
							"pre": [0, 0, 0],
							"post": [0, 0, 0],
							"lerp_mode": "catmullrom"
						},
						"0.75": {
							"post": [0, 1, 0],
							"lerp_mode": "catmullrom"
						},
						"1.4167": {
							"post": [0, 1, 0],
							"lerp_mode": "catmullrom"
						},
						"2.25": {
							"post": [0, 0, 0],
							"lerp_mode": "catmullrom"
						}
					}
				}
			}
		},
		"animation.castform.blink": {
			"loop": true,
			"animation_length": 2.5833,
			"bones": {
				"eyes": {
					"position": {
						"0.0": [0, 0, 0],
						"0.25": [0, 7, 0],
						"0.4583": [0, 12, 0],
						"1.0": [0, 7, 0],
						"1.4583": [0, 0, 0]
					},
					"scale": {
						"0.0": [1, 1, 1],
						"0.25": [1, 0.6, 1],
						"0.4583": [1, 0.3, 1],
						"1.0": [1, 0.6, 1],
						"1.4583": [1, 1, 1]
					}
				},
				"body": {
					"position": {
						"0.25": {
							"pre": [0, 0, 0],
							"post": [0, 0, 0],
							"lerp_mode": "catmullrom"
						},
						"0.8333": {
							"post": [0, 1, 0],
							"lerp_mode": "catmullrom"
						},
						"1.5": {
							"post": [0, 1, 0],
							"lerp_mode": "catmullrom"
						},
						"2.3333": {
							"post": [0, 0, 0],
							"lerp_mode": "catmullrom"
						}
					}
				}
			}
		},
		"animation.castform.faint": {
			"animation_length": 2.0833,
			"bones": {
				"body": {
					"rotation": {
						"0.0": [-2.5, 0, 0],
						"0.3333": [-2.50238, 2.49762, -0.10912],
						"0.5": [-2.50238, -2.49762, 0.10912],
						"0.6667": [-5, 0, 0],
						"0.9167": [-10, 0, 0],
						"1.2917": [-15, 0, 0],
						"1.6667": [-20, 0, 0],
						"1.9167": [-30, 0, 0]
					}
				}
			}
		}
	}
}