{
	"format_version": "1.12.0",
	"minecraft:geometry": [
		{
			"description": {
				"identifier": "geometry.unknown",
				"texture_width": 128,
				"texture_height": 128,
				"visible_bounds_width": 3,
				"visible_bounds_height": 2.5,
				"visible_bounds_offset": [0, 0.75, 0]
			},
			"bones": [
				{
					"name": "brambleghast",
					"pivot": [0, 0, 0]
				},
				{
					"name": "body",
					"parent": "brambleghast",
					"pivot": [0, 8, 0]
				},
				{
					"name": "head",
					"parent": "body",
					"pivot": [0, 0, 0],
					"cubes": [
						{"origin": [-8, 0, -7], "size": [16, 15, 0], "uv": [58, 30]},
						{"origin": [-8, 0, 7], "size": [16, 15, 0], "uv": [58, 46]},
						{"origin": [-8, 0, -7], "size": [0, 15, 14], "uv": [0, 30]},
						{"origin": [8, 0, -7], "size": [0, 15, 14], "uv": [29, 30]},
						{"origin": [-8, 15, -7], "size": [16, 0, 14], "uv": [0, 15]},
						{"origin": [-8, 0, -7], "size": [16, 0, 14], "uv": [0, 0]}
					]
				},
				{
					"name": "face_thorns",
					"parent": "head",
					"pivot": [0, 0, 0],
					"cubes": [
						{"origin": [3, 2.5, -8.75], "size": [2, 0, 4], "pivot": [4, 2.5, -7.75], "rotation": [45, -15, 0], "uv": [35, 60]},
						{"origin": [2, 5.5, -9], "size": [2, 0, 2], "pivot": [3, 5.5, -8], "rotation": [-45, -10, 0], "uv": [68, 20]},
						{"origin": [-5, 2.5, -8.75], "size": [2, 0, 4], "pivot": [-4, 2.5, -7.75], "rotation": [45, 15, 0], "uv": [22, 60]},
						{"origin": [-4, 5.5, -9], "size": [2, 0, 2], "pivot": [-3, 5.5, -8], "rotation": [-45, 10, 0], "uv": [68, 17]},
						{"origin": [-2.5, 11.5, -7.25], "size": [2, 1, 0], "pivot": [-0.5, 11.5, -6.25], "rotation": [0, -45, 90], "uv": [68, 23]},
						{"origin": [-2.5, 10, -7.5], "size": [1, 1, 0], "pivot": [-1.5, 9, -6.5], "rotation": [0, -45, 0], "uv": [12, 70]},
						{"origin": [-1, 10, -9], "size": [1, 1, 0], "pivot": [0, 9, -8], "rotation": [0, -135, 0], "uv": [5, 70]}
					]
				},
				{
					"name": "thorns",
					"parent": "head",
					"pivot": [0, 0, 0],
					"cubes": [
						{"origin": [6, 2, -5], "size": [4, 2, 0], "uv": [38, 65]},
						{"origin": [6, 9, -5], "size": [4, 2, 0], "uv": [38, 68]},
						{"origin": [-10, 4, -0.5], "size": [4, 2, 0], "uv": [0, 67]},
						{"origin": [-10, 2, -5], "size": [4, 2, 0], "uv": [47, 66]},
						{"origin": [-11, 9, -5], "size": [3, 4, 0], "uv": [22, 69]},
						{"origin": [-8, 10, -5], "size": [4, 5, 0], "uv": [48, 60]},
						{"origin": [-6, 15, -0.5], "size": [5, 4, 0], "uv": [61, 12]},
						{"origin": [-1, 15, -3.5], "size": [6, 6, 0], "pivot": [1, 16, -2.5], "rotation": [0, -135, 0], "uv": [0, 60]},
						{"origin": [-11, 14, -0.5], "size": [4, 4, 0], "uv": [61, 25]},
						{"origin": [2, 1.25, -9], "size": [2, 2, 0], "pivot": [3, 1.25, -8], "rotation": [0, -90, 90], "uv": [0, 70]},
						{"origin": [2, 15, -0.5], "size": [4, 3, 0], "uv": [22, 65]},
						{"origin": [0, 12, 4], "size": [0, 4, 3], "uv": [61, 17]},
						{"origin": [8, 6, -0.5], "size": [3, 2, 0], "uv": [47, 69]},
						{"origin": [4.75, 9, 6], "size": [3, 5, 0], "pivot": [6.75, 9, 7], "rotation": [0, -45, 0], "uv": [31, 65]},
						{"origin": [-7.5, 12, 4], "size": [0, 5, 4], "pivot": [-6.5, 14, 7], "rotation": [0, -45, 0], "uv": [13, 60]},
						{"origin": [0, 4, 7], "size": [0, 3, 3], "uv": [64, 62]}
					]
				},
				{
					"name": "left_eye",
					"parent": "head",
					"pivot": [0.5, 0, 0],
					"cubes": [
						{"origin": [3.5, 7, -7.05], "size": [2, 3, 0], "uv": [69, 69]},
						{"origin": [4, 7, -7.06], "size": [1, 3, 0], "uv": [54, 69]},
						{"origin": [2, 7, -7.04], "size": [5, 5, 0], "uv": [61, 6]}
					]
				},
				{
					"name": "right_eye",
					"parent": "head",
					"pivot": [-0.5, 0, 0],
					"cubes": [
						{"origin": [-5.5, 7, -7.05], "size": [2, 3, 0], "uv": [64, 69]},
						{"origin": [-5, 7, -7.06], "size": [1, 3, 0], "uv": [9, 67]},
						{"origin": [-7, 7, -7.04], "size": [5, 5, 0], "uv": [61, 0]}
					]
				}
			]
		}
	]
}