{
  "parent": "minecraft:recipes/root",
  "criteria": {
    "has_block": {
      "trigger": "minecraft:inventory_changed",
      "conditions": {
        "items": [
          {
            "items": "minecraft:sand"
          }
        ]
      }
    },
    "has_dye": {
      "trigger": "minecraft:inventory_changed",
      "conditions": {
        "items": [
          {
            "items": "minecraft:red_dye"
          }
        ]
      }
    }
  },
  "requirements": [
    [
      "has_block",
      "has_dye"
    ]
  ],
  "rewards": {
    "recipes": [
      "hanas_recipes:red_sand"
    ]
  }
}