{
  "species": "cobblemon:ampharos",
  "order": 1,
  "variations": [
    {
      "aspects": ["mega"],
      "model": "cobblemon:ampharos_mega.geo",
      "texture": "cobblemon:textures/pokemon/0181_ampharos/ampharos_mega.png",
      "layers": [
        {
          "name": "emissive",
          "texture": "cobblemon:textures/pokemon/0181_ampharos/ampharos_emissive_mega.png",
          "emissive": true,
          "translucent": true
        }
      ]
    },
    {
      "aspects": [ "mega", "shiny" ],
      "model": "cobblemon:ampharos_mega.geo",
      "texture": "cobblemon:textures/pokemon/0181_ampharos/ampharos_shiny_mega.png",
      "layers": [
        {
          "name": "emissive",
          "texture": "cobblemon:textures/pokemon/0181_ampharos/ampharos_shiny_emissive_mega.png",
          "emissive": true,
          "translucent": true
        }
      ]
    }
  ]
}