{
  "species": "cobblemon:gallade",
  "order": 1,
  "variations": [
    {
      "aspects": ["mega"],
      "poser": "cobblemon:gallade_mega",
      "model": "cobblemon:gallade_mega.geo",
      "texture": "cobblemon:textures/pokemon/0475_gallade/gallade_mega.png",
      "layers": []
    },
    {
      "aspects": [ "mega", "shiny" ],
      "poser": "cobblemon:gallade_mega",
      "model": "cobblemon:gallade_mega.geo",
      "texture": "cobblemon:textures/pokemon/0475_gallade/gallade_mega_shiny.png"
    }
  ]
}