{
  "head": "body",
  "portraitScale": 1.65,
  "portraitTranslation": [0, -0.6, 0],
  "profileScale": 1,
  "profileTranslation": [0, 0.15, 0],
  "faint": "bedrock(pochita, sleep, true)",
  "poses": {
    "battle-standing": {
	  "transformTicks": 10,
      "poseName": "battle-standing",
      "poseTypes": ["STAND", "PORTRAIT", "PROFILE"],
      "isBattle": true,
	  "animations": [
		"bedrock(pochita, fight)"
	  ]
    },
    "standing": {
      "poseName": "standing",
      "transformTicks": 10,
      "poseTypes": ["STAND", "NONE", "FLOAT"],
      "animations": [
        "bedrock(pochita, ground_idle)"
      ],
	  "quirks": [
		  {
			"name": "blink",
			"animations": ["bedrock(pochita, blink)"]
		  }
	  ]
    },
    "walking": {
      "poseName": "walking",
      "poseTypes": ["WALK"],
      "animations": [
        "look",
        "bedrock(pochita, walk)"
      ],
	  "quirks": [
		  {
			"name": "blink",
			"animations": ["bedrock(pochita, blink)"]
		  }
	  ]
    },
	"sleeping": {
        "poseName": "sleeping",
        "transformTicks": 10,
        "poseTypes": [
          "SLEEP"
        ],
        "animations": [
          "bedrock(pochita, sleep)"
        ]
      }
  }
}