{
	
	"head": "body",
	"portraitScale": 2,
	"portraitTranslation": [0, -1.7, 0],
	"profileScale": 2,
	"profileTranslation": [0, -1.7, 0],
	"poses": {
		"standing": {
			"poseName": "standing",
			"transformTicks": 5,
			"poseTypes": [
				"STAND",
				"NONE",
				"PORTRAIT",
				"PROFILE"
			],
			"animations": [
				"bedrock(ryo, idle)"
			]
		},
		"walking": {
			"poseName": "walking",
			"transformTicks": 5,
			"poseTypes": [ "WALK" ],
			"animations": [
				"bedrock(ryo, walk)"
			]
		}
	}
}