{
	"format_version": "1.12.0",
	"minecraft:geometry": [
		{
			"description": {
				"identifier": "geometry.unknown",
				"texture_width": 64,
				"texture_height": 64,
				"visible_bounds_width": 3,
				"visible_bounds_height": 2.5,
				"visible_bounds_offset": [0, 0.75, 0]
			},
			"bones": [
				{
					"name": "brambleghast",
					"pivot": [0, 0, 0]
				},
				{
					"name": "body",
					"parent": "brambleghast",
					"pivot": [0, 8, 0]
				},
				{
					"name": "head",
					"parent": "body",
					"pivot": [0, 0, 0],
					"cubes": [
						{"origin": [-8, 0, -7], "size": [16, 15, 14], "uv": [0, 0]},
						{"origin": [3, 2.5, -8.75], "size": [2, 0, 4], "pivot": [4, 2.5, -7.75], "rotation": [45, -15, 0], "uv": [13, 30]},
						{"origin": [2, 5.5, -9], "size": [2, 0, 2], "pivot": [3, 5.5, -8], "rotation": [-45, -10, 0], "uv": [9, 41]},
						{"origin": [-5, 2.5, -8.75], "size": [2, 0, 4], "pivot": [-4, 2.5, -7.75], "rotation": [45, 15, 0], "uv": [0, 30]},
						{"origin": [-4, 5.5, -9], "size": [2, 0, 2], "pivot": [-3, 5.5, -8], "rotation": [-45, 10, 0], "uv": [0, 41]}
					]
				},
				{
					"name": "thorns",
					"parent": "head",
					"pivot": [0, 0, 0],
					"cubes": [
						{"origin": [6, 2, -5], "size": [4, 2, 0], "uv": [11, 35]},
						{"origin": [6, 9, -5], "size": [4, 2, 0], "uv": [18, 42]},
						{"origin": [-10, 4, -0.5], "size": [4, 2, 0], "uv": [20, 39]},
						{"origin": [-10, 2, -5], "size": [4, 2, 0], "uv": [11, 38]},
						{"origin": [-11, 9, -5], "size": [3, 4, 0], "uv": [3, 48]},
						{"origin": [-8, 10, -5], "size": [4, 5, 0], "uv": [10, 47]},
						{"origin": [-6, 15, -0.5], "size": [5, 4, 0], "uv": [18, 47]},
						{"origin": [-1, 15, -3.5], "size": [6, 6, 0], "pivot": [1, 16, -2.5], "rotation": [0, -135, 0], "uv": [29, 47]},
						{"origin": [-11, 14, -0.5], "size": [4, 4, 0], "uv": [17, 52]},
						{"origin": [2, 1.25, -9], "size": [2, 2, 0], "pivot": [3, 1.25, -8], "rotation": [0, -90, 90], "uv": [29, 39]},
						{"origin": [-1, 10, -9], "size": [1, 1, 0], "pivot": [0, 9, -8], "rotation": [0, -135, 0], "uv": [27, 42]},
						{"origin": [-2.5, 10, -7.5], "size": [1, 1, 0], "pivot": [-1.5, 9, -6.5], "rotation": [0, -45, 0], "uv": [36, 42]},
						{"origin": [-2.5, 11.5, -7.25], "size": [2, 1, 0], "pivot": [-0.5, 11.5, -6.25], "rotation": [0, -45, 90], "uv": [37, 39]},
						{"origin": [2, 15, -0.5], "size": [4, 3, 0], "uv": [42, 45]},
						{"origin": [0, 13, 4], "size": [0, 4, 3], "uv": [42, 46]},
						{"origin": [8, 6, -0.5], "size": [3, 2, 0], "uv": [3, 59]},
						{"origin": [4.75, 9, 6], "size": [3, 5, 0], "pivot": [6.75, 9, 7], "rotation": [0, -45, 0], "uv": [10, 53]},
						{"origin": [-7.5, 12, 4], "size": [0, 5, 4], "pivot": [-6.5, 14, 7], "rotation": [0, -45, 0], "uv": [1, 49]},
						{"origin": [0, 4, 7], "size": [0, 3, 3], "uv": [10, 56]},
						{"origin": [0, 12, 7], "size": [0, 4, 3], "uv": [1, -1]}
					]
				},
				{
					"name": "left_eye",
					"parent": "head",
					"pivot": [0.5, 0, 0],
					"cubes": [
						{"origin": [3.5, 7, -7.05], "size": [2, 3, 0], "uv": [5, 44]},
						{"origin": [4, 7, -7.06], "size": [1, 3, 0], "inflate": -0.075, "uv": [15, 43]},
						{"origin": [2, 7, -7.04], "size": [5, 5, 0], "uv": [0, 35]}
					]
				},
				{
					"name": "right_eye",
					"parent": "head",
					"pivot": [-0.5, 0, 0],
					"cubes": [
						{"origin": [-5.5, 7, -7.05], "size": [2, 3, 0], "uv": [0, 44]},
						{"origin": [-5, 7, -7.06], "size": [1, 3, 0], "inflate": -0.075, "uv": [0, 48]},
						{"origin": [-7, 7, -7.04], "size": [5, 5, 0], "uv": [26, 30]}
					]
				}
			]
		}
	]
}