{
  "enabled": true,
  "neededInstalledMods": [],
  "neededUninstalledMods": [],
  "spawns": [
    {
      "id": "brambleghast-1",
      "pokemon": "brambleghast",
      "presets": [
        "natural",
        "wild"
      ],
      "type": "pokemon",
      "context": "grounded",
      "bucket": "rare",
      "level": "4-29",
      "weight": 1.8,
      "condition": {
        "minSkyLight": 8,
        "maxSkyLight": 15,
        "biomes": [
          "#cobblemon:is_desert"
        ]
      }
    }
  ]
}