{
	"format_version": "1.12.0",
	"minecraft:geometry": [
		{
			"description": {
				"identifier": "geometry.terreon",
				"texture_width": 64,
				"texture_height": 64,
				"visible_bounds_width": 6,
				"visible_bounds_height": 3.5,
				"visible_bounds_offset": [0, 1.25, 0]
			},
			"bones": [
				{
					"name": "terreon",
					"pivot": [0, 0, -1]
				},
				{
					"name": "body",
					"parent": "terreon",
					"pivot": [0, 9.75, 0]
				},
				{
					"name": "torso",
					"parent": "body",
					"pivot": [0, 9.75, 0],
					"cubes": [
						{"origin": [-3.5, 6.25, -8.5], "size": [7, 7, 15], "uv": [0, 20]}
					]
				},
				{
					"name": "ruff",
					"parent": "torso",
					"pivot": [0, 11, -8],
					"rotation": [42.5, 0, 0],
					"cubes": [
						{"origin": [-5.5, 6.5, -11.75], "size": [11, 6, 11], "uv": [1, 47]},
						{"origin": [2.8516, 8.90409, -1.24875], "size": [1, 4, 1], "pivot": [3.3516, 10.90409, -0.74875], "rotation": [-73.62123, 49.469, 17.59047], "uv": [17, 25], "mirror": true},
						{"origin": [-5.86984, 6.83271, -8.59756], "size": [1, 6, 1], "pivot": [-6.36984, 9.58271, -7.34756], "rotation": [97.23137, -21.89355, -26.67684], "uv": [19, 24], "mirror": true},
						{"origin": [-5.86984, 7.83271, -7.59756], "size": [1, 1, 1], "pivot": [-6.36984, 9.58271, -7.34756], "rotation": [97.23137, -21.89355, -26.67684], "uv": [19, 24], "mirror": true}
					]
				},
				{
					"name": "head",
					"parent": "torso",
					"pivot": [0, 12.25, -6.5],
					"cubes": [
						{"origin": [-3.5, 11.25, -12.5], "size": [7, 7, 7], "inflate": 0.01, "uv": [29, 20]},
						{"origin": [-2, 11.25, -14], "size": [4, 3, 2], "uv": [50, 21]},
						{"origin": [-0.5, 13.25, -14.01], "size": [1, 1, 0], "uv": [6, 0]}
					]
				},
				{
					"name": "mouth",
					"parent": "head",
					"pivot": [0, 12.26, -14.01],
					"cubes": [
						{"origin": [-1, 11.76, -13.91], "size": [2, 1, 0], "uv": [6, 2]}
					]
				},
				{
					"name": "eyes",
					"parent": "head",
					"pivot": [0, 15, -10.25]
				},
				{
					"name": "eye_right",
					"parent": "eyes",
					"pivot": [-2.515, 15.25, -11.515],
					"rotation": [-0.4, -0.15, 0],
					"cubes": [
						{"origin": [-3.515, 14.25, -12.515], "size": [2, 2, 2], "uv": [55, 0], "mirror": true}
					]
				},
				{
					"name": "eyelid_right",
					"parent": "eye_right",
					"pivot": [-2.415, 15.25, -11.415],
					"cubes": [
						{"origin": [-3.415, 14.25, -12.415], "size": [2, 2, 2], "inflate": 0.01, "uv": [0, 4]}
					]
				},
				{
					"name": "eye_left",
					"parent": "eyes",
					"pivot": [2.515, 15.25, -11.515],
					"rotation": [-0.4, 0.15, 0],
					"cubes": [
						{"origin": [1.515, 14.25, -12.515], "size": [2, 2, 2], "uv": [55, 0]}
					]
				},
				{
					"name": "eyelid_left",
					"parent": "eye_left",
					"pivot": [-2.915, 15.25, -10.915],
					"cubes": [
						{"origin": [1.415, 14.25, -12.415], "size": [2, 2, 2], "inflate": 0.01, "uv": [0, 4], "mirror": true}
					]
				},
				{
					"name": "ear_right",
					"parent": "head",
					"pivot": [-3, 18, -8],
					"rotation": [-55, -30, 0],
					"cubes": [
						{"origin": [-3, 17, -10], "size": [0, 11, 5], "uv": [44, 29]},
						{"origin": [-3, 22, -11], "size": [0, 1, 1], "inflate": 0.01, "pivot": [-3, 22, -10], "rotation": [-20, 0, 0], "uv": [42, 42], "mirror": true}
					]
				},
				{
					"name": "ear_left",
					"parent": "head",
					"pivot": [3, 18, -8],
					"rotation": [-55, 30, 0],
					"cubes": [
						{"origin": [3, 17, -10], "size": [0, 11, 5], "uv": [44, 29], "mirror": true},
						{"origin": [3, 22, -11], "size": [0, 1, 1], "inflate": 0.01, "pivot": [3, 22, -10], "rotation": [-20, 0, 0], "uv": [42, 42], "mirror": true}
					]
				},
				{
					"name": "tuft",
					"parent": "head",
					"pivot": [-0.25, 18.25, -11.5],
					"rotation": [30, 0, 0],
					"cubes": [
						{"origin": [-2, 17.86602, -13.33494], "size": [4, 2, 4], "uv": [45, 58]}
					]
				},
				{
					"name": "tail",
					"parent": "torso",
					"pivot": [0, 10.25, 4],
					"rotation": [40, 0, 0],
					"cubes": [
						{"origin": [-6.5, 5.25, 4], "size": [13, 10, 10], "uv": [0, 0]},
						{"origin": [-3, 13.25, 7], "size": [1, 4, 1], "pivot": [-2.5, 15.75, 7.5], "rotation": [-45.72113, -14.60559, -13.81465], "uv": [17, 25]},
						{"origin": [5.58776, 7.34737, 10.37407], "size": [1, 4, 1], "pivot": [6.08776, 9.34737, 10.87407], "rotation": [-74.14866, 29.09698, 18.00414], "uv": [17, 25], "mirror": true},
						{"origin": [-4.75, 2.75, 6], "size": [1, 6, 1], "pivot": [-6.5, 9.25, 5.5], "rotation": [99.37112, -44.16752, -30.52745], "uv": [19, 24], "mirror": true},
						{"origin": [-4.75, 4.75, 7], "size": [1, 1, 2], "pivot": [-6.5, 9.25, 5.5], "rotation": [99.37112, -44.16752, -30.52745], "uv": [19, 24], "mirror": true}
					]
				},
				{
					"name": "tail2",
					"parent": "tail",
					"pivot": [0, 10.25, 13.5],
					"rotation": [7.5, 0, 0],
					"cubes": [
						{"origin": [-5, 6.75, 13.5], "size": [10, 7, 5], "uv": [34, 46]}
					]
				},
				{
					"name": "leg_front_right",
					"parent": "body",
					"pivot": [-3, 9, -4.5],
					"rotation": [7.5, 0, 0],
					"cubes": [
						{"origin": [-4.5, 4.5, -6], "size": [3, 6, 3], "inflate": 0.01, "uv": [0, 49], "mirror": true}
					]
				},
				{
					"name": "leg_front_right2",
					"parent": "leg_front_right",
					"pivot": [-3, 4.5, -3],
					"rotation": [-22.5, 0, 0],
					"cubes": [
						{"origin": [-4.5, 0.5, -6], "size": [3, 4, 3], "uv": [46, 13], "mirror": true}
					]
				},
				{
					"name": "leg_front_right3",
					"parent": "leg_front_right2",
					"pivot": [-3, 1, -4.5],
					"rotation": [15, 0, 0],
					"cubes": [
						{"origin": [-4.5, -0.75, -6.25], "size": [3, 2, 3], "inflate": 0.01, "uv": [46, 8], "mirror": true}
					]
				},
				{
					"name": "leg_front_left",
					"parent": "body",
					"pivot": [3, 9, -4.5],
					"rotation": [7.5, 0, 0],
					"cubes": [
						{"origin": [1.5, 4.5, -6], "size": [3, 6, 3], "inflate": 0.01, "uv": [0, 49]}
					]
				},
				{
					"name": "leg_front_left2",
					"parent": "leg_front_left",
					"pivot": [3, 4.5, -3],
					"rotation": [-22.5, 0, 0],
					"cubes": [
						{"origin": [1.5, 0.5, -6], "size": [3, 4, 3], "uv": [46, 13]}
					]
				},
				{
					"name": "leg_front_left3",
					"parent": "leg_front_left2",
					"pivot": [3, 1, -4.5],
					"rotation": [15, 0, 0],
					"cubes": [
						{"origin": [1.5, -0.75, -6.25], "size": [3, 2, 3], "inflate": 0.01, "uv": [46, 8]}
					]
				},
				{
					"name": "leg_back_right",
					"parent": "body",
					"pivot": [-3, 9, 4.75],
					"rotation": [5, 0, 0],
					"cubes": [
						{"origin": [-4.5, 4.5, 2.75], "size": [3, 6, 4], "inflate": 0.01, "uv": [0, 20], "mirror": true}
					]
				},
				{
					"name": "leg_back_right2",
					"parent": "leg_back_right",
					"pivot": [-3, 4.5, 6.25],
					"rotation": [-12.5, 0, 0],
					"cubes": [
						{"origin": [-4.5, 0.75, 4.25], "size": [3, 4, 3], "uv": [0, 42], "mirror": true}
					]
				},
				{
					"name": "leg_back_right3",
					"parent": "leg_back_right2",
					"pivot": [-3, 1.25, 5.75],
					"rotation": [7.5, 0, 0],
					"cubes": [
						{"origin": [-4.5, -0.25, 4], "size": [3, 2, 3], "inflate": 0.01, "uv": [12, 42], "mirror": true}
					]
				},
				{
					"name": "leg_back_left",
					"parent": "body",
					"pivot": [3, 9, 4.75],
					"rotation": [5, 0, 0],
					"cubes": [
						{"origin": [1.5, 4.5, 2.75], "size": [3, 6, 4], "inflate": 0.01, "uv": [0, 20]}
					]
				},
				{
					"name": "leg_back_left2",
					"parent": "leg_back_left",
					"pivot": [3, 4.5, 6.25],
					"rotation": [-12.5, 0, 0],
					"cubes": [
						{"origin": [1.5, 0.75, 4.25], "size": [3, 4, 3], "uv": [0, 42]}
					]
				},
				{
					"name": "leg_back_left3",
					"parent": "leg_back_left2",
					"pivot": [3, 1.25, 5.75],
					"rotation": [7.5, 0, 0],
					"cubes": [
						{"origin": [1.5, -0.25, 4], "size": [3, 2, 3], "inflate": 0.01, "uv": [12, 42]}
					]
				}
			]
		}
	]
}