{
	"format_version": "1.12.0",
	"minecraft:geometry": [
		{
			"description": {
				"identifier": "geometry.champeon",
				"texture_width": 128,
				"texture_height": 128,
				"visible_bounds_width": 4,
				"visible_bounds_height": 3.5,
				"visible_bounds_offset": [0, 1.25, 0]
			},
			"bones": [
				{
					"name": "champeon",
					"pivot": [0, 0, 0]
				},
				{
					"name": "body",
					"parent": "champeon",
					"pivot": [0, 9.75, 0]
				},
				{
					"name": "torso",
					"parent": "body",
					"pivot": [0, 9.75, 0],
					"cubes": [
						{"origin": [-3.5, 6.75, -7], "size": [7, 6, 14], "uv": [0, 0]}
					]
				},
				{
					"name": "neck",
					"parent": "torso",
					"pivot": [0, 11.25, -5],
					"rotation": [22.5, 0, 0],
					"cubes": [
						{"origin": [-3.5, 9.75, -8], "size": [7, 3, 6], "inflate": 0.02, "uv": [28, 32]}
					]
				},
				{
					"name": "head",
					"parent": "neck",
					"pivot": [0, 13.25, -4],
					"rotation": [-12.5, 0, 0],
					"cubes": [
						{"origin": [-3.5, 11.75, -10], "size": [7, 7, 7], "inflate": 0.01, "uv": [0, 20]},
						{"origin": [-2.5, 11.75, -11.5], "size": [5, 2, 2], "uv": [54, 32]},
						{"origin": [-0.5, 12.5, -11.51], "size": [1, 1, 0], "uv": [24, 35]}
					]
				},
				{
					"name": "mouth",
					"parent": "head",
					"pivot": [0, 12.26, -10.415],
					"cubes": [
						{"origin": [-1, 11.76, -10.415], "size": [2, 1, 0], "uv": [24, 34]}
					]
				},
				{
					"name": "eyes",
					"parent": "head",
					"pivot": [0, 14.75, -10]
				},
				{
					"name": "eye_right",
					"parent": "eyes",
					"pivot": [-2.515, 15, -9.015],
					"cubes": [
						{"origin": [-3.515, 14, -10.015], "size": [2, 2, 3], "uv": [12, 58]},
						{"origin": [-2.75, 14.25, -10.02], "size": [1, 1, 0], "uv": [26, 35]}
					]
				},
				{
					"name": "eyelid_right",
					"parent": "eye_right",
					"pivot": [-2.415, 15, -8.915],
					"cubes": [
						{"origin": [-3.415, 14, -9.915], "size": [2, 2, 2], "inflate": 0.01, "uv": [58, 45]}
					]
				},
				{
					"name": "eye_left",
					"parent": "eyes",
					"pivot": [2.515, 15, -9.015],
					"cubes": [
						{"origin": [1.515, 14, -10.015], "size": [2, 2, 3], "uv": [48, 57]},
						{"origin": [1.75, 14.25, -10.02], "size": [1, 1, 0], "uv": [24, 36]}
					]
				},
				{
					"name": "eyelid_left",
					"parent": "eye_left",
					"pivot": [2.415, 15, -8.915],
					"cubes": [
						{"origin": [1.415, 14, -9.915], "size": [2, 2, 2], "inflate": 0.01, "uv": [58, 41]}
					]
				},
				{
					"name": "ear_left",
					"parent": "head",
					"pivot": [3, 17.25, -7],
					"rotation": [-20, -25, 30],
					"cubes": [
						{"origin": [1, 17.25, -7], "size": [5, 5, 0], "uv": [14, 44]}
					]
				},
				{
					"name": "ear_left2",
					"parent": "ear_left",
					"pivot": [3.5, 22.25, -7],
					"cubes": [
						{"origin": [1, 22.25, -7], "size": [5, 7, 0], "uv": [56, 7]}
					]
				},
				{
					"name": "ear_right",
					"parent": "head",
					"pivot": [-3, 17.25, -7],
					"rotation": [-20, 25, -30],
					"cubes": [
						{"origin": [-6, 17.25, -7], "size": [5, 5, 0], "uv": [38, 57]}
					]
				},
				{
					"name": "ear_right2",
					"parent": "ear_right",
					"pivot": [-3.5, 22.25, -7],
					"cubes": [
						{"origin": [-6, 22.25, -7], "size": [5, 7, 0], "uv": [56, 14]}
					]
				},
				{
					"name": "tail",
					"parent": "torso",
					"pivot": [0, 11.25, 7],
					"cubes": [
						{"origin": [-2.5, 10.25, 7], "size": [5, 2, 5], "uv": [42, 0]}
					]
				},
				{
					"name": "tail2",
					"parent": "tail",
					"pivot": [0, 11.25, 11.5],
					"rotation": [22.5, 0, 0],
					"cubes": [
						{"origin": [-3.5, 9.25, 11.5], "size": [7, 4, 4], "uv": [24, 41]}
					]
				},
				{
					"name": "tail3",
					"parent": "tail2",
					"pivot": [-1, 11.25, 15],
					"cubes": [
						{"origin": [-4, 8.25, 15], "size": [8, 6, 4], "uv": [0, 34]}
					]
				},
				{
					"name": "tail4",
					"parent": "tail3",
					"pivot": [-1, 8.25, 19],
					"rotation": [22.5, 0, 0],
					"cubes": [
						{"origin": [-4, 8.25, 19], "size": [8, 6, 6], "inflate": 0.01, "uv": [28, 20]},
						{"origin": [-1, 12.25, 21.75], "size": [2, 3, 4], "uv": [28, 0]},
						{"origin": [1.5, 12, 21.75], "size": [2, 3, 4], "pivot": [2.5, 12.5, 23.75], "rotation": [0, 0, 7.5], "uv": [28, 0]},
						{"origin": [2.25, 10, 21.5], "size": [2, 3, 4], "pivot": [3.25, 10.5, 23.5], "rotation": [0, 0, 30], "uv": [28, 0]},
						{"origin": [-3.5, 12, 21.75], "size": [2, 3, 4], "pivot": [-2.5, 12.5, 23.75], "rotation": [0, 0, -7.5], "uv": [28, 0]},
						{"origin": [-4.5, 12.5, 20.5], "size": [2, 2, 3], "pivot": [-3.5, 13.5, 22], "rotation": [-22.5, 0, 22.5], "uv": [29, 1]}
					]
				},
				{
					"name": "leg_front_left",
					"parent": "body",
					"pivot": [2.5, 9, -4.5],
					"rotation": [7.5, 0, 0],
					"cubes": [
						{"origin": [1, 4.5, -6], "size": [3, 6, 3], "inflate": 0.01, "uv": [14, 49]}
					]
				},
				{
					"name": "leg_front_left2",
					"parent": "leg_front_left",
					"pivot": [2.5, 4.5, -3],
					"rotation": [-22.5, 0, 0],
					"cubes": [
						{"origin": [1, 0.5, -6], "size": [3, 4, 3], "uv": [38, 50]}
					]
				},
				{
					"name": "leg_front_left3",
					"parent": "leg_front_left2",
					"pivot": [2.5, 1, -4.5],
					"rotation": [15, 0, 0],
					"cubes": [
						{"origin": [1, -0.75, -6.25], "size": [3, 2, 3], "inflate": 0.01, "uv": [56, 21]}
					]
				},
				{
					"name": "leg_front_right",
					"parent": "body",
					"pivot": [-2.5, 9, -4.5],
					"rotation": [7.5, 0, 0],
					"cubes": [
						{"origin": [-4, 4.5, -6], "size": [3, 6, 3], "inflate": 0.01, "uv": [46, 41]}
					]
				},
				{
					"name": "leg_front_right2",
					"parent": "leg_front_right",
					"pivot": [-2.5, 4.5, -3],
					"rotation": [-22.5, 0, 0],
					"cubes": [
						{"origin": [-4, 0.5, -6], "size": [3, 4, 3], "uv": [26, 49]}
					]
				},
				{
					"name": "leg_front_right3",
					"parent": "leg_front_right2",
					"pivot": [-2.5, 1, -4.5],
					"rotation": [15, 0, 0],
					"cubes": [
						{"origin": [-4, -0.75, -6.25], "size": [3, 2, 3], "inflate": 0.01, "uv": [54, 36]}
					]
				},
				{
					"name": "leg_back_left",
					"parent": "body",
					"pivot": [2.5, 9, 4.75],
					"rotation": [5, 0, 0],
					"cubes": [
						{"origin": [1, 4.5, 2.75], "size": [3, 6, 4], "inflate": 0.01, "uv": [0, 44]}
					]
				},
				{
					"name": "leg_back_left2",
					"parent": "leg_back_left",
					"pivot": [2.5, 4.5, 6.25],
					"rotation": [-12.5, 0, 0],
					"cubes": [
						{"origin": [1, 0.75, 4.25], "size": [3, 4, 3], "uv": [0, 54]}
					]
				},
				{
					"name": "leg_back_left3",
					"parent": "leg_back_left2",
					"pivot": [2.5, 1.25, 5.75],
					"rotation": [7.5, 0, 0],
					"cubes": [
						{"origin": [1, -0.25, 4], "size": [3, 2, 3], "inflate": 0.01, "uv": [56, 26]}
					]
				},
				{
					"name": "leg_back_right",
					"parent": "body",
					"pivot": [-2.5, 9, 4.75],
					"rotation": [5, 0, 0],
					"cubes": [
						{"origin": [-4, 4.5, 2.75], "size": [3, 6, 4], "inflate": 0.01, "uv": [42, 7]}
					]
				},
				{
					"name": "leg_back_right2",
					"parent": "leg_back_right",
					"pivot": [-2.5, 4.5, 6.25],
					"rotation": [-12.5, 0, 0],
					"cubes": [
						{"origin": [-4, 0.75, 4.25], "size": [3, 4, 3], "uv": [50, 50]}
					]
				},
				{
					"name": "leg_back_right3",
					"parent": "leg_back_right2",
					"pivot": [-2.5, 1.25, 5.75],
					"rotation": [7.5, 0, 0],
					"cubes": [
						{"origin": [-4, -0.25, 4], "size": [3, 2, 3], "inflate": 0.01, "uv": [26, 56]}
					]
				}
			]
		}
	]
}