{
  "implemented": true,
  "name": "Drakeon",
  "nationalPokedexNumber": 3134,
  "primaryType": "dragon",
  "abilities": [
    "stamina",
    "h:marvelscale"
  ],
  "baseStats": {
    "hp": 130,
    "attack": 110,
    "defence": 95,
    "special_attack": 65,
    "special_defence": 60,
    "speed": 65
  },
  "catchRate": 45,
  "maleRatio": 0.875,
  "shoulderMountable": false,
  "baseExperienceYield": 184,
  "experienceGroup": "medium_fast",
  "eggCycles": 35,
  "eggGroups": [
    "field"
  ],
  "behaviour": {
    "moving": {
      "swim": {
        "canSwimInWater": true,
        "canBreatheUnderwater": true
      }
    }
  },
  "moves": [
    "1:batonpass",
    "1:charm",
    "1:copycat",
    "1:covet",
    "1:doubleedge",
    "1:growl",
    "1:helpinghand",
    "1:swift",
    "1:tackle",
    "1:tailwhip",
    "1:takedown",
    "8:sandattack",
    "9:babydolleyes",
    "16:dragonrage",
    "17:dualchop",
    "23:quickattack",
    "30:bite",
    "36:aurorabeam",
    "42:haze",
    "43:aquaring",
    "47:scaleshot",
    "50:lastresort",
    "52:hydropump",
    "78:outrage",
    "tm:attract",
    "tm:batonpass",
    "tm:bodyslam",
    "tm:brine",
    "tm:calmmind",
    "tm:captivate",
    "tm:charm",
    "tm:chillingwater",
    "tm:confide",
    "tm:dig",
    "tm:dive",
    "tm:doubleteam",
    "tm:echoedvoice",
    "tm:endure",
    "tm:facade",
    "tm:faketears",
    "tm:focusenergy",
    "tm:frustration",
    "tm:gigaimpact",
    "tm:hail",
    "tm:helpinghand",
    "tm:hiddenpower",
    "tm:hydropump",
    "tm:hyperbeam",
    "tm:hypervoice",
    "tm:icebeam",
    "tm:icywind",
    "tm:irontail",
    "tm:liquidation",
    "tm:muddywater",
    "tm:mudslap",
    "tm:naturalgift",
    "tm:payday",
    "tm:protect",
    "tm:raindance",
    "tm:rest",
    "tm:retaliate",
    "tm:return",
    "tm:roar",
    "tm:rocksmash",
    "tm:round",
    "tm:scald",
    "tm:secretpower",
    "tm:shadowball",
    "tm:sleeptalk",
    "tm:snore",
    "tm:storedpower",
    "tm:strength",
    "tm:substitute",
    "tm:sunnyday",
    "tm:surf",
    "tm:swagger",
    "tm:swift",
    "tm:takedown",
    "tm:terablast",
    "tm:toxic",
    "tm:trailblaze",
    "tm:weatherball",
    "tm:whirlpool",
    "tm:workup",
    "tutor:acidarmor",
    "tutor:attract",
    "tutor:aurorabeam",
    "tutor:bide",
    "tutor:bite",
    "tutor:bodyslam",
    "tutor:celebrate",
    "tutor:covet",
    "tutor:curse",
    "tutor:detect",
    "tutor:dig",
    "tutor:dive",
    "tutor:doubleedge",
    "tutor:doublekick",
    "tutor:doubleteam",
    "tutor:endure",
    "tutor:facade",
    "tutor:flipturn",
    "tutor:frustration",
    "tutor:growl",
    "tutor:haze",
    "tutor:headbutt",
    "tutor:healbell",
    "tutor:helpinghand",
    "tutor:hiddenpower",
    "tutor:hydropump",
    "tutor:bodypress",
    "tutor:hypervoice",
    "tutor:icebeam",
    "tutor:irontail",
    "tutor:laserfocus",
    "tutor:lastresort",
    "tutor:mimic",
    "tutor:mist",
    "tutor:cut",
    "tutor:payday",
    "tutor:protect",
    "tutor:quickattack",
    "tutor:rage",
    "tutor:raindance",
    "tutor:reflect",
    "tutor:rest",
    "tutor:return",
    "tutor:roar",
    "tutor:sandattack",
    "tutor:shadowball",
    "tutor:signalbeam",
    "tutor:skullbash",
    "tutor:sleeptalk",
    "tutor:snore",
    "tutor:substitute",
    "tutor:sunnyday",
    "tutor:surf",
    "tutor:swagger",
    "tutor:swift",
    "tutor:tackle",
    "tutor:tailwhip",
    "tutor:takedown",
    "tutor:toxic",
    "tutor:whirlpool",
    "tutor:yawn"
  ],
  "labels": [
    "gen9",
    "custom"
  ],
  "pokedex": [
    "cobblemon.species.drakeon.desc"
  ],
  "preEvolution": "eevee",
  "evolutions": [],
  "baseScale": 0.8,
  "hitbox": {
    "width": 0.9,
    "height": 1,
    "fixed": false
  },
  "baseFriendship": 50,
  "evYield": {
    "hp": 2,
    "attack": 0,
    "defence": 0,
    "special_attack": 0,
    "special_defence": 0,
    "speed": 0
  },
  "height": 10,
  "weight": 290,
  "aspects": [],
  "cannotDynamax": false
}