{
  "implemented": true,
  "name": "Ecteon",
  "nationalPokedexNumber": 3196,
  "primaryType": "ghost",
  "abilities": [
    "oblivious",
    "h:shadowtag"
  ],
  "baseStats": {
    "hp": 65,
    "attack": 130,
    "defence": 95,
    "special_attack": 65,
    "special_defence": 60,
    "speed": 110
  },
  "catchRate": 45,
  "maleRatio": 0.875,
  "shoulderMountable": false,
  "baseExperienceYield": 184,
  "experienceGroup": "medium_fast",
  "eggCycles": 35,
  "eggGroups": [
    "field"
  ],
  "moves": [
    "1:batonpass",
    "1:bite",
    "1:charm",
    "1:copycat",
    "1:covet",
    "1:lick",
    "1:growl",
    "1:helpinghand",
    "1:tackle",
    "1:tailwhip",
    "1:takedown",
    "8:sandattack",
    "9:babydolleyes",
    "16:confusion",
    "23:quickattack",
    "30:swift",
    "36:shadowpunch",
    "42:psychup",
    "43:shadowclaw",
    "47:psychic",
    "50:lastresort",
    "52:destinybond",
    "78:willowisp",
    "tm:allyswitch",
    "tm:attract",
    "tm:batonpass",
    "tm:bodyslam",
    "tm:calmmind",
    "tm:captivate",
    "tm:charm",
    "tm:confide",
    "tm:confuseray",
    "tm:crunch",
    "tm:cut",
    "tm:curse",
    "tm:playrough",
    "tm:dig",
    "tm:doubleteam",
    "tm:drainingkiss",
    "tm:dreameater",
    "tm:echoedvoice",
    "tm:endure",
    "tm:facade",
    "tm:faketears",
    "tm:flash",
    "tm:focusenergy",
    "tm:frustration",
    "tm:ominouswind",
    "tm:gigaimpact",
    "tm:grassknot",
    "tm:helpinghand",
    "tm:hiddenpower",
    "tm:hyperbeam",
    "tm:hypervoice",
    "tm:imprison",
    "tm:irontail",
    "tm:lightscreen",
    "tm:magicalleaf",
    "tm:magicroom",
    "tm:mudslap",
    "tm:naturalgift",
    "tm:payday",
    "tm:powergem",
    "tm:powerswap",
    "tm:protect",
    "tm:psybeam",
    "tm:psychic",
    "tm:grudge",
    "tm:psychicterrain",
    "tm:psychup",
    "tm:psyshock",
    "tm:raindance",
    "tm:reflect",
    "tm:rest",
    "tm:retaliate",
    "tm:return",
    "tm:round",
    "tm:secretpower",
    "tm:shadowball",
    "tm:shadowsneak",
    "tm:skillswap",
    "tm:sleeptalk",
    "tm:snore",
    "tm:storedpower",
    "tm:substitute",
    "tm:sunnyday",
    "tm:swagger",
    "tm:swift",
    "tm:takedown",
    "tm:telekinesis",
    "tm:terablast",
    "tm:thunderwave",
    "tm:toxic",
    "tm:trailblaze",
    "tm:trick",
    "tm:trickroom",
    "tm:weatherball",
    "tm:workup",
    "tm:zenheadbutt",
    "tutor:allyswitch",
    "tutor:attract",
    "tutor:bodyslam",
    "tutor:celebrate",
    "tutor:confusion",
    "tutor:covet",
    "tutor:curse",
    "tutor:cut",
    "tutor:playrough",
    "tutor:detect",
    "tutor:doubleedge",
    "tutor:doubleteam",
    "tutor:shadowforce",
    "tutor:endure",
    "tutor:expandingforce",
    "tutor:flash",
    "tutor:frustration",
    "tutor:headbutt",
    "tutor:healbell",
    "tutor:helpinghand",
    "tutor:hiddenpower",
    "tutor:hyperbeam",
    "tutor:hypervoice",
    "tutor:irontail",
    "tutor:laserfocus",
    "tutor:lastresort",
    "tutor:magiccoat",
    "tutor:magicroom",
    "tutor:mimic",
    "tutor:morningsun",
    "tutor:mudslap",
    "tutor:nightmare",
    "tutor:protect",
    "tutor:psybeam",
    "tutor:psychic",
    "tutor:psychup",
    "tutor:quickattack",
    "tutor:raindance",
    "tutor:reflect",
    "tutor:rest",
    "tutor:return",
    "tutor:sandattack",
    "tutor:shadowball",
    "tutor:signalbeam",
    "tutor:skillswap",
    "tutor:sleeptalk",
    "tutor:snore",
    "tutor:substitute",
    "tutor:sunnyday",
    "tutor:swagger",
    "tutor:swift",
    "tutor:tackle",
    "tutor:tailwhip",
    "tutor:telekinesis",
    "tutor:toxic",
    "tutor:trick",
    "tutor:zapcannon",
    "tutor:zenheadbutt"
  ],
  "labels": [
    "gen9",
    "custom"
  ],
  "pokedex": [
    "cobblemon.species.ecteon.desc"
  ],
  "preEvolution": "eevee",
  "evolutions": [],
  "baseScale": 0.8,
  "hitbox": {
    "width": 0.9,
    "height": 1.1,
    "fixed": false
  },
  "baseFriendship": 50,
  "evYield": {
    "hp": 0,
    "attack": 0,
    "defence": 0,
    "special_attack": 2,
    "special_defence": 0,
    "speed": 0
  },
  "height": 9,
  "weight": 265,
  "aspects": [],
  "cannotDynamax": false
}