{
  "implemented": true,
  "name": "Ireon",
  "nationalPokedexNumber": 3471,
  "primaryType": "steel",
  "abilities": [
    "defiant",
    "h:moxie"
  ],
  "baseStats": {
    "hp": 75,
    "attack": 130,
    "defence": 105,
    "special_attack": 60,
    "special_defence": 85,
    "speed": 70
  },
  "catchRate": 45,
  "maleRatio": 0.875,
  "shoulderMountable": false,
  "baseExperienceYield": 184,
  "experienceGroup": "medium_fast",
  "eggCycles": 35,
  "eggGroups": [
    "field"
  ],
  "moves": [
    "1:batonpass",
    "1:charm",
    "1:copycat",
    "1:covet",
    "1:doubleedge",
    "1:growl",
    "1:helpinghand",
    "1:swift",
    "1:tackle",
    "1:tailwhip",
    "1:takedown",
    "8:sandattack",
    "9:babydolleyes",
    "15:bulletpunch",
    "22:quickattack",
    "29:bite",
    "35:flashcannon",
    "36:metalclaw",
    "40:cut",
    "43:ironhead",
    "50:lastresort",
    "57:mirrorcoat",
    "64:irondefense",
    "71:shiftgear",
    "78:barrier",
    "tm:attract",
    "tm:auroraveil",
    "tm:avalanche",
    "tm:batonpass",
    "tm:cut",
    "tm:bodyslam",
    "tm:bulkup",
    "tm:calmmind",
    "tm:captivate",
    "tm:charm",
    "tm:chillingwater",
    "tm:confide",
    "tm:crunch",
    "tm:dig",
    "tm:doubleteam",
    "tm:detect",
    "tm:echoedvoice",
    "tm:endure",
    "tm:facade",
    "tm:faketears",
    "tm:focusenergy",
    "tm:frustration",
    "tm:gigaimpact",
    "tm:helpinghand",
    "tm:hiddenpower",
    "tm:hyperbeam",
    "tm:hypervoice",
    "tm:iciclespear",
    "tm:irontail",
    "tm:icefang",
    "tm:mudshot",
    "tm:mudslap",
    "tm:naturalgift",
    "tm:payday",
    "tm:protect",
    "tm:raindance",
    "tm:rest",
    "tm:retaliate",
    "tm:return",
    "tm:roar",
    "tm:rocksmash",
    "tm:round",
    "tm:secretpower",
    "tm:shadowball",
    "tm:sleeptalk",
    "tm:snore",
    "tm:snowscape",
    "tm:storedpower",
    "tm:strength",
    "tm:substitute",
    "tm:sunnyday",
    "tm:swagger",
    "tm:swift",
    "tm:takedown",
    "tm:terablast",
    "tm:toxic",
    "tm:thunderfang",
    "tm:waterpulse",
    "tm:weatherball",
    "tm:workup",
    "tm:wideguard",
    "tutor:aquatail",
    "tutor:auroraveil",
    "tutor:blizzard",
    "tutor:celebrate",
    "tutor:covet",
    "tutor:hail",
    "tutor:headbutt",
    "tutor:healbell",
    "tutor:helpinghand",
    "tutor:hypervoice",
    "tutor:icywind",
    "tutor:irontail",
    "tutor:laserfocus",
    "tutor:lastresort",
    "tutor:mudslap",
    "tutor:sandattack",
    "tutor:shadowball",
    "tutor:signalbeam",
    "tutor:sleeptalk",
    "tutor:snore",
    "tutor:swift",
    "tutor:tackle",
    "tutor:tailwhip",
    "tutor:tripleaxel",
    "tutor:waterpulse"
  ],
  "labels": [
    "gen9",
    "custom"
  ],
  "pokedex": [
    "cobblemon.species.ireon.desc"
  ],
  "preEvolution": "eevee",
  "evolutions": [],
  "baseScale": 0.8,
  "hitbox": {
    "width": 0.9,
    "height": 1.1,
    "fixed": false
  },
  "baseFriendship": 35,
  "evYield": {
    "hp": 0,
    "attack": 2,
    "defence": 0,
    "special_attack": 0,
    "special_defence": 0,
    "speed": 0
  },
  "height": 8,
  "weight": 259,
  "aspects": [],
  "cannotDynamax": false
}