{
  "implemented": true,
  "name": "Soareon",
  "nationalPokedexNumber": 3700,
  "primaryType": "flying",
  "abilities": [
    "clearbody",
    "h:galewings"
  ],
  "baseStats": {
    "hp": 60,
    "attack": 110,
    "defence": 130,
    "special_attack": 65,
    "special_defence": 65,
    "speed": 95
  },
  "catchRate": 45,
  "maleRatio": 0.875,
  "shoulderMountable": false,
  "baseExperienceYield": 184,
  "experienceGroup": "medium_fast",
  "eggCycles": 35,
  "eggGroups": [
    "field"
  ],
  "moves": [
    "1:batonpass",
    "1:bite",
    "1:charm",
    "1:copycat",
    "1:covet",
    "1:gust",
    "1:doubleedge",
    "1:growl",
    "1:helpinghand",
    "1:tackle",
    "1:tailwhip",
    "1:takedown",
    "5:sandattack",
    "9:babydolleyes",
    "10:tailwind",
    "13:quickattack",
    "17:swift",
    "20:wingattack",
    "25:skillswap",
    "29:raindance",
    "33:lightscreen",
    "37:aeroblast",
    "41:lastresort",
    "45:psychup",
    "78:flyingpress",
    "tm:attract",
    "tm:batonpass",
    "tm:bodyslam",
    "tm:calmmind",
    "tm:charm",
    "tm:confide",
    "tm:cut",
    "tm:bounce",
    "tm:dig",
    "tm:doubleteam",
    "tm:echoedvoice",
    "tm:endure",
    "tm:facade",
    "tm:faketears",
    "tm:flash",
    "tm:focusenergy",
    "tm:frustration",
    "tm:gigaimpact",
    "tm:helpinghand",
    "tm:hiddenpower",
    "tm:hyperbeam",
    "tm:hypervoice",
    "tm:irontail",
    "tm:lightscreen",
    "tm:magicalleaf",
    "tm:mistyterrain",
    "tm:mysticalfire",
    "tm:payday",
    "tm:playrough",
    "tm:protect",
    "tm:psychic",
    "tm:psychup",
    "tm:psyshock",
    "tm:raindance",
    "tm:reflect",
    "tm:rest",
    "tm:roost",
    "tm:retaliate",
    "tm:return",
    "tm:round",
    "tm:safeguard",
    "tm:secretpower",
    "tm:shadowball",
    "tm:skillswap",
    "tm:sleeptalk",
    "tm:snore",
    "tm:storedpower",
    "tm:substitute",
    "tm:sunnyday",
    "tm:swagger",
    "tm:swift",
    "tm:takedown",
    "tm:terablast",
    "tm:toxic",
    "tm:trailblaze",
    "tm:weatherball",
    "tm:workup",
    "tutor:babydolleyes",
    "tutor:calmmind",
    "tutor:celebrate",
    "tutor:covet",
    "tutor:drainingkiss",
    "tutor:healbell",
    "tutor:helpinghand",
    "tutor:hyperbeam",
    "tutor:hypervoice",
    "tutor:irontail",
    "tutor:laserfocus",
    "tutor:lastresort",
    "tutor:magiccoat",
    "tutor:mistyexplosion",
    "tutor:psyshock",
    "tutor:quickattack",
    "tutor:sandattack",
    "tutor:skillswap",
    "tutor:snore",
    "tutor:featherdance",
    "tutor:telekinesis"
  ],
  "labels": [
    "gen9",
    "custom"
  ],
  "pokedex": [
    "cobblemon.species.soareon.desc"
  ],
  "preEvolution": "eevee",
  "evolutions": [],
  "baseScale": 0.8,
  "hitbox": {
    "width": 0.9,
    "height": 1.2,
    "fixed": false
  },
  "baseFriendship": 50,
  "evYield": {
    "hp": 0,
    "attack": 0,
    "defence": 0,
    "special_attack": 0,
    "special_defence": 2,
    "speed": 0
  },
  "height": 10,
  "weight": 235,
  "aspects": [],
  "cannotDynamax": false
}