{
  "implemented": true,
  "name": "Terreon",
  "nationalPokedexNumber": 3136,
  "primaryType": "ground",
  "abilities": [
    "dryskin",
    "h:sandrush"
  ],
  "baseStats": {
    "hp": 65,
    "attack": 130,
    "defence": 110,
    "special_attack": 95,
    "special_defence": 60,
    "speed": 65
  },
  "catchRate": 45,
  "maleRatio": 0.875,
  "shoulderMountable": false,
  "baseExperienceYield": 184,
  "experienceGroup": "medium_fast",
  "eggCycles": 35,
  "eggGroups": [
    "field"
  ],
  "moves": [
    "1:batonpass",
    "1:charm",
    "1:copycat",
    "1:covet",
    "1:doubleedge",
    "1:growl",
    "1:helpinghand",
    "1:swift",
    "1:tackle",
    "1:tailwhip",
    "1:takedown",
    "8:sandattack",
    "9:babydolleyes",
    "16:mudslap",
    "23:quickattack",
    "30:bite",
    "36:sandtomb",
    "42:mudsport",
    "43:bulldoze",
    "45:mudshot",
    "47:leer",
    "50:lastresort",
    "52:dig",
    "64:scaryface",
    "71:spikes",
    "78:sandstorm",
    "tm:attract",
    "tm:batonpass",
    "tm:bodyslam",
    "tm:calmmind",
    "tm:captivate",
    "tm:charm",
    "tm:confide",
    "tm:dig",
    "tm:doubleteam",
    "tm:earthquake",
    "tm:echoedvoice",
    "tm:endure",
    "tm:facade",
    "tm:faketears",
    "tm:focusenergy",
    "tm:frustration",
    "tm:gigaimpact",
    "tm:helpinghand",
    "tm:hiddenpower",
    "tm:hyperbeam",
    "tm:hypervoice",
    "tm:irontail",
    "tm:rollout",
    "tm:magnitude",
    "tm:naturalgift",
    "tm:payday",
    "tm:protect",
    "tm:raindance",
    "tm:rest",
    "tm:retaliate",
    "tm:return",
    "tm:roar",
    "tm:rocksmash",
    "tm:round",
    "tm:scaryface",
    "tm:secretpower",
    "tm:shadowball",
    "tm:sleeptalk",
    "tm:snore",
    "tm:storedpower",
    "tm:strength",
    "tm:substitute",
    "tm:sunnyday",
    "tm:superpower",
    "tm:swagger",
    "tm:swift",
    "tm:spikes",
    "tm:takedown",
    "tm:terablast",
    "tm:toxic",
    "tm:trailblaze",
    "tm:weatherball",
    "tm:workup",
    "tutor:attract",
    "tutor:bide",
    "tutor:bite",
    "tutor:bodyslam",
    "tutor:celebrate",
    "tutor:covet",
    "tutor:curse",
    "tutor:detect",
    "tutor:dig",
    "tutor:doubleedge",
    "tutor:doublekick",
    "tutor:doubleteam",
    "tutor:ember",
    "tutor:endure",
    "tutor:facade",
    "tutor:fireblast",
    "tutor:firespin",
    "tutor:flamethrower",
    "tutor:flareblitz",
    "tutor:focusenergy",
    "tutor:frustration",
    "tutor:growl",
    "tutor:headbutt",
    "tutor:healbell",
    "tutor:heatwave",
    "tutor:helpinghand",
    "tutor:hiddenpower",
    "tutor:hyperbeam",
    "tutor:headsmash",
    "tutor:hypervoice",
    "tutor:irontail",
    "tutor:laserfocus",
    "tutor:lastresort",
    "tutor:leer",
    "tutor:mimic",
    "tutor:mudslap",
    "tutor:payday",
    "tutor:protect",
    "tutor:quickattack",
    "tutor:rage",
    "tutor:raindance",
    "tutor:reflect",
    "tutor:rest",
    "tutor:return",
    "tutor:roar",
    "tutor:rockpolish",
    "tutor:rockslide",
    "tutor:sandattack",
    "tutor:sandstorm",
    "tutor:scorchingsands",
    "tutor:shadowball",
    "tutor:skullbash",
    "tutor:sleeptalk",
    "tutor:smog",
    "tutor:snore",
    "tutor:stealthrock",
    "tutor:substitute",
    "tutor:sunnyday",
    "tutor:superpower",
    "tutor:swagger",
    "tutor:swift",
    "tutor:tackle",
    "tutor:tailwhip",
    "tutor:takedown",
    "tutor:toxic",
    "tutor:yawn"
  ],
  "labels": [
    "gen9",
    "custom"
  ],
  "pokedex": [
    "cobblemon.species.terreon.desc"
  ],
  "preEvolution": "eevee",
  "evolutions": [],
  "baseScale": 0.8,
  "hitbox": {
    "width": 0.9,
    "height": 1.1,
    "fixed": false
  },
  "baseFriendship": 50,
  "evYield": {
    "hp": 0,
    "attack": 2,
    "defence": 0,
    "special_attack": 0,
    "special_defence": 0,
    "speed": 0
  },
  "height": 9,
  "weight": 250,
  "aspects": [],
  "cannotDynamax": false
}