{
  "implemented": true,
  "name": "Toxeon",
  "nationalPokedexNumber": 3197,
  "primaryType": "poison",
  "abilities": [
    "immunity",
    "h:poisonheal"
  ],
  "baseStats": {
    "hp": 95,
    "attack": 60,
    "defence": 130,
    "special_attack": 60,
    "special_defence": 110,
    "speed": 70
  },
  "catchRate": 45,
  "maleRatio": 0.875,
  "shoulderMountable": false,
  "baseExperienceYield": 184,
  "experienceGroup": "medium_fast",
  "eggCycles": 35,
  "eggGroups": [
    "field"
  ],
  "moves": [
    "1:batonpass",
    "1:bite",
    "1:charm",
    "1:copycat",
    "1:covet",
    "1:doubleedge",
    "1:growl",
    "1:helpinghand",
    "1:swift",
    "1:tackle",
    "1:tailwhip",
    "1:takedown",
    "8:sandattack",
    "9:babydolleyes",
    "16:acid",
    "23:quickattack",
    "30:acidarmor",
    "36:poisontail",
    "40:poisonjab",
    "42:venomdrench",
    "43:acidspray",
    "47:screech",
    "50:lastresort",
    "52:toxic",
    "78:guardswap",
    "tm:assurance",
    "tm:attract",
    "tm:batonpass",
    "tm:bodyslam",
    "tm:calmmind",
    "tm:captivate",
    "tm:charm",
    "tm:confide",
    "tm:confuseray",
    "tm:crunch",
    "tm:cut",
    "tm:dig",
    "tm:doubleteam",
    "tm:dreameater",
    "tm:echoedvoice",
    "tm:endure",
    "tm:facade",
    "tm:faketears",
    "tm:flash",
    "tm:focusenergy",
    "tm:foulplay",
    "tm:frustration",
    "tm:gigaimpact",
    "tm:guardswap",
    "tm:helpinghand",
    "tm:hiddenpower",
    "tm:hyperbeam",
    "tm:hypervoice",
    "tm:irontail",
    "tm:lightscreen",
    "tm:naturalgift",
    "tm:payback",
    "tm:payday",
    "tm:poisonjab",
    "tm:protect",
    "tm:psychic",
    "tm:psychup",
    "tm:raindance",
    "tm:reflect",
    "tm:rest",
    "tm:retaliate",
    "tm:return",
    "tm:round",
    "tm:scaryface",
    "tm:screech",
    "tm:secretpower",
    "tm:shadowball",
    "tm:skillswap",
    "tm:sleeptalk",
    "tm:snarl",
    "tm:snatch",
    "tm:snore",
    "tm:storedpower",
    "tm:substitute",
    "tm:sunnyday",
    "tm:swagger",
    "tm:swift",
    "tm:takedown",
    "tm:taunt",
    "tm:terablast",
    "tm:thief",
    "tm:throatchop",
    "tm:thunderwave",
    "tm:torment",
    "tm:toxic",
    "tm:trailblaze",
    "tm:weatherball",
    "tm:wonderroom",
    "tm:workup",
    "tutor:attract",
    "tutor:bodyslam",
    "tutor:celebrate",
    "tutor:confuseray",
    "tutor:covet",
    "tutor:curse",
    "tutor:cut",
    "tutor:darkpulse",
    "tutor:detect",
    "tutor:doubleedge",
    "tutor:doubleteam",
    "tutor:dreameater",
    "tutor:endure",
    "tutor:feintattack",
    "tutor:flash",
    "tutor:foulplay",
    "tutor:frustration",
    "tutor:headbutt",
    "tutor:healbell",
    "tutor:helpinghand",
    "tutor:hiddenpower",
    "tutor:hyperbeam",
    "tutor:hypervoice",
    "tutor:irontail",
    "tutor:laserfocus",
    "tutor:lashout",
    "tutor:lastresort",
    "tutor:meanlook",
    "tutor:mimic",
    "tutor:mudslap",
    "tutor:nightmare",
    "tutor:protect",
    "tutor:psychic",
    "tutor:psychup",
    "tutor:pursuit",
    "tutor:quickattack",
    "tutor:raindance",
    "tutor:rest",
    "tutor:recover",
    "tutor:return",
    "tutor:sandattack",
    "tutor:screech",
    "tutor:shadowball",
    "tutor:sleeptalk",
    "tutor:snarl",
    "tutor:snatch",
    "tutor:snore",
    "tutor:spite",
    "tutor:substitute",
    "tutor:suckerpunch",
    "tutor:sunnyday",
    "tutor:swagger",
    "tutor:swift",
    "tutor:tackle",
    "tutor:tailwhip",
    "tutor:throatchop",
    "tutor:toxic",
    "tutor:wonderroom",
    "tutor:icebeam"
  ],
  "labels": [
    "gen9",
    "custom"
  ],
  "pokedex": [
    "cobblemon.species.toxeon.desc"
  ],
  "preEvolution": "eevee",
  "evolutions": [],
  "baseScale": 0.8,
  "hitbox": {
    "width": 0.9,
    "height": 1.1,
    "fixed": false
  },
  "baseFriendship": 35,
  "evYield": {
    "hp": 0,
    "attack": 0,
    "defence": 2,
    "special_attack": 0,
    "special_defence": 0,
    "speed": 0
  },
  "height": 10,
  "weight": 270,
  "aspects": [],
  "cannotDynamax": false
}