{
	"format_version": "1.12.0",
	"minecraft:geometry": [
		{
			"description": {
				"identifier": "geometry.minereon",
				"texture_width": 128,
				"texture_height": 128,
				"visible_bounds_width": 5,
				"visible_bounds_height": 3.5,
				"visible_bounds_offset": [0, 1.25, 0]
			},
			"bones": [
				{
					"name": "minereon",
					"pivot": [0, 0, 0]
				},
				{
					"name": "body",
					"parent": "minereon",
					"pivot": [0, 9.75, 0]
				},
				{
					"name": "torso",
					"parent": "body",
					"pivot": [0, 9.75, 0],
					"cubes": [
						{"origin": [-3.5, 6.75, -7], "size": [7, 6, 14], "uv": [0, 0]},
						{"origin": [-1, 12.75, -1], "size": [2, 1, 7], "pivot": [0, 13.75, 0], "rotation": [-7.5, 0, 0], "uv": [0, 34]},
						{"origin": [1, 12.75, -1], "size": [2, 1, 5], "pivot": [1, 13.75, -1], "rotation": [-7.5, 0, 22.5], "uv": [10, 52]},
						{"origin": [-3, 12.75, -1], "size": [2, 1, 5], "pivot": [-1, 13.75, -1], "rotation": [-7.5, 0, -22.5], "uv": [52, 20]},
						{"origin": [-0.5, 11.75, -5], "size": [1, 2, 2], "pivot": [0, 12.75, -4], "rotation": [-45, 0, 0], "uv": [16, 63]},
						{"origin": [-1, 11.25, -3.5], "size": [2, 3, 3], "inflate": 0.01, "pivot": [0, 12.75, -1.5], "rotation": [-37.5, 0, 0], "uv": [18, 34]},
						{"origin": [-0.5, 12.75, -2], "size": [1, 5, 5], "inflate": 0.01, "pivot": [0, 12.75, -1.5], "rotation": [-45, 0, 0], "uv": [16, 42]},
						{"origin": [1, 12.25, -0.5], "size": [1, 2, 2], "pivot": [1.5, 13.25, 0.5], "rotation": [-45, 0, 22.5], "uv": [56, 63]},
						{"origin": [-2, 12.25, -0.5], "size": [1, 2, 2], "pivot": [-1.5, 13.25, 0.5], "rotation": [-45, 0, -22.5], "uv": [62, 63]}
					]
				},
				{
					"name": "head",
					"parent": "torso",
					"pivot": [0, 12.25, -5],
					"cubes": [
						{"origin": [-3.5, 10.75, -12], "size": [7, 7, 7], "inflate": 0.01, "uv": [0, 20]},
						{"origin": [-5, 11.75, -8], "size": [3, 3, 2], "inflate": 0.01, "pivot": [-3.5, 13.25, -7], "rotation": [0, 45, 45], "uv": [58, 37]},
						{"origin": [2, 11.75, -8], "size": [3, 3, 2], "inflate": 0.01, "pivot": [3.5, 13.25, -7], "rotation": [0, -45, -45], "uv": [22, 59]},
						{"origin": [-3, 15.975, -12.85], "size": [2, 2, 2], "inflate": 0.02, "pivot": [0, 16.975, -11.35], "rotation": [-42.5, 0, 0], "uv": [48, 59]},
						{"origin": [1, 15.975, -12.85], "size": [2, 2, 2], "inflate": 0.02, "pivot": [0, 16.975, -11.35], "rotation": [-42.5, 0, 0], "uv": [0, 61]},
						{"origin": [-2.5, 10.75, -13], "size": [5, 2, 1], "uv": [52, 49]}
					]
				},
				{
					"name": "mouth",
					"parent": "head",
					"pivot": [0, 11.26, -12.91],
					"cubes": [
						{"origin": [-1, 10.76, -12.91], "size": [2, 1, 0], "uv": [18, 40]}
					]
				},
				{
					"name": "eyes",
					"parent": "head",
					"pivot": [0.00001, 13.75273, -11.025]
				},
				{
					"name": "eye_right",
					"parent": "eyes",
					"pivot": [-2.515, 13.75, -11.515],
					"cubes": [
						{"origin": [-3.515, 12.75, -12.015], "size": [2, 2, 2], "uv": [60, 52]},
						{"origin": [-3.015, 13.75, -12.02], "size": [1, 1, 0], "uv": [22, 40]},
						{"origin": [-3.015, 13.25, -12.0175], "size": [1, 1, 0], "uv": [18, 41]}
					]
				},
				{
					"name": "eyelid_right",
					"parent": "eye_right",
					"pivot": [-2.415, 13.75, -11.415],
					"cubes": [
						{"origin": [-3.415, 12.75, -11.915], "size": [2, 2, 2], "inflate": 0.01, "uv": [61, 20]}
					]
				},
				{
					"name": "eye_left",
					"parent": "eyes",
					"pivot": [2.515, 13.75, -11.515],
					"cubes": [
						{"origin": [1.515, 12.75, -12.015], "size": [2, 2, 2], "uv": [56, 59]},
						{"origin": [2.015, 13.75, -12.02], "size": [1, 1, 0], "uv": [24, 40]},
						{"origin": [2.015, 13.25, -12.0175], "size": [1, 1, 0], "uv": [26, 40]}
					]
				},
				{
					"name": "eyelid_left",
					"parent": "eye_left",
					"pivot": [2.415, 13.75, -11.415],
					"cubes": [
						{"origin": [1.415, 12.75, -11.915], "size": [2, 2, 2], "inflate": 0.01, "uv": [70, 19]}
					]
				},
				{
					"name": "ear_left",
					"parent": "head",
					"pivot": [3, 17, -8.5],
					"rotation": [-20, -15, 40],
					"cubes": [
						{"origin": [1, 16.5, -8.5], "size": [5, 10, 0], "uv": [0, 51]},
						{"origin": [2, 25, -9], "size": [3, 3, 1], "pivot": [3.5, 26.5, -8.5], "rotation": [0, 0, 135], "uv": [8, 63]}
					]
				},
				{
					"name": "ear_right",
					"parent": "head",
					"pivot": [-3, 17, -8.5],
					"rotation": [-20, 15, -40],
					"cubes": [
						{"origin": [-6, 16.5, -8.5], "size": [5, 10, 0], "uv": [48, 32]},
						{"origin": [-5, 25, -9], "size": [3, 3, 1], "pivot": [-3.5, 26.5, -8.5], "rotation": [0, 0, -135], "uv": [48, 63]}
					]
				},
				{
					"name": "tail",
					"parent": "torso",
					"pivot": [0, 11.24167, 6.98333],
					"cubes": [
						{"origin": [-1.5, 9.25, 5.5], "size": [3, 4, 7], "uv": [28, 32]},
						{"origin": [-0.5, 11.75, 7], "size": [1, 3, 3], "pivot": [0, 13.25, 8.5], "rotation": [-45, 0, 0], "uv": [32, 59]},
						{"origin": [-0.5, 11.25, 11.5], "size": [1, 3, 3], "pivot": [0, 13.25, 12.5], "rotation": [-45, 0, 0], "uv": [40, 59]}
					]
				},
				{
					"name": "tail2",
					"parent": "tail",
					"pivot": [0, 11.25, 12.5],
					"rotation": [22.5, 0, 0],
					"cubes": [
						{"origin": [-1, 9.75, 12], "size": [2, 3, 6], "uv": [0, 42]},
						{"origin": [-0.5, 11.75, 15.5], "size": [1, 2, 2], "pivot": [0, 12.75, 16.5], "rotation": [-45, 0, 0], "uv": [22, 64]}
					]
				},
				{
					"name": "tail3",
					"parent": "tail2",
					"pivot": [0, 11.25, 18],
					"rotation": [22.5, 0, 0],
					"cubes": [
						{"origin": [-0.5, 10.25, 17.5], "size": [1, 2, 5], "inflate": 0.01, "uv": [24, 52]},
						{"origin": [-0.5, 11.25, 19.5], "size": [1, 2, 2], "pivot": [0, 12.25, 20.5], "rotation": [-45, 0, 0], "uv": [0, 65]}
					]
				},
				{
					"name": "tail4",
					"parent": "tail3",
					"pivot": [0, 11.25, 22.5],
					"rotation": [22.5, 0, 0],
					"cubes": [
						{"origin": [-3, 8.25, 22.5], "size": [6, 6, 6], "uv": [28, 20]},
						{"origin": [-1, 12.75, 24.5], "size": [2, 3, 3], "pivot": [0, 14.25, 26], "rotation": [-45, 0, 0], "uv": [58, 31]},
						{"origin": [-0.5, 7.25, 26], "size": [1, 2, 2], "pivot": [0, 8.25, 27], "rotation": [-45, 0, 0], "uv": [64, 56]},
						{"origin": [-0.5, 10.75, 27.5], "size": [1, 2, 2], "pivot": [0, 11.75, 28.5], "rotation": [-45, 0, 0], "uv": [28, 65]},
						{"origin": [2, 9.25, 26], "size": [2, 2, 1], "pivot": [3, 10.25, 26.5], "rotation": [0, 0, 45], "uv": [64, 60]},
						{"origin": [-4, 9.25, 26], "size": [2, 2, 1], "pivot": [-3, 10.25, 26.5], "rotation": [0, 0, -45], "uv": [34, 65]},
						{"origin": [-0.5, 10.75, 27.5], "size": [1, 2, 2], "pivot": [0, 11.75, 28.5], "rotation": [-45, 0, 0], "uv": [64, 46]},
						{"origin": [-2.5, 13.25, 23], "size": [1, 2, 2], "pivot": [-2, 14.25, 24], "rotation": [-45, 0, -45], "uv": [64, 26]},
						{"origin": [1.5, 13.25, 23], "size": [1, 2, 2], "pivot": [2, 14.25, 24], "rotation": [-45, 0, 45], "uv": [64, 42]}
					]
				},
				{
					"name": "leg_front_right",
					"parent": "body",
					"pivot": [-2.5, 9, -4.5],
					"rotation": [7.5, 0, 0],
					"cubes": [
						{"origin": [-4, 4.5, -6], "size": [3, 6, 3], "inflate": 0.01, "uv": [28, 43]}
					]
				},
				{
					"name": "leg_front_right2",
					"parent": "leg_front_right",
					"pivot": [-2.5, 4.5, -3],
					"rotation": [-22.5, 0, 0],
					"cubes": [
						{"origin": [-4, 0.5, -6], "size": [3, 4, 3], "uv": [36, 52]}
					]
				},
				{
					"name": "leg_front_right3",
					"parent": "leg_front_right2",
					"pivot": [-2.5, 1, -4.5],
					"rotation": [15, 0, 0],
					"cubes": [
						{"origin": [-4, -0.75, -6.25], "size": [3, 2, 3], "inflate": 0.01, "uv": [52, 26]}
					]
				},
				{
					"name": "leg_front_left",
					"parent": "body",
					"pivot": [2.5, 9, -4.5],
					"rotation": [7.5, 0, 0],
					"cubes": [
						{"origin": [1, 4.5, -6], "size": [3, 6, 3], "inflate": 0.01, "uv": [40, 43]}
					]
				},
				{
					"name": "leg_front_left2",
					"parent": "leg_front_left",
					"pivot": [2.5, 4.5, -3],
					"rotation": [-22.5, 0, 0],
					"cubes": [
						{"origin": [1, 0.5, -6], "size": [3, 4, 3], "uv": [52, 42]}
					]
				},
				{
					"name": "leg_front_left3",
					"parent": "leg_front_left2",
					"pivot": [2.5, 1, -4.5],
					"rotation": [15, 0, 0],
					"cubes": [
						{"origin": [1, -0.75, -6.25], "size": [3, 2, 3], "inflate": 0.01, "uv": [56, 7]}
					]
				},
				{
					"name": "leg_back_right",
					"parent": "body",
					"pivot": [-2.5, 9, 4.75],
					"rotation": [5, 0, 0],
					"cubes": [
						{"origin": [-4, 4.5, 2.75], "size": [3, 6, 4], "inflate": 0.01, "uv": [42, 0]}
					]
				},
				{
					"name": "leg_back_right2",
					"parent": "leg_back_right",
					"pivot": [-2.5, 4.5, 6.25],
					"rotation": [-12.5, 0, 0],
					"cubes": [
						{"origin": [-4, 0.75, 4.25], "size": [3, 4, 3], "uv": [48, 52]}
					]
				},
				{
					"name": "leg_back_right3",
					"parent": "leg_back_right2",
					"pivot": [-2.5, 1.25, 5.75],
					"rotation": [7.5, 0, 0],
					"cubes": [
						{"origin": [-4, -0.25, 4], "size": [3, 2, 3], "inflate": 0.01, "uv": [56, 12]}
					]
				},
				{
					"name": "leg_back_left",
					"parent": "body",
					"pivot": [2.5, 9, 4.75],
					"rotation": [5, 0, 0],
					"cubes": [
						{"origin": [1, 4.5, 2.75], "size": [3, 6, 4], "inflate": 0.01, "uv": [42, 10]}
					]
				},
				{
					"name": "leg_back_left2",
					"parent": "leg_back_left",
					"pivot": [2.5, 4.5, 6.25],
					"rotation": [-12.5, 0, 0],
					"cubes": [
						{"origin": [1, 0.75, 4.25], "size": [3, 4, 3], "uv": [56, 0]}
					]
				},
				{
					"name": "leg_back_left3",
					"parent": "leg_back_left2",
					"pivot": [2.5, 1.25, 5.75],
					"rotation": [7.5, 0, 0],
					"cubes": [
						{"origin": [1, -0.25, 4], "size": [3, 2, 3], "inflate": 0.01, "uv": [10, 58]}
					]
				}
			]
		}
	]
}