{
	"format_version": "1.8.0",
	"animations": {
		"animation.brambleghast.ground_idle": {
			"loop": true,
			"bones": {
				"body": {
					"rotation": ["2*math.cos(q.anim_time*90*2)*-2*math.cos(q.anim_time*90*2)", "2*math.cos(q.anim_time*90*2-30)", 0]
				}
			}
		},
		"animation.brambleghast.battle_idle": {
			"loop": true,
			"bones": {
				"body": {
					"rotation": ["2*math.cos(q.anim_time*90*2)*-2*math.cos(q.anim_time*90*2)", "2*math.cos(q.anim_time*90*2-30)", 0]
				}
			}
		},
		"animation.brambleghast.ground_walk": {
			"loop": true,
			"animation_length": 2,
			"bones": {
				"body": {
					"rotation": ["-360*math.cos(q.anim_time*90/2)", 0, 0]
				}
			}
		},
		"animation.brambleghast.pose": {
			"loop": true,
			"bones": {
				"right_eye": {
					"rotation": [0, 0, 0]
				}
			}
		}
	}
}