{
	"format_version": "1.12.0",
	"minecraft:geometry": [
		{
			"description": {
				"identifier": "geometry.automeon",
				"texture_width": 128,
				"texture_height": 128,
				"visible_bounds_width": 4,
				"visible_bounds_height": 3.5,
				"visible_bounds_offset": [0, 1.25, 0]
			},
			"bones": [
				{
					"name": "automeon",
					"pivot": [0, 0, 0]
				},
				{
					"name": "body",
					"parent": "automeon",
					"pivot": [0, 10.25, 0]
				},
				{
					"name": "torso",
					"parent": "body",
					"pivot": [0, 10.25, 0],
					"cubes": [
						{"origin": [-3.5, 7.25, -7], "size": [7, 6, 14], "uv": [0, 0]}
					]
				},
				{
					"name": "neck",
					"parent": "torso",
					"pivot": [0, 12, -5],
					"rotation": [45, 0, 0]
				},
				{
					"name": "head",
					"parent": "neck",
					"pivot": [0, 14, -5],
					"rotation": [-45, 0, 0],
					"cubes": [
						{"origin": [-3.5, 12.5, -10.75], "size": [7, 7, 7], "inflate": 0.01, "uv": [0, 20]},
						{"origin": [-2.5, 12.5, -12.25], "size": [5, 3, 2], "uv": [56, 11]}
					]
				},
				{
					"name": "mouth",
					"parent": "head",
					"pivot": [0, 13.25, -12.16],
					"cubes": [
						{"origin": [-1, 12.75, -12.16], "size": [2, 1, 0], "uv": [52, 47]}
					]
				},
				{
					"name": "eyes",
					"parent": "head",
					"pivot": [0, 16.25, -8.5]
				},
				{
					"name": "eye_right",
					"parent": "eyes",
					"pivot": [-2.515, 16.5, -9.765],
					"cubes": [
						{"origin": [-3.515, 15.5, -10.765], "size": [2, 2, 2], "uv": [20, 34]},
						{"origin": [-3.015, 15.5, -10.77], "size": [1, 2, 0], "uv": [56, 16]}
					]
				},
				{
					"name": "eyelid_right",
					"parent": "eye_right",
					"pivot": [-2.415, 16.5, -9.665],
					"cubes": [
						{"origin": [-3.415, 15.5, -10.665], "size": [2, 2, 2], "inflate": 0.01, "uv": [12, 52]}
					]
				},
				{
					"name": "eye_left",
					"parent": "eyes",
					"pivot": [2.515, 16.5, -9.765],
					"cubes": [
						{"origin": [1.515, 15.5, -10.765], "size": [2, 2, 2], "uv": [20, 38]},
						{"origin": [2.015, 15.5, -10.77], "size": [1, 2, 0], "uv": [56, 18]}
					]
				},
				{
					"name": "eyelid_left",
					"parent": "eye_left",
					"pivot": [2.415, 16.5, -9.665],
					"cubes": [
						{"origin": [1.415, 15.5, -10.665], "size": [2, 2, 2], "inflate": 0.01, "uv": [22, 63]}
					]
				},
				{
					"name": "ear_left",
					"parent": "head",
					"pivot": [2.5, 19.5, -7.75],
					"rotation": [-60, 40, -5],
					"cubes": [
						{"origin": [2.5, 19.5, -8.75], "size": [0, 13, 5], "uv": [10, 34]}
					]
				},
				{
					"name": "ear_right",
					"parent": "head",
					"pivot": [-2.5, 19.5, -7.75],
					"rotation": [-60, -40, 5],
					"cubes": [
						{"origin": [-2.5, 19.5, -8.75], "size": [0, 13, 5], "uv": [0, 34]}
					]
				},
				{
					"name": "gear",
					"parent": "neck",
					"pivot": [0, 12, -5],
					"cubes": [
						{"origin": [-1.5, 12, -14], "size": [3, 2, 5], "pivot": [0, 13, -5], "rotation": [0, -45, 0], "uv": [20, 49]},
						{"origin": [4, 12, -6.5], "size": [5, 2, 3], "uv": [50, 37]},
						{"origin": [4, 12, -6.5], "size": [4, 2, 3], "pivot": [0, 13, -5], "rotation": [0, -45, 0], "uv": [60, 16]},
						{"origin": [-1.5, 12, -1], "size": [3, 2, 5], "uv": [36, 42]},
						{"origin": [-1.5, 12, -1], "size": [3, 2, 4], "pivot": [0, 13, -5], "rotation": [0, -45, 0], "uv": [56, 5]},
						{"origin": [-9, 12, -6.5], "size": [5, 2, 3], "uv": [52, 42]},
						{"origin": [-9, 12, -6.5], "size": [5, 2, 3], "pivot": [0, 13, -5], "rotation": [0, -45, 0], "uv": [56, 0]},
						{"origin": [-1.5, 12, -14], "size": [3, 2, 5], "uv": [20, 42]},
						{"origin": [-4, 12, -9], "size": [8, 2, 8], "inflate": 0.01, "uv": [28, 20]}
					]
				},
				{
					"name": "tail",
					"parent": "torso",
					"pivot": [0, 11.5, 6],
					"rotation": [57.5, 0, 0],
					"cubes": [
						{"origin": [-1.5, 9.5, 6], "size": [3, 4, 4], "uv": [36, 49]}
					]
				},
				{
					"name": "tail2",
					"parent": "tail",
					"pivot": [0, 11.5, 8.75],
					"rotation": [-22.5, 0, 0],
					"cubes": [
						{"origin": [-2, 9, 8.75], "size": [4, 5, 7], "uv": [28, 30]}
					]
				},
				{
					"name": "tail3",
					"parent": "tail2",
					"pivot": [0, 10.5, 15.5],
					"rotation": [-45, 0, 0],
					"cubes": [
						{"origin": [-1.5, 9, 14.5], "size": [3, 3, 4], "uv": [50, 30]}
					]
				},
				{
					"name": "tail4",
					"parent": "tail3",
					"pivot": [0, 10.5, 18.5],
					"rotation": [45, 0, 0],
					"cubes": [
						{"origin": [-1, 9.5, 17.5], "size": [2, 2, 4], "uv": [60, 21]}
					]
				},
				{
					"name": "tail5",
					"parent": "tail4",
					"pivot": [0, 10.5, 21.5],
					"rotation": [45, 0, 0],
					"cubes": [
						{"origin": [-0.5, 10, 20.5], "size": [1, 1, 4], "uv": [12, 63]}
					]
				},
				{
					"name": "leg_front_left",
					"parent": "body",
					"pivot": [2.5, 9, -4.5],
					"rotation": [5, 0, 0],
					"cubes": [
						{"origin": [1, 4.5, -6], "size": [3, 6, 3], "inflate": 0.01, "uv": [0, 52]}
					]
				},
				{
					"name": "leg_front_left2",
					"parent": "leg_front_left",
					"pivot": [2.5, 4.5, -3.5],
					"rotation": [-20, 0, 0],
					"cubes": [
						{"origin": [1, 0.75, -6], "size": [3, 4, 3], "uv": [24, 56]}
					]
				},
				{
					"name": "leg_front_left3",
					"parent": "leg_front_left2",
					"pivot": [2.5, 1, -4.5],
					"rotation": [15, 0, 0],
					"cubes": [
						{"origin": [1, -0.5, -6.25], "size": [3, 2, 3], "inflate": 0.01, "uv": [0, 61]}
					]
				},
				{
					"name": "leg_front_right",
					"parent": "body",
					"pivot": [-2.5, 9, -4.5],
					"rotation": [5, 0, 0],
					"cubes": [
						{"origin": [-4, 4.5, -6], "size": [3, 6, 3], "inflate": 0.01, "uv": [50, 49]}
					]
				},
				{
					"name": "leg_front_right2",
					"parent": "leg_front_right",
					"pivot": [-2.5, 4.5, -3.5],
					"rotation": [-20, 0, 0],
					"cubes": [
						{"origin": [-4, 0.75, -6], "size": [3, 4, 3], "uv": [12, 56]}
					]
				},
				{
					"name": "leg_front_right3",
					"parent": "leg_front_right2",
					"pivot": [-2.5, 1, -4.5],
					"rotation": [15, 0, 0],
					"cubes": [
						{"origin": [-4, -0.5, -6.25], "size": [3, 2, 3], "inflate": 0.01, "uv": [60, 58]}
					]
				},
				{
					"name": "leg_back_left",
					"parent": "body",
					"pivot": [2.5, 9, 4.75],
					"rotation": [5, 0, 0],
					"cubes": [
						{"origin": [1, 4.5, 2.75], "size": [3, 6, 4], "inflate": 0.01, "uv": [42, 10]}
					]
				},
				{
					"name": "leg_back_left2",
					"parent": "leg_back_left",
					"pivot": [2.5, 4.5, 6.25],
					"rotation": [-12.5, 0, 0],
					"cubes": [
						{"origin": [1, 0.75, 4.25], "size": [3, 4, 3], "uv": [48, 58]}
					]
				},
				{
					"name": "leg_back_left3",
					"parent": "leg_back_left2",
					"pivot": [2.5, 1.25, 5.75],
					"rotation": [7.5, 0, 0],
					"cubes": [
						{"origin": [1, -0.25, 4], "size": [3, 2, 3], "inflate": 0.01, "uv": [62, 52]}
					]
				},
				{
					"name": "leg_back_right",
					"parent": "body",
					"pivot": [-2.5, 9, 4.75],
					"rotation": [5, 0, 0],
					"cubes": [
						{"origin": [-4, 4.5, 2.75], "size": [3, 6, 4], "inflate": 0.01, "uv": [42, 0]}
					]
				},
				{
					"name": "leg_back_right2",
					"parent": "leg_back_right",
					"pivot": [-2.5, 4.5, 6.25],
					"rotation": [-12.5, 0, 0],
					"cubes": [
						{"origin": [-4, 0.75, 4.25], "size": [3, 4, 3], "uv": [36, 57]}
					]
				},
				{
					"name": "leg_back_right3",
					"parent": "leg_back_right2",
					"pivot": [-2.5, 1.25, 5.75],
					"rotation": [7.5, 0, 0],
					"cubes": [
						{"origin": [-4, -0.25, 4], "size": [3, 2, 3], "inflate": 0.01, "uv": [62, 47]}
					]
				}
			]
		}
	]
}