{
	"format_version": "1.12.0",
	"minecraft:geometry": [
		{
			"description": {
				"identifier": "geometry.eeveeon",
				"texture_width": 64,
				"texture_height": 64,
				"visible_bounds_width": 6,
				"visible_bounds_height": 3.5,
				"visible_bounds_offset": [0, 1.25, 0]
			},
			"bones": [
				{
					"name": "eeveeon",
					"pivot": [0, 0, -1]
				},
				{
					"name": "body",
					"parent": "eeveeon",
					"pivot": [0, 9.75, 0]
				},
				{
					"name": "torso",
					"parent": "body",
					"pivot": [0, 9.75, 0],
					"cubes": [
						{"origin": [-3.5, 6.25, -8.5], "size": [7, 7, 15], "uv": [0, 20]}
					]
				},
				{
					"name": "ruff",
					"parent": "torso",
					"pivot": [0, 11, -8.5],
					"rotation": [42.5, 0, 0],
					"cubes": [
						{"origin": [-5.5, 6.5, -12.25], "size": [11, 6, 11], "uv": [1, 47]}
					]
				},
				{
					"name": "head",
					"parent": "torso",
					"pivot": [0, 12.25, -6.5],
					"cubes": [
						{"origin": [-3.5, 11.25, -12.5], "size": [7, 7, 7], "inflate": 0.01, "uv": [29, 20]},
						{"origin": [0, 16.75, -13.5], "size": [0, 1, 1], "inflate": 0.01, "uv": [33, 22]},
						{"origin": [0, 18.25, -13], "size": [0, 1, 1], "inflate": 0.01, "uv": [33, 21]},
						{"origin": [0, 18.25, -11.5], "size": [0, 2, 2], "inflate": 0.01, "uv": [32, 18]},
						{"origin": [-2.5, 11.25, -13.5], "size": [5, 2, 1], "uv": [50, 22]},
						{"origin": [0.5, 10.75, -13], "size": [1, 1, 0], "pivot": [1, 11.25, -13], "rotation": [0, 0, 45], "uv": [33, 25]},
						{"origin": [-0.5, 12.25, -13.51], "size": [1, 1, 0], "uv": [6, 0]}
					]
				},
				{
					"name": "mouth",
					"parent": "head",
					"pivot": [0, 11.76, -13.51],
					"cubes": [
						{"origin": [-1, 11.26, -13.41], "size": [2, 1, 0], "uv": [6, 2]}
					]
				},
				{
					"name": "eyes",
					"parent": "head",
					"pivot": [0, 15, -10.25]
				},
				{
					"name": "eye_right",
					"parent": "eyes",
					"pivot": [-2.515, 15.25, -11.515],
					"cubes": [
						{"origin": [-3.515, 13.25, -12.515], "size": [2, 3, 2], "uv": [55, 0], "mirror": true},
						{"origin": [-2.765, 13.75, -12.52], "size": [1, 2, 0], "uv": [56, 5], "mirror": true}
					]
				},
				{
					"name": "eyelid_right",
					"parent": "eye_right",
					"pivot": [-2.415, 15.25, -11.415],
					"cubes": [
						{"origin": [-3.415, 13.25, -12.415], "size": [2, 3, 2], "inflate": 0.01, "uv": [0, 4]}
					]
				},
				{
					"name": "eye_left",
					"parent": "eyes",
					"pivot": [2.515, 15.25, -11.515],
					"cubes": [
						{"origin": [1.515, 13.25, -12.515], "size": [2, 3, 2], "uv": [55, 0]},
						{"origin": [1.765, 13.75, -12.52], "size": [1, 2, 0], "uv": [56, 5]}
					]
				},
				{
					"name": "eyelid_left",
					"parent": "eye_left",
					"pivot": [2.915, 15.25, -10.915],
					"cubes": [
						{"origin": [1.415, 13.25, -12.415], "size": [2, 3, 2], "inflate": 0.01, "uv": [0, 4], "mirror": true}
					]
				},
				{
					"name": "ear_right",
					"parent": "head",
					"pivot": [-3, 18, -8],
					"rotation": [-55, -30, 0],
					"cubes": [
						{"origin": [-3, 17, -10], "size": [0, 11, 5], "uv": [44, 29]},
						{"origin": [-3, 22, -11], "size": [0, 1, 1], "inflate": 0.01, "pivot": [-3, 22, -10], "rotation": [-20, 0, 0], "uv": [42, 42], "mirror": true}
					]
				},
				{
					"name": "ear_left",
					"parent": "head",
					"pivot": [3, 18, -8],
					"rotation": [-55, 30, 0],
					"cubes": [
						{"origin": [3, 17, -10], "size": [0, 11, 5], "uv": [44, 29], "mirror": true},
						{"origin": [3, 22, -11], "size": [0, 1, 1], "inflate": 0.01, "pivot": [3, 22, -10], "rotation": [-20, 0, 0], "uv": [42, 42], "mirror": true}
					]
				},
				{
					"name": "tail",
					"parent": "torso",
					"pivot": [0, 10.25, 4],
					"rotation": [40, 0, 0],
					"cubes": [
						{"origin": [-6.5, 5.25, 4], "size": [13, 10, 10], "uv": [0, 0]}
					]
				},
				{
					"name": "tail2",
					"parent": "tail",
					"pivot": [0, 10.25, 13.5],
					"rotation": [7.5, 0, 0],
					"cubes": [
						{"origin": [-5, 6.75, 13.5], "size": [10, 7, 5], "uv": [34, 46]}
					]
				},
				{
					"name": "tail3",
					"parent": "tail2",
					"pivot": [-0.5, 10.25, 18.5],
					"rotation": [15, 0, 0],
					"cubes": [
						{"origin": [-3.5, 10.25, 18.5], "size": [7, 0, 5], "uv": [34, 0]}
					]
				},
				{
					"name": "leg_front_right",
					"parent": "body",
					"pivot": [-3, 9, -4.5],
					"rotation": [7.5, 0, 0],
					"cubes": [
						{"origin": [-4.5, 4.5, -6], "size": [3, 6, 3], "inflate": 0.01, "uv": [0, 49], "mirror": true}
					]
				},
				{
					"name": "leg_front_right2",
					"parent": "leg_front_right",
					"pivot": [-3, 4.5, -3],
					"rotation": [-22.5, 0, 0],
					"cubes": [
						{"origin": [-4.5, 0.5, -6], "size": [3, 4, 3], "uv": [46, 13], "mirror": true}
					]
				},
				{
					"name": "leg_front_right3",
					"parent": "leg_front_right2",
					"pivot": [-3, 1, -4.5],
					"rotation": [15, 0, 0],
					"cubes": [
						{"origin": [-4.5, -0.75, -6.25], "size": [3, 2, 3], "inflate": 0.01, "uv": [46, 8], "mirror": true}
					]
				},
				{
					"name": "leg_front_left",
					"parent": "body",
					"pivot": [3, 9, -4.5],
					"rotation": [7.5, 0, 0],
					"cubes": [
						{"origin": [1.5, 4.5, -6], "size": [3, 6, 3], "inflate": 0.01, "uv": [0, 49]}
					]
				},
				{
					"name": "leg_front_left2",
					"parent": "leg_front_left",
					"pivot": [3, 4.5, -3],
					"rotation": [-22.5, 0, 0],
					"cubes": [
						{"origin": [1.5, 0.5, -6], "size": [3, 4, 3], "uv": [46, 13]}
					]
				},
				{
					"name": "leg_front_left3",
					"parent": "leg_front_left2",
					"pivot": [3, 1, -4.5],
					"rotation": [15, 0, 0],
					"cubes": [
						{"origin": [1.5, -0.75, -6.25], "size": [3, 2, 3], "inflate": 0.01, "uv": [46, 8]}
					]
				},
				{
					"name": "leg_back_right",
					"parent": "body",
					"pivot": [-3, 9, 4.75],
					"rotation": [5, 0, 0],
					"cubes": [
						{"origin": [-4.5, 4.5, 2.75], "size": [3, 6, 4], "inflate": 0.01, "uv": [0, 20], "mirror": true}
					]
				},
				{
					"name": "leg_back_right2",
					"parent": "leg_back_right",
					"pivot": [-3, 4.5, 6.25],
					"rotation": [-12.5, 0, 0],
					"cubes": [
						{"origin": [-4.5, 0.75, 4.25], "size": [3, 4, 3], "uv": [0, 42], "mirror": true}
					]
				},
				{
					"name": "leg_back_right3",
					"parent": "leg_back_right2",
					"pivot": [-3, 1.25, 5.75],
					"rotation": [7.5, 0, 0],
					"cubes": [
						{"origin": [-4.5, -0.25, 4], "size": [3, 2, 3], "inflate": 0.01, "uv": [12, 42], "mirror": true}
					]
				},
				{
					"name": "leg_back_left",
					"parent": "body",
					"pivot": [3, 9, 4.75],
					"rotation": [5, 0, 0],
					"cubes": [
						{"origin": [1.5, 4.5, 2.75], "size": [3, 6, 4], "inflate": 0.01, "uv": [0, 20]}
					]
				},
				{
					"name": "leg_back_left2",
					"parent": "leg_back_left",
					"pivot": [3, 4.5, 6.25],
					"rotation": [-12.5, 0, 0],
					"cubes": [
						{"origin": [1.5, 0.75, 4.25], "size": [3, 4, 3], "uv": [0, 42]}
					]
				},
				{
					"name": "leg_back_left3",
					"parent": "leg_back_left2",
					"pivot": [3, 1.25, 5.75],
					"rotation": [7.5, 0, 0],
					"cubes": [
						{"origin": [1.5, -0.25, 4], "size": [3, 2, 3], "inflate": 0.01, "uv": [12, 42]}
					]
				}
			]
		}
	]
}