{
	"format_version": "1.12.0",
	"minecraft:geometry": [
		{
			"description": {
				"identifier": "geometry.silkeon",
				"texture_width": 64,
				"texture_height": 64,
				"visible_bounds_width": 5,
				"visible_bounds_height": 3.5,
				"visible_bounds_offset": [0, 1.25, 0]
			},
			"bones": [
				{
					"name": "silkeon",
					"pivot": [0, 0, 0]
				},
				{
					"name": "body",
					"parent": "silkeon",
					"pivot": [0, 9.75, 0]
				},
				{
					"name": "torso",
					"parent": "body",
					"pivot": [0, 9.75, 0],
					"cubes": [
						{"origin": [-3.5, 6.75, -7], "size": [7, 6, 14], "uv": [0, 0]}
					]
				},
				{
					"name": "left_wing",
					"parent": "torso",
					"pivot": [3.25, 11.5, -6.95],
					"rotation": [0, 0, 47.5]
				},
				{
					"name": "wing_front_left",
					"parent": "left_wing",
					"pivot": [3.25, 11.5, -6.95],
					"rotation": [45.14916, -27.72458, -9.55687],
					"cubes": [
						{"origin": [3.25, 11.5, -13.95], "size": [7, 0, 7], "uv": [14, 49], "mirror": true}
					]
				},
				{
					"name": "wing_back_left",
					"parent": "left_wing",
					"pivot": [3.25, 11.5, -6.95],
					"rotation": [12.63342, -11.3166, 13.7722],
					"cubes": [
						{"origin": [3.25, 11.5, -6.95], "size": [7, 0, 12], "uv": [9, 37], "mirror": true}
					]
				},
				{
					"name": "wing_back_left2",
					"parent": "wing_back_left",
					"pivot": [5.25, 11.5, 5.05],
					"cubes": [
						{"origin": [3.25, 11.5, 5], "size": [3, 0, 8], "uv": [5, 42], "mirror": true}
					]
				},
				{
					"name": "wing_back_left3",
					"parent": "wing_back_left2",
					"pivot": [4.25, 11.5, 13.05],
					"cubes": [
						{"origin": [3.25, 11.5, 13], "size": [2, 0, 5], "uv": [9, 37], "mirror": true}
					]
				},
				{
					"name": "right_wing",
					"parent": "torso",
					"pivot": [-3.25, 11.5, -6.95],
					"rotation": [0, 0, -47.5]
				},
				{
					"name": "wing_front_right",
					"parent": "right_wing",
					"pivot": [-3.25, 11.5, -6.95],
					"rotation": [45.14916, 27.72458, 9.55687],
					"cubes": [
						{"origin": [-10.25, 11.5, -13.95], "size": [7, 0, 7], "uv": [14, 49]}
					]
				},
				{
					"name": "wing_back_right",
					"parent": "right_wing",
					"pivot": [-3.25, 11.5, -6.95],
					"rotation": [12.63342, 11.3166, -13.7722],
					"cubes": [
						{"origin": [-10.25, 11.5, -6.95], "size": [7, 0, 12], "uv": [9, 37]}
					]
				},
				{
					"name": "wing_back_right2",
					"parent": "wing_back_right",
					"pivot": [-5.25, 11.5, 5.05],
					"cubes": [
						{"origin": [-6.25, 11.5, 5], "size": [3, 0, 8], "uv": [5, 42]}
					]
				},
				{
					"name": "wing_back_right3",
					"parent": "wing_back_right2",
					"pivot": [-4.25, 11.5, 13.05],
					"cubes": [
						{"origin": [-5.25, 11.5, 13], "size": [2, 0, 5], "uv": [9, 37]}
					]
				},
				{
					"name": "head",
					"parent": "torso",
					"pivot": [0, 12.25, -6],
					"cubes": [
						{"origin": [-3.5, 10.75, -12], "size": [7, 7, 7], "inflate": 0.01, "uv": [0, 20]},
						{"origin": [-3.5, 17.75, -10.25], "size": [7, 5, 0], "pivot": [-1, 19.25, -10.5], "rotation": [-17.5, 0, 0], "uv": [46, 23]},
						{"origin": [-2.5, 10.75, -12.5], "size": [5, 2, 1], "uv": [28, 7]},
						{"origin": [-0.5, 11.5, -12.51], "size": [1, 1, 0], "uv": [62, 0]}
					]
				},
				{
					"name": "leaf_top",
					"parent": "head",
					"pivot": [0.5, 18, -12],
					"rotation": [-10, 0, 0]
				},
				{
					"name": "top_right",
					"parent": "leaf_top",
					"pivot": [-3, 16, -12],
					"cubes": [
						{"origin": [-6, 15.75, -11], "size": [8, 11, 0], "pivot": [-3, 16, -12], "rotation": [23.81271, 68.73178, -10.55664], "uv": [0, 53]}
					]
				},
				{
					"name": "top_teft",
					"parent": "leaf_top",
					"pivot": [3, 16, -12],
					"cubes": [
						{"origin": [-2, 15.75, -11], "size": [8, 11, 0], "pivot": [3, 16, -12], "rotation": [23.81271, -68.73178, 10.55664], "uv": [0, 53], "mirror": true}
					]
				},
				{
					"name": "mouth",
					"parent": "head",
					"pivot": [0, 11.26, -12.415],
					"cubes": [
						{"origin": [-1, 10.76, -12.415], "size": [2, 1, 0], "uv": [17, 62]}
					]
				},
				{
					"name": "eyes",
					"parent": "head",
					"pivot": [0, 13.75, -12]
				},
				{
					"name": "eye_right",
					"parent": "eyes",
					"pivot": [-2.515, 14, -11.015],
					"rotation": [-0.4, -0.15, 0],
					"cubes": [
						{"origin": [-3.515, 13, -12.015], "size": [2, 2, 2], "uv": [29, 60], "mirror": true}
					]
				},
				{
					"name": "eyelid_right",
					"parent": "eye_right",
					"pivot": [-2.415, 14, -10.915],
					"cubes": [
						{"origin": [-3.415, 13, -11.915], "size": [2, 2, 2], "inflate": 0.01, "uv": [21, 60], "mirror": true}
					]
				},
				{
					"name": "eye_left",
					"parent": "eyes",
					"pivot": [2.515, 14, -11.015],
					"rotation": [-0.4, 0.15, 0],
					"cubes": [
						{"origin": [1.515, 13, -12.015], "size": [2, 2, 2], "uv": [29, 60]}
					]
				},
				{
					"name": "eyelid_left",
					"parent": "eye_left",
					"pivot": [2.415, 14, -10.915],
					"cubes": [
						{"origin": [1.415, 13, -11.915], "size": [2, 2, 2], "inflate": 0.01, "uv": [21, 60]}
					]
				},
				{
					"name": "ear_left",
					"parent": "head",
					"pivot": [3, 16.25, -9],
					"rotation": [-20, -25, 30],
					"cubes": [
						{"origin": [1, 16.25, -9], "size": [5, 5, 0], "uv": [40, 42]}
					]
				},
				{
					"name": "ear_left2",
					"parent": "ear_left",
					"pivot": [3.5, 21.25, -9],
					"cubes": [
						{"origin": [1, 21.25, -9], "size": [5, 7, 0], "uv": [40, 35]}
					]
				},
				{
					"name": "ear_right",
					"parent": "head",
					"pivot": [-3, 16.25, -9],
					"rotation": [-20, 25, -30],
					"cubes": [
						{"origin": [-6, 16.25, -9], "size": [5, 5, 0], "uv": [40, 42], "mirror": true}
					]
				},
				{
					"name": "ear_right2",
					"parent": "ear_right",
					"pivot": [-3.5, 21.25, -9],
					"cubes": [
						{"origin": [-6, 21.25, -9], "size": [5, 7, 0], "uv": [40, 35], "mirror": true}
					]
				},
				{
					"name": "tail",
					"parent": "torso",
					"pivot": [0, 12.25, 7],
					"cubes": [
						{"origin": [-2.5, 12.25, 7], "size": [5, 0, 5], "uv": [34, 59]}
					]
				},
				{
					"name": "tail2",
					"parent": "tail",
					"pivot": [0, 12.25, 12],
					"cubes": [
						{"origin": [-3.5, 12.25, 12], "size": [7, 0, 4], "uv": [34, 55]}
					]
				},
				{
					"name": "tail3",
					"parent": "tail2",
					"pivot": [-1, 12.25, 16],
					"cubes": [
						{"origin": [-5.5, 12.25, 16], "size": [8, 0, 4], "uv": [32, 51]}
					]
				},
				{
					"name": "tail4",
					"parent": "tail3",
					"pivot": [-2, 12.25, 20],
					"cubes": [
						{"origin": [-4.5, 12.25, 20], "size": [7, 0, 4], "uv": [33, 47]}
					]
				},
				{
					"name": "leg_front_left",
					"parent": "body",
					"pivot": [2.5, 9, -4.5],
					"rotation": [7.5, 0, 0],
					"cubes": [
						{"origin": [1, 4.5, -6], "size": [3, 6, 3], "inflate": 0.01, "uv": [42, 0]}
					]
				},
				{
					"name": "leg_front_left2",
					"parent": "leg_front_left",
					"pivot": [2.5, 4.5, -3],
					"rotation": [-22.5, 0, 0],
					"cubes": [
						{"origin": [1, 0.5, -6], "size": [3, 4, 3], "uv": [42, 13]}
					]
				},
				{
					"name": "leg_front_left3",
					"parent": "leg_front_left2",
					"pivot": [2.5, 1, -4.5],
					"rotation": [15, 0, 0],
					"cubes": [
						{"origin": [1, -0.75, -6.25], "size": [3, 2, 3], "inflate": 0.01, "uv": [29, 25]}
					]
				},
				{
					"name": "leg_front_right",
					"parent": "body",
					"pivot": [-2.5, 9, -4.5],
					"rotation": [7.5, 0, 0],
					"cubes": [
						{"origin": [-4, 4.5, -6], "size": [3, 6, 3], "inflate": 0.01, "uv": [42, 0], "mirror": true}
					]
				},
				{
					"name": "leg_front_right2",
					"parent": "leg_front_right",
					"pivot": [-2.5, 4.5, -3],
					"rotation": [-22.5, 0, 0],
					"cubes": [
						{"origin": [-4, 0.5, -6], "size": [3, 4, 3], "uv": [42, 13], "mirror": true}
					]
				},
				{
					"name": "leg_front_right3",
					"parent": "leg_front_right2",
					"pivot": [-2.5, 1, -4.5],
					"rotation": [15, 0, 0],
					"cubes": [
						{"origin": [-4, -0.75, -6.25], "size": [3, 2, 3], "inflate": 0.01, "uv": [29, 25], "mirror": true}
					]
				},
				{
					"name": "leg_back_left",
					"parent": "body",
					"pivot": [2.5, 9, 4.75],
					"rotation": [5, 0, 0],
					"cubes": [
						{"origin": [1, 4.5, 2.75], "size": [3, 6, 4], "inflate": 0.01, "uv": [50, 29]}
					]
				},
				{
					"name": "leg_back_left2",
					"parent": "leg_back_left",
					"pivot": [2.5, 4.5, 6.25],
					"rotation": [-12.5, 0, 0],
					"cubes": [
						{"origin": [1, 0.75, 4.25], "size": [3, 4, 3], "uv": [52, 8]}
					]
				},
				{
					"name": "leg_back_left3",
					"parent": "leg_back_left2",
					"pivot": [2.5, 1.25, 5.75],
					"rotation": [7.5, 0, 0],
					"cubes": [
						{"origin": [1, -0.25, 4], "size": [3, 2, 3], "inflate": 0.01, "uv": [35, 30]}
					]
				},
				{
					"name": "leg_back_right",
					"parent": "body",
					"pivot": [-2.5, 9, 4.75],
					"rotation": [5, 0, 0],
					"cubes": [
						{"origin": [-4, 4.5, 2.75], "size": [3, 6, 4], "inflate": 0.01, "uv": [50, 29], "mirror": true}
					]
				},
				{
					"name": "leg_back_right2",
					"parent": "leg_back_right",
					"pivot": [-2.5, 4.5, 6.25],
					"rotation": [-12.5, 0, 0],
					"cubes": [
						{"origin": [-4, 0.75, 4.25], "size": [3, 4, 3], "uv": [52, 8], "mirror": true}
					]
				},
				{
					"name": "leg_back_right3",
					"parent": "leg_back_right2",
					"pivot": [-2.5, 1.25, 5.75],
					"rotation": [7.5, 0, 0],
					"cubes": [
						{"origin": [-4, -0.25, 4], "size": [3, 2, 3], "inflate": 0.01, "uv": [35, 30], "mirror": true}
					]
				}
			]
		}
	]
}