{
  "portraitScale": 1.85,
  "portraitTranslation": [
    -0.5,
    0,
    0
  ],
  "profileScale": 0.8,
  "profileTranslation": [
    0,
    0.68,
    0
  ],
  "animations": {
    "faint": "q.bedrock_primary('eeveeon', 'faint', q.curve('one'))",
    "cry": "q.bedrock_stateful('eeveeon', 'cry')"
  },
  "poses": {
    "standing": {
      "poseTypes": [
        "STAND",
        "NONE",
        "PORTRAIT",
        "PROFILE"
      ],
      "isBattle": false,
      "animations": [
        "q.look('head')",
        "q.bedrock('eeveeon', 'ground_idle')"
      ],
      "quirks": [
        "q.bedrock_quirk('eeveeon', 'blink')"
      ]
    },
    "walking": {
      "poseTypes": [
        "WALK"
      ],
      "animations": [
        "q.look('head')",
        "q.bedrock('eeveeon', 'ground_run')"
      ],
      "quirks": [
        "q.bedrock_quirk('eeveeon', 'blink')"
      ]
    }
  }
}