{
	"format_version": "1.8.0",
	"animations": {
		"animation.regional_eevee.ground_idle": {
			"loop": true,
			"animation_length": 2,
			"bones": {
				"earr": {
					"rotation": {
						"0.0": [0, 0, 0],
						"0.2917": [0, 0, -1],
						"0.4583": [0, 0, -3],
						"0.625": [0, 0, -5],
						"0.7917": [0, 0, -3],
						"0.9583": [0, 0, -1],
						"1.125": [0, 0, 0],
						"1.2917": [0, 0, -1],
						"1.4583": [0, 0, -3],
						"1.625": [0, 0, -5],
						"1.7917": [0, 0, -3],
						"1.9583": [0, 0, -1],
						"2.0": [0, 0, 0]
					}
				},
				"earl": {
					"rotation": {
						"0.0": [0, 0, 0],
						"0.2917": [0, 0, 1],
						"0.4583": [0, 0, 3],
						"0.625": [0, 0, 5],
						"0.7917": [0, 0, 3],
						"0.9583": [0, 0, 1],
						"1.125": [0, 0, 0],
						"1.2917": [0, 0, 1],
						"1.4583": [0, 0, 3],
						"1.625": [0, 0, 5],
						"1.7917": [0, 0, 3],
						"1.9583": [0, 0, 1],
						"2.0": [0, 0, 0]
					}
				},
				"tail": {
					"rotation": {
						"0.0": [0, 0, 0],
						"0.1667": [-1, 0, 0],
						"0.3333": [-3, 0, 0],
						"0.5": [-5, 0, 0],
						"0.6667": [-6, 0, 0],
						"0.8333": [-6.5, 0, 0],
						"1.1667": [-6.5, 0, 0],
						"1.3333": [-6, 0, 0],
						"1.5": [-5, 0, 0],
						"1.6667": [-3, 0, 0],
						"1.8333": [-1, 0, 0],
						"2.0": [0, 0, 0]
					}
				},
				"notlegs": {
					"rotation": {
						"0.0": [0, 0, 0],
						"0.5": [1, 0, 0],
						"1.0": [0, 0, 0],
						"1.5": [1, 0, 0],
						"2.0": [0, 0, 0]
					}
				}
			}
		},
		"animation.regional_eevee.shoulder_left": {
			"loop": true,
			"animation_length": 2,
			"bones": {
				"earr": {
					"rotation": {
						"0.0": [0, 0, 0],
						"0.2917": [0, 0, -1],
						"0.4583": [0, 0, -3],
						"0.625": [0, 0, -5],
						"0.7917": [0, 0, -3],
						"0.9583": [0, 0, -1],
						"1.125": [0, 0, 0],
						"1.2917": [0, 0, -1],
						"1.4583": [0, 0, -3],
						"1.625": [0, 0, -5],
						"1.7917": [0, 0, -3],
						"1.9583": [0, 0, -1],
						"2.0": [0, 0, 0]
					}
				},
				"earl": {
					"rotation": {
						"0.0": [0, 0, 0],
						"0.2917": [0, 0, 1],
						"0.4583": [0, 0, 3],
						"0.625": [0, 0, 5],
						"0.7917": [0, 0, 3],
						"0.9583": [0, 0, 1],
						"1.125": [0, 0, 0],
						"1.2917": [0, 0, 1],
						"1.4583": [0, 0, 3],
						"1.625": [0, 0, 5],
						"1.7917": [0, 0, 3],
						"1.9583": [0, 0, 1],
						"2.0": [0, 0, 0]
					}
				},
				"tail": {
					"rotation": {
						"0.0": [0, 0, 0],
						"0.1667": [-1, 0, 0],
						"0.3333": [-3, 0, 0],
						"0.5": [-5, 0, 0],
						"0.6667": [-6, 0, 0],
						"0.8333": [-6.5, 0, 0],
						"1.1667": [-6.5, 0, 0],
						"1.3333": [-6, 0, 0],
						"1.5": [-5, 0, 0],
						"1.6667": [-3, 0, 0],
						"1.8333": [-1, 0, 0],
						"2.0": [0, 0, 0]
					}
				},
				"notlegs": {
					"rotation": {
						"0.0": [0, 0, 0],
						"0.5": [1, 0, 0],
						"1.0": [0, 0, 0],
						"1.5": [1, 0, 0],
						"2.0": [0, 0, 0]
					}
				},
				"body": {
					"position": [4, 0, 0]
				}
			}
		},
		"animation.regional_eevee.shoulder_right": {
			"loop": true,
			"animation_length": 2,
			"bones": {
				"earr": {
					"rotation": {
						"0.0": [0, 0, 0],
						"0.2917": [0, 0, -1],
						"0.4583": [0, 0, -3],
						"0.625": [0, 0, -5],
						"0.7917": [0, 0, -3],
						"0.9583": [0, 0, -1],
						"1.125": [0, 0, 0],
						"1.2917": [0, 0, -1],
						"1.4583": [0, 0, -3],
						"1.625": [0, 0, -5],
						"1.7917": [0, 0, -3],
						"1.9583": [0, 0, -1],
						"2.0": [0, 0, 0]
					}
				},
				"earl": {
					"rotation": {
						"0.0": [0, 0, 0],
						"0.2917": [0, 0, 1],
						"0.4583": [0, 0, 3],
						"0.625": [0, 0, 5],
						"0.7917": [0, 0, 3],
						"0.9583": [0, 0, 1],
						"1.125": [0, 0, 0],
						"1.2917": [0, 0, 1],
						"1.4583": [0, 0, 3],
						"1.625": [0, 0, 5],
						"1.7917": [0, 0, 3],
						"1.9583": [0, 0, 1],
						"2.0": [0, 0, 0]
					}
				},
				"tail": {
					"rotation": {
						"0.0": [0, 0, 0],
						"0.1667": [-1, 0, 0],
						"0.3333": [-3, 0, 0],
						"0.5": [-5, 0, 0],
						"0.6667": [-6, 0, 0],
						"0.8333": [-6.5, 0, 0],
						"1.1667": [-6.5, 0, 0],
						"1.3333": [-6, 0, 0],
						"1.5": [-5, 0, 0],
						"1.6667": [-3, 0, 0],
						"1.8333": [-1, 0, 0],
						"2.0": [0, 0, 0]
					}
				},
				"notlegs": {
					"rotation": {
						"0.0": [0, 0, 0],
						"0.5": [1, 0, 0],
						"1.0": [0, 0, 0],
						"1.5": [1, 0, 0],
						"2.0": [0, 0, 0]
					}
				},
				"body": {
					"position": [-4, 0, 0]
				}
			}
		},
		"animation.regional_eevee.ground_walk": {
			"loop": true,
			"animation_length": 0.5,
			"bones": {
				"head": {
					"rotation": {
						"0.0": [0, 0, 0],
						"0.125": [5, 0, 0],
						"0.25": [0.83, 0, 0],
						"0.375": [-4.58, 0, 0],
						"0.5": [0, 0, 0]
					}
				},
				"tuft": {
					"rotation": {
						"0.0": [0, 0, 0],
						"0.125": [-10, 0, 0],
						"0.25": [0, 0, 0],
						"0.375": [17.5, 0, 0],
						"0.5": [0, 0, 0]
					}
				},
				"earr": {
					"rotation": {
						"0.0": [0, 0, 0],
						"0.125": [-20, 0, 0],
						"0.25": [0, 0, 0],
						"0.375": [10, 0, 0],
						"0.5": [0, 0, 0]
					}
				},
				"earl": {
					"rotation": {
						"0.0": [0, 0, 0],
						"0.125": [-20, 0, 0],
						"0.25": [0, 0, 0],
						"0.375": [10, 0, 0],
						"0.5": [0, 0, 0]
					}
				},
				"body": {
					"position": {
						"0.0": [0, 0, 0],
						"0.25": [0, 2, 0],
						"0.5": [0, 0, 0]
					}
				},
				"tail": {
					"rotation": {
						"0.0": [0, 0, 0],
						"0.125": [-11.9, 0, 0],
						"0.25": [-7.5, 0, 0],
						"0.375": [-6.25, 0, 0],
						"0.5": [0, 0, 0]
					}
				},
				"fr": {
					"rotation": {
						"0.0": [0, 0, 0],
						"0.0833": [20, 0, 0],
						"0.2083": [0, 0, 0],
						"0.3333": [-40, 0, 0],
						"0.5": [0, 0, 0]
					}
				},
				"fl": {
					"rotation": {
						"0.0": [0, 0, 0],
						"0.1667": [20, 0, 0],
						"0.2917": [0, 0, 0],
						"0.4167": [-40, 0, 0],
						"0.5": [0, 0, 0]
					}
				},
				"br": {
					"rotation": {
						"0.0": [0, 0, 0],
						"0.1667": [20, 0, 0],
						"0.2917": [0, 0, 0],
						"0.4167": [-37.5, 0, 0],
						"0.5": [0, 0, 0]
					}
				},
				"bl": {
					"rotation": {
						"0.0": [0, 0, 0],
						"0.0833": [20, 0, 0],
						"0.2083": [0, 0, 0],
						"0.3333": [-35, 0, 0],
						"0.5": [0, 0, 0]
					}
				},
				"notlegs": {
					"rotation": {
						"0.0": [0, 0, 0],
						"0.125": [-7.5, 0, 0],
						"0.25": [0, 0, 0],
						"0.375": [7.5, 0, 0],
						"0.5": [0, 0, 0]
					}
				}
			}
		},
		"animation.regional_eevee.water_idle": {
			"loop": true,
			"animation_length": 4,
			"bones": {
				"fr": {
					"rotation": {
						"0.0": [0, 0, 0],
						"0.5": [-22.5, 0, 0],
						"1.5": [22.5, 0, 0],
						"2.5": [-22.5, 0, 0],
						"3.5": [22.5, 0, 0],
						"4.0": [0, 0, 0]
					}
				},
				"fl": {
					"rotation": {
						"0.0": [0, 0, 0],
						"0.5": [22.5, 0, 0],
						"1.5": [-22.5, 0, 0],
						"2.5": [22.5, 0, 0],
						"3.5": [-22.5, 0, 0],
						"4.0": [0, 0, 0]
					}
				},
				"br": {
					"rotation": {
						"0.0": [0, 0, 0],
						"0.5": [17.5, 0, 0],
						"1.5": [-12.5, 0, 0],
						"2.5": [22.5, 0, 0],
						"3.5": [-12.5, 0, 0],
						"4.0": [0, 0, 0]
					}
				},
				"bl": {
					"rotation": {
						"0.0": [0, 0, 0],
						"0.5": [-12.5, 0, 0],
						"1.5": [17.5, 0, 0],
						"2.5": [-12.5, 0, 0],
						"3.5": [22.5, 0, 0],
						"4.0": [0, 0, 0]
					}
				}
			}
		},
		"animation.regional_eevee.water_swim": {
			"loop": true,
			"animation_length": 2,
			"bones": {
				"tail": {
					"rotation": {
						"0.0": [0, 0, 0],
						"1.0": [-25, 0, 0],
						"2.0": [0, 0, 0]
					}
				},
				"fr": {
					"rotation": {
						"0.0": [0, 0, 0],
						"0.25": [-22.5, 0, 0],
						"0.75": [22.5, 0, 0],
						"1.25": [-22.5, 0, 0],
						"1.75": [22.5, 0, 0],
						"2.0": [0, 0, 0]
					}
				},
				"fl": {
					"rotation": {
						"0.0": [0, 0, 0],
						"0.25": [22.5, 0, 0],
						"0.75": [-22.5, 0, 0],
						"1.25": [22.5, 0, 0],
						"1.75": [-22.5, 0, 0],
						"2.0": [0, 0, 0]
					}
				},
				"br": {
					"rotation": {
						"0.0": [0, 0, 0],
						"0.25": [17.5, 0, 0],
						"0.75": [-12.5, 0, 0],
						"1.25": [22.5, 0, 0],
						"1.75": [-12.5, 0, 0],
						"2.0": [0, 0, 0]
					}
				},
				"bl": {
					"rotation": {
						"0.0": [0, 0, 0],
						"0.25": [-12.5, 0, 0],
						"0.75": [17.5, 0, 0],
						"1.25": [-12.5, 0, 0],
						"1.75": [22.5, 0, 0],
						"2.0": [0, 0, 0]
					}
				}
			}
		},
		"animation.regional_eevee.sleep": {
			"loop": "hold_on_last_frame",
			"animation_length": 1.5,
			"bones": {
				"head": {
					"rotation": {
						"0.0": [0, 0, 0],
						"0.25": [10, 0, 0],
						"0.75": [10, 0, 0],
						"1.0": [5, 0, 0]
					},
					"position": [0, 0, 0]
				},
				"tuft": {
					"rotation": {
						"0.0": [0, 0, 0],
						"1.5": [7.5, 0, 0]
					}
				},
				"earr": {
					"rotation": {
						"0.0": [0, 0, 0],
						"0.3333": [0, 0, 0],
						"1.25": [0, 0, -42.5]
					}
				},
				"earl": {
					"rotation": {
						"0.0": [0, 0, 0],
						"0.3333": [0, 0, 0],
						"1.25": [0, 0, 42.5]
					}
				},
				"eyes": {
					"position": {
						"0.0": [0, 0, 0],
						"0.1667": [0, 0, 0],
						"0.5833": [0, 0, 0.01],
						"0.6667": [0, 0, 0.02],
						"1.0": [0, 0, 0.125]
					}
				},
				"body": {
					"rotation": {
						"0.0": [0, 0, 0],
						"0.25": [-10, 0, 0],
						"0.5": [-5, 0, 0],
						"1.0": [2, 0, 0]
					},
					"position": {
						"0.0": [0, 0, 0],
						"0.25": [0, -0.5, 0.95],
						"0.5": [0, -1.37, 1.68],
						"0.75": [0, -2.5, 1.9]
					}
				},
				"tail": {
					"rotation": {
						"0.0": [0, 0, 0],
						"1.0": [-62.5, 0, 0],
						"1.5": [-70, 0, 0]
					}
				},
				"leg2": {
					"rotation": {
						"0.0": [0, 0, 0],
						"0.25": [-5.67, 0, 0],
						"0.5": [-22.33, 0, 0],
						"0.75": [-53, 0, 0],
						"1.0": [-55, 0, 0]
					},
					"position": {
						"0.0": [0, 0, 0],
						"0.25": [0, -0.42, 0.1],
						"0.5": [0, 0.105, -0.23],
						"0.75": [0, 0.97, 0.54],
						"1.0": [0, 0.925, 0]
					}
				},
				"foot": {
					"rotation": {
						"0.0": [0, 0, 0],
						"0.25": [10.19, 0, 0],
						"0.75": [1.48, 0, 0],
						"1.0": [0, 0, 0]
					},
					"position": {
						"0.0": [0, 0, 0],
						"0.25": [0, -0.22, -0.01],
						"0.5": [0, 0.91, -1.06],
						"0.75": [0, 2.34, -2.12],
						"1.0": [0, 2.725, -2.825]
					}
				},
				"leg4": {
					"rotation": {
						"0.0": [0, 0, 0],
						"0.25": [-10.17, 0, 0],
						"0.75": [-53, 0, 0],
						"1.0": [-55, 0, 0]
					},
					"position": {
						"0.0": [0, 0, 0],
						"1.0": [0, 0.925, 0]
					}
				},
				"foot2": {
					"rotation": {
						"0.0": [0, 0, 0],
						"0.25": [19.44, 0, 0],
						"0.75": [1.48, 0, 0],
						"1.0": [-2.25, 0, 0]
					},
					"position": {
						"0.0": [0, 0, 0],
						"0.75": [0, 2.34, -2.12],
						"1.0": [0, 2.725, -2.825]
					}
				},
				"leg6": {
					"rotation": {
						"0.0": [0, 0, 0],
						"0.25": [-25, 0, 0],
						"0.5": [-40, 0, 0],
						"0.75": [-57.5, 0, 0]
					}
				},
				"foot3": {
					"rotation": {
						"0.0": [0, 0, 0],
						"0.25": [10, 0, 0],
						"0.5": [5, 0, 0],
						"0.75": [1.25, 0, 0],
						"1.0": [-2.25, 0, 0]
					},
					"position": {
						"0.0": [0, 0, 0],
						"0.125": [0, 0.48, -0.86],
						"0.25": [0, 0.825, -1.825],
						"0.5": [0, 1.475, -2.55],
						"0.75": [0, 2.525, -2.725],
						"1.0": [0, 2.48, -2.575]
					}
				},
				"leg8": {
					"rotation": {
						"0.0": [0, 0, 0],
						"0.25": [-25, 0, 0],
						"0.5": [-40, 0, 0],
						"0.75": [-57.5, 0, 0]
					}
				},
				"foot4": {
					"rotation": {
						"0.0": [0, 0, 0],
						"0.25": [10, 0, 0],
						"0.5": [5, 0, 0],
						"0.75": [1.25, 0, 0],
						"1.0": [-2.25, 0, 0]
					},
					"position": {
						"0.0": [0, 0, 0],
						"0.125": [0, 0.48, -0.86],
						"0.25": [0, 0.825, -1.825],
						"0.5": [0, 1.475, -2.55],
						"0.75": [0, 2.525, -2.725],
						"1.0": [0, 2.48, -2.575]
					}
				}
			}
		},
		"animation.regional_eevee.faint": {
			"loop": "hold_on_last_frame",
			"animation_length": 1.5,
			"bones": {
				"head": {
					"rotation": {
						"0.0": [0, 0, 0],
						"0.5": [0, 0, -7.5],
						"0.75": [0, 0, -12.5],
						"1.0": [0, 0, 10],
						"1.2917": [0, 0, -5],
						"1.4167": [0, 0, 7.5]
					}
				},
				"earr": {
					"rotation": {
						"0.0": [0, 0, 0],
						"0.5": [0, 0, -5],
						"0.75": [0, 0, -27.5],
						"1.0": [0, 0, 25],
						"1.25": [0, 0, -5],
						"1.4583": [0, 0, 27.5]
					}
				},
				"earl": {
					"rotation": {
						"0.0": [0, 0, 0],
						"0.5": [0, 0, -20],
						"1.0": [0, 0, -30],
						"1.2917": [0, 0, -42.5],
						"1.4167": [0, 0, -27.5]
					}
				},
				"eyes": {
					"position": {
						"0.0": [0, 0, 0],
						"0.1667": [0, 0, 0],
						"0.5833": [0, 0, 0.01],
						"0.6667": [0, 0, 0.02],
						"0.9167": [0, 0, 0.03],
						"1.0": [0, 0, 0.125]
					}
				},
				"body": {
					"rotation": {
						"0.0": [0, 0, 0],
						"0.25": [0, 0, 2.5],
						"0.5": [0, 0, 12.5],
						"1.0": [0, 0, 70],
						"1.25": [0, 0, 67.5],
						"1.375": [0, 0, 71.5]
					},
					"position": {
						"0.0": [0, 0, 0],
						"0.8333": [1.9, 0, 0.95],
						"1.0": [1.9, 1.71, 0.95],
						"1.375": [1.9, 1.825, 0.95]
					}
				},
				"tail": {
					"rotation": {
						"0.0": [0, 0, 0],
						"0.5": [7.36822, -10.27849, -14.11199],
						"0.75": [5.3271, -4.16051, 14.54821],
						"1.0": [3.90342, -5.51801, 31.30366],
						"1.2917": [5.1951, -4.32383, 16.29183],
						"1.4583": [3.92061, 2.48667, 24.34308],
						"1.5": [3.92303, 2.49165, 24.33855]
					}
				},
				"fr": {
					"rotation": {
						"0.0": [0, 0, 0],
						"0.5417": [0, 0, 0],
						"0.75": [25.252, 25.252, 12.5],
						"0.8333": [25.252, 25.252, 14.17],
						"1.0": [25.252, 25.252, 2.5],
						"1.25": [25.252, 25.252, 0],
						"1.375": [26.68551, 23.71891, 8.45755],
						"1.5": [22.99763, 27.29709, 6.1774]
					},
					"position": {
						"0.0": [0, 0, 0],
						"0.5417": [0, 0, 0]
					}
				},
				"fl": {
					"rotation": {
						"0.0": [0, 0, 0],
						"0.25": [0, 0, 1.25],
						"0.5": [0, 0, 14.25],
						"0.75": [0, 0, 30.25],
						"0.8333": [0, 0, 31.33],
						"1.0": [0, 0, 18.5],
						"1.25": [0, 0, 17.75],
						"1.375": [0, 0, 21.5],
						"1.5": [0, 0, 17.75]
					},
					"position": [0, 0, 0]
				},
				"br": {
					"rotation": {
						"0.0": [0, 0, 0],
						"1.0": [11.28213, 6.17358, -0.26932],
						"1.25": [12.92493, 7.34189, -1.7469],
						"1.375": [14.46035, 7.88947, -0.95249],
						"1.5": [15.05431, 9.28409, -4.44381]
					},
					"position": {
						"0.0": [0, 0, 0],
						"1.5": [-0.375, 0, 0]
					}
				},
				"bl": {
					"rotation": {
						"0.0": [0, 0, 0],
						"0.5417": [-18.66764, 4.47427, 18.63924],
						"0.75": [-15.71404, 5.51924, 22.40398],
						"1.0": [-8.68037, 2.71656, 13.82743],
						"1.25": [-10.48294, 2.57414, 12.19507],
						"1.375": [-11.2038, 3.18145, 15.07142],
						"1.5": [-12.2127, 2.68507, 12.2127]
					},
					"position": [0, 0, 0]
				}
			}
		},
		"animation.regional_eevee.blink": {
			"animation_length": 0.20833,
			"bones": {
				"eyes": {
					"position": {
						"0.0": [0, 0, 0],
						"0.0833": [0, 0, 0.125],
						"0.2083": [0, 0, 0]
					}
				}
			}
		},
		"animation.regional_eevee.physical_attack": {
			"animation_length": 1.08333,
			"bones": {
				"body": {
					"position": {
						"0.0": [0, 0, 0],
						"0.25": [0, 3, -4.5],
						"0.5": [0, 0, -10],
						"0.5833": [0, 0, -10],
						"0.8333": [0, 2, -3.5],
						"1.0833": [0, 0, 0]
					}
				},
				"head": {
					"rotation": {
						"0.0": [0, 0, 0],
						"0.125": [15, 0, 0],
						"0.25": [-5, 0, 0],
						"0.375": [-20, 0, 0],
						"0.5": [0, 0, 0],
						"0.5833": [0, 0, 0],
						"0.7083": [5, 0, 0],
						"0.8333": [0, 0, 0],
						"0.9583": [5, 0, 0],
						"1.0833": [0, 0, 0]
					}
				},
				"tuft": {
					"rotation": {
						"0.0": [0, 0, 0],
						"0.125": [-12.5, 0, 0],
						"0.25": [-32.5, 0, 0],
						"0.375": [15, 0, 0],
						"0.5": [42.5, 0, 0],
						"0.5833": [25, 0, 0],
						"0.7083": [27.5, 0, 0],
						"0.8333": [40, 0, 0],
						"0.9583": [0, 0, 0],
						"1.0": [-7.5, 0, 0],
						"1.0833": [0, 0, 0]
					}
				},
				"earr": {
					"rotation": {
						"0.0": [0, 0, 0],
						"0.125": [-12.5, 0, 0],
						"0.25": [-32.5, 0, 0],
						"0.375": [15, 0, 0],
						"0.5": [32.5, 0, 0],
						"0.5833": [25, 0, 0],
						"0.7083": [27.5, 0, 0],
						"0.8333": [40, 0, 0],
						"0.9583": [0, 0, 0],
						"1.0": [-7.5, 0, 0],
						"1.0833": [0, 0, 0]
					}
				},
				"earl": {
					"rotation": {
						"0.0": [0, 0, 0],
						"0.125": [-12.5, 0, 0],
						"0.25": [-32.5, 0, 0],
						"0.375": [15, 0, 0],
						"0.5": [32.5, 0, 0],
						"0.5833": [25, 0, 0],
						"0.7083": [27.5, 0, 0],
						"0.8333": [40, 0, 0],
						"0.9583": [0, 0, 0],
						"1.0": [-7.5, 0, 0],
						"1.0833": [0, 0, 0]
					}
				},
				"tail": {
					"rotation": {
						"0.0": [0, 0, 0],
						"0.125": [-7.5, 0, 0],
						"0.25": [-17.5, 0, 0],
						"0.375": [0, 0, 0],
						"0.5": [7.5, 0, 0],
						"0.5833": [17.5, 0, 0],
						"0.7083": [22.5, 0, 0],
						"0.8333": [35, 0, 0],
						"0.9583": [0, 0, 0],
						"1.0": [-7.5, 0, 0],
						"1.0833": [0, 0, 0]
					}
				},
				"fr": {
					"rotation": {
						"0.0": [0, 0, 0],
						"0.125": [20, 0, 0],
						"0.25": [32.5, 0, 0],
						"0.375": [-32.5, 0, 0],
						"0.5": [0, 0, 0],
						"0.625": [2.5, 0, 0],
						"0.75": [-20, 0, 0],
						"0.875": [-22.5, 0, 0],
						"1.0": [12.5, 0, 0],
						"1.0833": [0, 0, 0]
					}
				},
				"fl": {
					"rotation": {
						"0.0": [0, 0, 0],
						"0.125": [20, 0, 0],
						"0.25": [32.5, 0, 0],
						"0.375": [-32.5, 0, 0],
						"0.5": [0, 0, 0],
						"0.5833": [2.5, 0, 0],
						"0.7083": [-20, 0, 0],
						"0.8333": [-22.5, 0, 0],
						"0.9583": [12.5, 0, 0],
						"1.0833": [0, 0, 0]
					}
				},
				"br": {
					"rotation": {
						"0.0": [0, 0, 0],
						"0.125": [15, 0, 0],
						"0.25": [12.5, 0, 0],
						"0.375": [-12.5, 0, 0],
						"0.5": [0, 0, 0],
						"0.5833": [2.5, 0, 0],
						"0.7083": [-15, 0, 0],
						"0.8333": [-10, 0, 0],
						"0.9583": [12.5, 0, 0],
						"1.0833": [0, 0, 0]
					}
				},
				"bl": {
					"rotation": {
						"0.0": [0, 0, 0],
						"0.125": [15, 0, 0],
						"0.25": [12.5, 0, 0],
						"0.375": [-12.5, 0, 0],
						"0.5": [0, 0, 0],
						"0.625": [2.5, 0, 0],
						"0.75": [-15, 0, 0],
						"0.875": [-10, 0, 0],
						"1.0": [12.5, 0, 0],
						"1.0833": [0, 0, 0]
					}
				},
				"notlegs": {
					"rotation": {
						"0.0": [0, 0, 0],
						"0.125": [-10, 0, 0],
						"0.25": [0, 0, 0],
						"0.375": [10, 0, 0],
						"0.5": [0, 0, 0],
						"0.5833": [0, 0, 0],
						"0.7083": [7.5, 0, 0],
						"0.8333": [0, 0, 0],
						"0.9583": [-10, 0, 0],
						"1.0833": [0, 0, 0]
					}
				}
			}
		},
		"animation.regional_eevee.special_attack": {
			"loop": "hold_on_last_frame",
			"animation_length": 2,
			"bones": {
				"body": {
					"position": {
						"0.0": [0, 0, 0],
						"0.375": [0, 0, -2],
						"1.5": [0, 0, -2],
						"2.0": [0, 0, 0]
					}
				},
				"head": {
					"rotation": {
						"0.0": [0, 0, 0],
						"0.375": [-5, 0, 0],
						"0.875": [-5, 0, 0],
						"1.5": [0, 0, 0]
					},
					"position": {
						"0.0": [0, 0, 0],
						"0.375": [0, -1, 0],
						"0.5833": [0, -0.75, 0.11],
						"0.75": [0, -0.445, 0.22],
						"0.875": [0, -0.175, 0.325],
						"1.5": [0, 0, 0]
					}
				},
				"tuft": {
					"rotation": {
						"0.0": [0, 0, 0],
						"0.2917": [0, 0, 0],
						"0.375": [-12.5, 0, 0],
						"0.4583": [0, 0, 0],
						"0.5417": [-12.5, 0, 0],
						"0.625": [0, 0, 0],
						"0.7083": [-12.5, 0, 0],
						"0.7917": [0, 0, 0],
						"0.875": [-12.5, 0, 0],
						"1.5": [-12.5, 0, 0],
						"2.0": [0, 0, 0]
					}
				},
				"earr": {
					"rotation": {
						"0.0": [0, 0, 0],
						"0.375": [-25, 18, -8.5],
						"0.4583": [-12.5, 18, -8.5],
						"0.5417": [-25, 18, -8.5],
						"0.625": [-12.5, 18, -8.5],
						"0.7083": [-25, 18, -8.5],
						"0.7917": [-12.5, 18, -8.5],
						"0.875": [-25, 18, -8.5],
						"1.375": [0, 0, 0]
					}
				},
				"earl": {
					"rotation": {
						"0.0": [0, 0, 0],
						"0.375": [-25, -18, 0],
						"0.4583": [-12.5, -18, 0],
						"0.5417": [-25, -18, 0],
						"0.625": [-12.5, -18, 0],
						"0.7083": [-25, -18, 0],
						"0.7917": [-12.5, -18, 0],
						"0.875": [-25, -18, 0],
						"1.5": [0, 0, 0]
					}
				},
				"tail": {
					"rotation": {
						"0.0": [0, 0, 0],
						"0.375": [-27.5, 0, 0],
						"0.4583": [-20, 0, 0],
						"0.5417": [-27.5, 0, 0],
						"0.625": [-20, 0, 0],
						"0.7083": [-27.5, 0, 0],
						"0.7917": [-20, 0, 0],
						"0.875": [-27.5, 0, 0],
						"1.375": [0, 0, 0]
					}
				},
				"leg1": {
					"rotation": {
						"0.0": [0, 0, 0],
						"0.125": [-5, 0, 0],
						"0.25": [-9.25, 0, 0],
						"0.375": [-9.25, 0, 0],
						"1.5": [-9.25, 0, 0],
						"1.6667": [-9.25, 0, 0],
						"1.8333": [-5, 0, 0],
						"2.0": [0, 0, 0]
					},
					"position": {
						"0.0": [0, 0, 0],
						"0.125": [0, 0, 0],
						"0.25": [0, 0, 0],
						"0.375": [0, -0.5, 0],
						"1.5": [0, -0.5, 0],
						"1.6667": [0, 0, 0],
						"1.8333": [0, 0, 0],
						"2.0": [0, 0, 0]
					}
				},
				"leg2": {
					"rotation": {
						"0.0": [0, 0, 0],
						"0.125": [-15, 0, 0],
						"0.25": [-24.25, 0, 0],
						"0.375": [-16, 0, 0],
						"1.5": [-16, 0, 0],
						"1.6667": [-24.25, 0, 0],
						"1.8333": [-15, 0, 0],
						"2.0": [0, 0, 0]
					},
					"position": {
						"0.0": [0, 0, 0],
						"0.125": [0, 0, 0.125],
						"0.25": [0, -0.15, 0.275],
						"0.375": [0, -0.495, -0.245],
						"1.5": [0, -0.495, -0.245],
						"1.6667": [0, -0.15, 0.275],
						"1.8333": [0, 0, 0.125],
						"2.0": [0, 0, 0]
					}
				},
				"foot": {
					"position": {
						"0.0": [0, 0, 0],
						"0.125": [0, 0.5, -0.5],
						"0.25": [0, 0.75, -0.75],
						"0.375": [0, 0, -1],
						"1.5": [0, 0, -1],
						"1.6667": [0, 0.75, -0.75],
						"1.8333": [0, 0.5, -0.5],
						"2.0": [0, 0, 0]
					}
				},
				"leg4": {
					"rotation": {
						"0.0": [0, 0, 0],
						"0.375": [40, 0, 0],
						"1.5": [40, 0, 0],
						"2.0": [0, 0, 0]
					}
				},
				"foot2": {
					"position": {
						"0.0": [0, 0, 0],
						"0.375": [0, 0, 2],
						"1.5": [0, 0, 2],
						"2.0": [0, 0, 0]
					}
				},
				"leg6": {
					"rotation": {
						"0.0": [0, 0, 0],
						"0.375": [37.5, 0, 0],
						"1.5": [37.5, 0, 0],
						"2.0": [0, 0, 0]
					}
				},
				"foot3": {
					"position": {
						"0.0": [0, 0, 0],
						"0.375": [0, 0, 2],
						"1.5": [0, 0, 2],
						"2.0": [0, 0, 0]
					}
				},
				"leg8": {
					"rotation": {
						"0.0": [0, 0, 0],
						"0.375": [37.5, 0, 0],
						"1.5": [37.5, 0, 0],
						"2.0": [0, 0, 0]
					}
				},
				"foot4": {
					"position": {
						"0.0": [0, 0, 0],
						"0.375": [0, 0, 2],
						"1.5": [0, 0, 2],
						"2.0": [0, 0, 0]
					}
				}
			}
		}
	}
}