{
  "portraitScale": 2.0,
  "portraitTranslation": [-0.50, -0.45, 0],
  "profileScale": 0.56,
  "profileTranslation": [0, 0.85, 0],
  "rootBone": "electrike",
  "animations": {
    "cry": "q.bedrock_stateful('electrike', 'cry')"
  },
  "poses": {
    "standing": {
      "poseTypes": ["STAND", "FLOAT", "PORTRAIT", "PROFILE", "NONE"],
      "animations": ["q.bedrock('electrike', 'ground_idle')"]
    },
    "walking": {
      "poseTypes": ["WALK", "SWIM"],
      "animations": [
        "q.bedrock('electrike', 'ground_walk')"
      ]
    }
  }
}
