{
  "enabled": true,
  "neededInstalledMods": [],
  "neededUninstalledMods": [],
  "spawns": [
      {
          "id": "celebi-1",
          "pokemon": "celebi",
          "presets": [
              "natural"
          ],
          "type": "pokemon",
          "context": "grounded",
          "bucket": "rare",
          "level": "10-15",
          "weight": 2,
          "condition": {
              "canSeeSky": true,
              "biomes": [
                  "#cobblemon:is_forest",
                  "#cobblemon:is_floral"
              ]
      }
    }
  ]
}