{
  "enabled": true,
  "neededInstalledMods": [],
  "neededUninstalledMods": [],
  "spawns": [
      {
          "id": "magearna-1",
          "pokemon": "magearna original",
          "presets": [
              "natural"
          ],
          "type": "pokemon",
          "context": "grounded",
          "bucket": "rare",
          "level": "10-15",
          "weight": 5,
          "condition": {
              "canSeeSky": true,
              "biomes": [
                  "#cobblemon:is_floral",
                  "#cobblemon:is_cherry_blossom"
              ]
          }
      },
      {
        "id": "magearna-2",
        "pokemon": "magearna",
        "presets": [
            "natural"
        ],
        "type": "pokemon",
        "context": "grounded",
        "bucket": "rare",
        "level": "30-35",
        "weight": 1,
        "condition": {
            "canSeeSky": true,
            "biomes": [
            "#cobblemon:is_jungle"
            ]
        }
    }
  ]
}