{
  "enabled": true,
  "neededInstalledMods": [],
  "neededUninstalledMods": [],
  "spawns": [
      {
          "id": "manaphy-1",
          "pokemon": "manaphy",
          "presets": [
              "underwater"
          ],
          "type": "pokemon",
          "context": "submerged",
          "bucket": "rare",
          "level": "10-15",
          "weight": 0.5,
          "condition": {
              "canSeeSky": true,
              "biomes": [
                  "#cobblemon:is_ocean"
              ]
      }
    }
  ]
}