{
    "species": "cobblemon:evereon",
    "order": 0,
    "variations": [
      {
        "aspects": [],
        "poser": "cobblemon:evereon",
        "model": "cobblemon:evereon.geo",
        "texture": "cobblemon:textures/pokemon/evereon/evereon.png",
        "layers": [
          {
            "name": "emissive",
            "emissive": true,
            "texture": "cobblemon:textures/pokemon/evereon/evereon_e.png",
            "translucent": true
          }
        ]
      },
      {
        "aspects": [ "shiny" ],
        "texture": "cobblemon:textures/pokemon/evereon/evereon_shiny.png",
        "layers": [
          {
            "name": "emissive",
            "emissive": true,
            "texture": "cobblemon:textures/pokemon/evereon/evereon_shiny_e.png",
            "translucent": true
          }
        ]
      }
    ]
  }