{
  "species": "cobblemon:minereon",
  "order": 0,
  "variations": [
    {
      "aspects": [],
      "poser": "cobblemon:minereon",
      "model": "cobblemon:minereon.geo",
      "texture": "cobblemon:textures/pokemon/minereon/minereon.png",
      "layers": [
        {
          "name": "emissive",
          "emissive": true,
          "texture": "cobblemon:textures/pokemon/minereon/minereon_e.png",
          "translucent": true
        }
      ]
    },
    {
      "aspects": [ "shiny" ],
      "texture": "cobblemon:textures/pokemon/minereon/minereon_shiny.png",
      "layers": [
        {
          "name": "emissive",
          "emissive": true,
          "texture": "cobblemon:textures/pokemon/minereon/minereon_shiny_e.png",
          "translucent": true
        }
      ]
    }
  ]
}