{
  "species": "cobblemon:spectreon",
  "order": 0,
  "variations": [
    {
      "aspects": [],
      "poser": "cobblemon:spectreon",
      "model": "cobblemon:spectreon.geo",
      "texture": "cobblemon:textures/pokemon/spectreon/spectreon.png",
      "layers": [
        {
          "name": "animation",
          "texture": {
            "frames": [
              "cobblemon:textures/pokemon/spectreon/animation/wisp1.png",
              "cobblemon:textures/pokemon/spectreon/animation/wisp2.png",
              "cobblemon:textures/pokemon/spectreon/animation/wisp3.png"
            ],
            "fps": 6,
            "loop": true
          },
          "emissive": true
        }
      ]
    },
    {
      "aspects": [
        "shiny"
      ],
      "texture": "cobblemon:textures/pokemon/spectreon/spectreon_shiny.png",
      "layers": [
        {
          "name": "animation",
          "texture": {
            "frames": [
              "cobblemon:textures/pokemon/spectreon/animation/wisp1_s.png",
              "cobblemon:textures/pokemon/spectreon/animation/wisp2_s.png",
              "cobblemon:textures/pokemon/spectreon/animation/wisp3_s.png"
            ],
            "fps": 6,
            "loop": true
          },
          "emissive": true
        }
      ]
    }
  ]
}