{
	"format_version": "1.12.0",
	"minecraft:geometry": [
		{
			"description": {
				"identifier": "geometry.spectreon",
				"texture_width": 128,
				"texture_height": 128,
				"visible_bounds_width": 5,
				"visible_bounds_height": 3.5,
				"visible_bounds_offset": [0, 1.25, 0]
			},
			"bones": [
				{
					"name": "spectreon",
					"pivot": [0, 0, 0]
				},
				{
					"name": "body",
					"parent": "spectreon",
					"pivot": [0, 9.75, 0]
				},
				{
					"name": "torso",
					"parent": "body",
					"pivot": [0, 9.75, 0],
					"cubes": [
						{"origin": [-3.5, 6.75, -7], "size": [7, 6, 14], "uv": [0, 22]},
						{"origin": [3, 12.75, -4.5], "size": [0, 5, 4], "uv": [24, 59]},
						{"origin": [-3, 12.75, -4.5], "size": [0, 5, 4], "uv": [60, 55]}
					]
				},
				{
					"name": "head",
					"parent": "torso",
					"pivot": [0, 12.25, -6],
					"cubes": [
						{"origin": [-3.5, 10.75, -12], "size": [7, 7, 7], "inflate": 0.01, "uv": [42, 0]},
						{"origin": [-2.5, 10.75, -12.5], "size": [5, 2, 1], "uv": [56, 30]},
						{"origin": [-0.5, 11.5, -12.51], "size": [1, 1, 0], "uv": [48, 51]}
					]
				},
				{
					"name": "mouth",
					"parent": "head",
					"pivot": [0, 11.26, -12.415],
					"cubes": [
						{"origin": [-1, 10.76, -12.415], "size": [2, 1, 0], "uv": [54, 40]}
					]
				},
				{
					"name": "eyes",
					"parent": "head",
					"pivot": [0, 13.75, -12]
				},
				{
					"name": "eye_right",
					"parent": "eyes",
					"pivot": [-2.515, 14, -11.015],
					"cubes": [
						{"origin": [-3.515, 13.25, -12.015], "size": [1, 2, 2], "uv": [60, 64]},
						{"origin": [-2.515, 12.75, -12.015], "size": [1, 2, 2], "uv": [10, 66]}
					]
				},
				{
					"name": "eyelid_right",
					"parent": "eye_right",
					"pivot": [-2.415, 14, -10.915],
					"cubes": [
						{"origin": [-3.415, 13, -11.915], "size": [2, 2, 2], "inflate": 0.01, "uv": [62, 14]}
					]
				},
				{
					"name": "eye_left",
					"parent": "eyes",
					"pivot": [2.515, 14, -11.015],
					"cubes": [
						{"origin": [2.515, 13.25, -12.015], "size": [1, 2, 2], "uv": [62, 18]},
						{"origin": [1.515, 12.75, -12.015], "size": [1, 2, 2], "uv": [32, 66]}
					]
				},
				{
					"name": "eyelid_left",
					"parent": "eye_left",
					"pivot": [2.415, 14, -10.915],
					"cubes": [
						{"origin": [1.415, 13, -11.915], "size": [2, 2, 2], "inflate": 0.01, "uv": [10, 62]}
					]
				},
				{
					"name": "ear_left",
					"parent": "head",
					"pivot": [3, 16.25, -9],
					"rotation": [-20, -25, 30],
					"cubes": [
						{"origin": [1, 16.25, -9], "size": [5, 5, 0], "uv": [32, 61]}
					]
				},
				{
					"name": "ear_left2",
					"parent": "ear_left",
					"pivot": [3.5, 21.25, -9],
					"cubes": [
						{"origin": [1, 21.25, -9], "size": [5, 10, 0], "uv": [50, 42]}
					]
				},
				{
					"name": "ear_right",
					"parent": "head",
					"pivot": [-3, 16.25, -9],
					"rotation": [-20, 25, -30],
					"cubes": [
						{"origin": [-6, 16.25, -9], "size": [5, 5, 0], "uv": [0, 62]}
					]
				},
				{
					"name": "ear_right2",
					"parent": "ear_right",
					"pivot": [-3.5, 21.25, -9],
					"cubes": [
						{"origin": [-6, 21.25, -9], "size": [5, 10, 0], "uv": [38, 51]}
					]
				},
				{
					"name": "tail",
					"parent": "torso",
					"pivot": [0, 12.25, 7],
					"cubes": [
						{"origin": [-2.5, 10.25, 6], "size": [5, 4, 5], "uv": [42, 14]}
					]
				},
				{
					"name": "tail2",
					"parent": "tail",
					"pivot": [0, 12.25, 11],
					"cubes": [
						{"origin": [-4.5, 7.25, 11], "size": [9, 10, 12], "uv": [0, 0]}
					]
				},
				{
					"name": "tail3",
					"parent": "tail2",
					"pivot": [0, 11.25, 22],
					"cubes": [
						{"origin": [0, 3.25, 20], "size": [0, 12, 12], "uv": [0, 30]}
					]
				},
				{
					"name": "leg_front_left",
					"parent": "body",
					"pivot": [2.5, 9, -4.5],
					"rotation": [7.5, 0, 0],
					"cubes": [
						{"origin": [1, 4.5, -6], "size": [3, 6, 3], "inflate": 0.01, "uv": [38, 42]}
					]
				},
				{
					"name": "leg_front_left2",
					"parent": "leg_front_left",
					"pivot": [2.5, 4.5, -3],
					"rotation": [-22.5, 0, 0],
					"cubes": [
						{"origin": [1, 0.5, -6], "size": [3, 4, 3], "uv": [48, 52]}
					]
				},
				{
					"name": "leg_front_left3",
					"parent": "leg_front_left2",
					"pivot": [2.5, 1, -4.5],
					"rotation": [15, 0, 0],
					"cubes": [
						{"origin": [1, -0.75, -6.25], "size": [3, 2, 3], "inflate": 0.01, "uv": [60, 40]},
						{"origin": [4, 1.25, -6.25], "size": [0, 3, 3], "inflate": 0.01, "pivot": [4, 1.25, -4.75], "rotation": [0, 0, 22.5], "uv": [42, 61]}
					]
				},
				{
					"name": "leg_front_right",
					"parent": "body",
					"pivot": [-2.5, 9, -4.5],
					"rotation": [7.5, 0, 0],
					"cubes": [
						{"origin": [-4, 4.5, -6], "size": [3, 6, 3], "inflate": 0.01, "uv": [42, 33]}
					]
				},
				{
					"name": "leg_front_right2",
					"parent": "leg_front_right",
					"pivot": [-2.5, 4.5, -3],
					"rotation": [-22.5, 0, 0],
					"cubes": [
						{"origin": [-4, 0.5, -6], "size": [3, 4, 3], "uv": [24, 52]}
					]
				},
				{
					"name": "leg_front_right3",
					"parent": "leg_front_right2",
					"pivot": [-2.5, 1, -4.5],
					"rotation": [15, 0, 0],
					"cubes": [
						{"origin": [-4, -0.75, -6.25], "size": [3, 2, 3], "inflate": 0.01, "uv": [48, 59]},
						{"origin": [-4, 1.25, -6.25], "size": [0, 3, 3], "inflate": 0.01, "pivot": [-4, 1.25, -4.75], "rotation": [0, 0, -22.5], "uv": [18, 62]}
					]
				},
				{
					"name": "leg_back_left",
					"parent": "body",
					"pivot": [2.5, 9, 4.75],
					"rotation": [5, 0, 0],
					"cubes": [
						{"origin": [1, 4.5, 2.75], "size": [3, 6, 4], "inflate": 0.01, "uv": [24, 42]}
					]
				},
				{
					"name": "leg_back_left2",
					"parent": "leg_back_left",
					"pivot": [2.5, 4.5, 6.25],
					"rotation": [-12.5, 0, 0],
					"cubes": [
						{"origin": [1, 0.75, 4.25], "size": [3, 4, 3], "uv": [56, 23]}
					]
				},
				{
					"name": "leg_back_left3",
					"parent": "leg_back_left2",
					"pivot": [2.5, 1.25, 5.75],
					"rotation": [7.5, 0, 0],
					"cubes": [
						{"origin": [1, -0.25, 4], "size": [3, 2, 3], "inflate": 0.01, "uv": [60, 50]},
						{"origin": [4, 1.75, 4], "size": [0, 3, 3], "inflate": 0.01, "pivot": [4, 1.75, 5.5], "rotation": [0, 0, 22.5], "uv": [48, 64]}
					]
				},
				{
					"name": "leg_back_right",
					"parent": "body",
					"pivot": [-2.5, 9, 4.75],
					"rotation": [5, 0, 0],
					"cubes": [
						{"origin": [-4, 4.5, 2.75], "size": [3, 6, 4], "inflate": 0.01, "uv": [42, 23]}
					]
				},
				{
					"name": "leg_back_right2",
					"parent": "leg_back_right",
					"pivot": [-2.5, 4.5, 6.25],
					"rotation": [-12.5, 0, 0],
					"cubes": [
						{"origin": [-4, 0.75, 4.25], "size": [3, 4, 3], "uv": [54, 33]}
					]
				},
				{
					"name": "leg_back_right3",
					"parent": "leg_back_right2",
					"pivot": [-2.5, 1.25, 5.75],
					"rotation": [7.5, 0, 0],
					"cubes": [
						{"origin": [-4, -0.25, 4], "size": [3, 2, 3], "inflate": 0.01, "uv": [60, 45]},
						{"origin": [-4, 1.75, 4], "size": [0, 3, 3], "inflate": 0.01, "pivot": [-4, 1.75, 5.5], "rotation": [0, 0, -22.5], "uv": [54, 64]}
					]
				}
			]
		}
	]
}