{
  "implemented": true,
  "name": "bocchi",
  "nationalPokedexNumber": 2001002,
  "primaryType": "fairy",
  "secondaryType": "dark",
  "abilities": [
    "punkrock",
    "emergencyexit",
    "h:perishbody"
  ],
  "baseStats": {
    "hp": 45,
    "attack": 40,
    "defence": 60,
    "special_attack": 55,
    "special_defence": 75,
    "speed": 30
  },
  "behaviour": {
    "resting": {
      "canSleep": true,
      "depth": "normal",
      "light": "0-4",
      "willSleepOnBed": true
    },
    "moving": {
      "canLook": false,
      "walk": {
        "canWalk": true,
        "avoidsLand": false
      },
      "swim": {
        "swimSpeed": 0.3,
        "canSwimInWater": false,
        "canBreatheUnderwater": false
      },
      "fly": {
        "canFly": false,
        "flySpeedHorizontal": 0.3
      }
    }
  },
  "catchRate": 117,
  "maleRatio": 0,
  "shoulderMountable": true,
  "baseExperienceYield": 1,
  "eggCycles": 24,
  "eggGroups": [
    "fairy",
    "field"
  ],
  "drops": {
    "amount": 1,
    "entries": [
      {
        "item": "minecraft:ghast_tear",
        "quantityRange": "1-1",
        "percentage": 100
      }
    ]
  },
  "moves": [
    "1:explosion",
    "1:withdraw",
    "1:minimize",
    "1:tackle",
    "5:babydolleyes",
    "5:smokescreen",
    "8:protect",
	"10:drainingkiss",
    "10:perishsong",
    "12:mimic",
    "15:disarmingvoice",
    "15:wish",
    "15:rest",
    "20:octazooka",
    "25:suckerpunch",
    "28:echoedvoice",
    "30:shadowball",
    "32:shadowsneak",
    "35:snarl",
	"36:dazzlinggleam",
    "38:hiddenpower",
    "42:foulplay",
    "45:darkpulse",
    "60:darkvoid",
	"60:moonblast"
  ],
  "labels": [
    "custom"
  ],
  "pokedex": [
    "cobblemon.species.bocchi.desc1",
    "cobblemon.species.bocchi.desc2"
  ],
  "baseScale": 1,
  "hitbox": {
    "width": 1,
    "height": 1,
    "fixed": false
  },
  "baseFriendship": 50,
  "evYield": {
    "hp": 1,
    "attack": 0,
    "defence": 0,
    "special_attack": 0,
    "special_defence": 2,
    "speed": 0
  },
  "height": 1,
  "weight": 1,
  "evolutions": []
}