{
  "implemented": true,
  "name": "nijika",
  "nationalPokedexNumber": 2001004,
  "primaryType": "fairy",
  "secondaryType": "electric",
  "abilities": [
    "punkrock",
    "electricsurge"
  ],
  "baseStats": {
    "hp": 70,
    "attack": 40,
    "defence": 60,
    "special_attack": 55,
    "special_defence": 75,
    "speed": 30
  },
  "behaviour": {
    "resting": {
      "canSleep": true,
      "depth": "normal",
      "light": "0-4",
      "willSleepOnBed": true
    },
    "moving": {
      "canLook": false,
      "walk": {
        "canWalk": true,
        "avoidsLand": false
      },
      "swim": {
        "swimSpeed": 0.3,
        "canSwimInWater": false,
        "canBreatheUnderwater": false
      },
      "fly": {
        "canFly": false,
        "flySpeedHorizontal": 0.3
      }
    }
  },
  "catchRate": 117,
  "maleRatio": 0,
  "shoulderMountable": true,
  "baseExperienceYield": 1,
  "eggCycles": 24,
  "eggGroups": [
    "fairy",
    "field"
  ],
  "drops": {
    "amount": 1,
    "entries": [
      {
        "item": "minecraft:ghast_tear",
        "quantityRange": "1-1",
        "percentage": 100
      }
    ]
  },
  "moves": [
    "1:withdraw",
    "1:tackle",
    "5:babydolleyes",
    "5:smokescreen",
    "8:protect",
    "10:thundershock",
	"10:drainingkiss",
    "12:mimic",
    "15:disarmingvoice",
    "15:rest",
    "15:wish",
    "16:thunderwave",
    "22:minimize",
    "25:octazooka",
    "27:drumbeating",
    "27:bellydrum",
    "30:echoedvoice",
    "30:thunderbolt",
    "35:chatter",
	"36:dazzlinggleam",
    "40:hiddenpower",
    "45:thunder",
    "50:overdrive",
    "60:boomburst",
	"60:moonblast"
  ],
  "labels": [
    "custom"
  ],
  "pokedex": [
    "cobblemon.species.nijika.desc1",
    "cobblemon.species.nijika.desc2"
  ],
  "baseScale": 1,
  "hitbox": {
    "width": 1,
    "height": 1,
    "fixed": false
  },
  "baseFriendship": 50,
  "evYield": {
    "hp": 1,
    "attack": 0,
    "defence": 0,
    "special_attack": 0,
    "special_defence": 2,
    "speed": 0
  },
  "height": 1,
  "weight": 1,
  "evolutions": []
}