{
  "implemented": true,
  "name": "pochita",
  "nationalPokedexNumber": 2001001,
  "primaryType": "steel",
  "secondaryType": "fighting",
  "abilities": [
    "intimidate",
    "ironbarbs",
    "h:moxie"
  ],
  "baseStats": {
    "hp": 108,
    "attack": 130,
    "defence": 97,
    "special_attack": 86,
    "special_defence": 120,
    "speed": 125
  },
  "behaviour": {
    "resting": {
      "canSleep": true,
      "depth": "normal",
      "light": "0-4",
      "willSleepOnBed": true
    },
    "moving": {
      "canLook": false,
      "walk": {
        "canWalk": true,
        "avoidsLand": false
      },
      "swim": {
        "swimSpeed": 0.3,
        "canSwimInWater": false,
        "canBreatheUnderwater": false
      },
      "fly": {
        "canFly": false,
        "flySpeedHorizontal": 0.3
      }
    }
  },
  "catchRate": 117,
  "maleRatio": 0.5,
  "shoulderMountable": false,
  "baseExperienceYield": 1,
  "eggCycles": 24,
  "eggGroups": [
    "field",
    "monster"
  ],
  "drops": {
    "amount": 1,
    "entries": [
      {
        "item": "minecraft:iron_ingot",
        "quantityRange": "1-1",
        "percentage": 100
      }
    ]
  },
  "moves": [
    "1:tackle",
    "4:headbutt",
	"9:bite",
    "16:crunch",
    "20:ironhead",
    "1:irondefense",
    "6:doublekick",
    "50:doubleedge",
    "25:reversal",
    "25:revenge",
    "60:secretsword",
    "12:metalclaw",
    "35:metalsound",
    "20:smartstrike",
	"4:meanlook",
	"60:behemothblade",
	"1:destinybond",
	"40:jumpkick",
	"30:lowkick"
  ],
  "labels": [
    "custom"
  ],
  "pokedex": [
    "cobblemon.species.pochita.desc1",
    "cobblemon.species.pochita.desc2"
  ],
  "baseScale": 1,
  "hitbox": {
    "width": 1,
    "height": 1,
    "fixed": false
  },
  "baseFriendship": 50,
  "evYield": {
    "hp": 0,
    "attack": 2,
    "defence": 0,
    "special_attack": 0,
    "special_defence": 0,
    "speed": 1
  },
  "height": 1,
  "weight": 1,
  "evolutions": []
}