{
  "species": "cobblemon:meditite",
  "order": 0,
  "variations": [
    {
      "aspects": [],
      "poser": "cobblemon:meditite",
      "model": "cobblemon:meditite.geo",
      "texture": "cobblemon:textures/pokemon/0307_meditite/meditite.png",
      "layers": [
      ] 
    },
    {
      "aspects": ["shiny"],
      "texture": "cobblemon:textures/pokemon/0307_meditite/meditite_shiny.png",
      "layers": [
       
      ]
    },
    {
      "aspects": ["female"],
      "model": "cobblemon:meditite_female.geo",
      "texture": "cobblemon:textures/pokemon/0307_meditite/meditite.png"
    },
    {
      "aspects": ["female","shiny"],
      "model": "cobblemon:meditite_female.geo",
      "texture": "cobblemon:textures/pokemon/0307_meditite/meditite_shiny.png"
    }
  ]
}