{
  "name": "Keldeo",
  "nationalPokedexNumber": 647,
  "primaryType": "water",
  "secondaryType": "fighting",
  "abilities": [
    "justified"
  ],
  "baseStats": {
    "hp": 91,
    "attack": 72,
    "defence": 90,
    "special_attack": 129,
    "special_defence": 90,
    "speed": 108
  },
  "catchRate": 3,
  "maleRatio": -1,
  "shoulderMountable": false,
  "baseExperienceYield": 290,
  "baseFriendship": 35,
  "evYield": {
    "hp": 0,
    "attack": 0,
    "defence": 0,
    "special_attack": 3,
    "special_defence": 0,
    "speed": 0
  },
  "experienceGroup": "slow",
  "eggCycles": 80,
  "eggGroups": [
    "undiscovered"
  ],
  "moves": [
    "1:aquajet",
    "1:helpinghand",
    "1:leer",
    "1:secretsword",
    "1:workup",
    "7:bubblebeam",
    "14:quickguard",
    "21:doublekick",
    "28:retaliate",
    "35:aquatail",
    "42:takedown",
    "49:sacredsword",
    "56:swordsdance",
    "63:hydropump",
    "70:closecombat",
    "tm:aerialace",
    "tm:airslash",
    "tm:aurasphere",
    "tm:batonpass",
    "tm:bounce",
    "tm:brickbreak",
    "tm:calmmind",
    "tm:chillingwater",
    "tm:closecombat",
    "tm:confide",
    "tm:cut",
    "tm:coaching",
    "tm:doubleedge",
    "tm:doubleteam",
    "tm:endure",
    "tm:facade",
    "tm:falseswipe",
    "tm:flipturn",
    "tm:focusblast",
    "tm:frustration",
    "tm:gigaimpact",
    "tm:hail",
    "tm:helpinghand",
    "tm:hiddenpower",
    "tm:hydropump",
    "tm:hyperbeam",
    "tm:icywind",
    "tm:liquidation",
    "tm:lowkick",
    "tm:megahorn",
    "tm:muddywater",
    "tm:painsplit",
    "tm:poisonjab",
    "tm:protect",
    "tm:psychup",
    "tm:raindance",
    "tm:reflect",
    "tm:rest",
    "tm:retaliate",
    "tm:return",
    "tm:revenge",
    "tm:reversal",
    "tm:roar",
    "tm:rocksmash",
    "tm:round",
    "tm:safeguard",
    "tm:scald",
    "tm:secretpower",
    "tm:sleeptalk",
    "tm:smartstrike",
    "tm:snore",
    "tm:stoneedge",
    "tm:strength",
    "tm:substitute",
    "tm:sunnyday",
    "tm:superpower",
    "tm:surf",
    "tm:swagger",
    "tm:swift",
    "tm:swordsdance",
    "tm:takedown",
    "tm:taunt",
    "tm:terablast",
    "tm:toxic",
    "tm:trailblaze",
    "tm:upperhand",
    "tm:vacuumwave",
    "tm:waterpulse",
    "tm:workup",
    "tm:xscissor",
    "tutor:aquajet",
    "tutor:aquatail",
    "tutor:bounce",
    "tutor:bubblebeam",
    "tutor:coaching",
    "tutor:covet",
    "tutor:doublekick",
    "tutor:endeavor",
    "tutor:flipturn",
    "tutor:helpinghand",
    "tutor:hydropump",
    "tutor:icywind",
    "tutor:lastresort",
    "tutor:leer",
    "tutor:liquidation",
    "tutor:lowkick",
    "tutor:sacredsword",
    "tutor:secretsword",
    "tutor:sleeptalk",
    "tutor:snore",
    "tutor:superpower",
    "tutor:swordsdance",
    "tutor:waterpulse"
  ],
  "labels": [
    "gen5",
    "mythical",
    "legendary"
  ],
  "pokedex": [
    "cobblemon.species.keldeo.desc"
  ],
  "height": 14,
  "weight": 485,
  "evolutions": [
    {
      "id": "keldeo_keldeor",
      "variant": "level_up",
      "result": "keldeo resolute",
      "consumeHeldItem": false,
      "learnableMoves": [],
      "requirements": [
        {
          "variant": "has_move",
          "move": "secretsword"
        }
      ]
    }
  ],
  "forms": [
    {
      "name": "Resolute",
      "primaryType": "water",
      "secondaryType": "fighting",
      "abilities": [
        "justified"
      ],
      "baseStats": {
        "hp": 91,
        "attack": 72,
        "defence": 90,
        "special_attack": 129,
        "special_defence": 90,
        "speed": 108
      },
      "evolutions": [
        {
          "id": "keldeo_keldeor_r",
          "variant": "level_up",
          "result": "keldeo resolute=false",
          "consumeHeldItem": false,
          "learnableMoves": [],
          "requirements": [
            {
              "variant": "has_move",
              "move": "secretsword"
            }
          ]
        }
      ],
      "catchRate": 3,
      "maleRatio": -1,
      "baseExperienceYield": 290,
      "baseFriendship": 35,
      "evYield": {
        "hp": 0,
        "attack": 0,
        "defence": 0,
        "special_attack": 3,
        "special_defence": 0,
        "speed": 0
      },
      "experienceGroup": "slow",
      "eggCycles": 80,
      "eggGroups": [
        "undiscovered"
      ],
      "labels": [
        "gen5",
        "mythical",
        "legendary"
      ],
      "aspects": [
        "resolute"
      ],
      "height": 14,
      "weight": 485,
      "cannotDynamax": false,
      "battleOnly": false
    }
  ],
  "behaviour": {
      "moving": {
        "canLook": true,
        "walk": {
          "walkSpeed": 0.4,
          "canWalk": true,
          "avoidsLand": false
        },
      "fly": {
        "canFly": false
      },
      "swim": {
        "swimSpeed": 0.2,
        "canSwimInWater": false,
        "canBreatheUnderwater": false
      }
    }
  },
  "baseScale":1.0,
  "hitbox": {
    "width": 1,
    "height": 2.2,
    "fixed": false
  },
  "aspects": [],
  "cannotDynamax": false
}
