{
	"format_version": "1.12.0",
	"minecraft:geometry": [
		{
			"description": {
				"identifier": "geometry.castform_rainy",
				"texture_width": 64,
				"texture_height": 64,
				"visible_bounds_width": 3,
				"visible_bounds_height": 3.5,
				"visible_bounds_offset": [0, 1.25, 0]
			},
			"bones": [
				{
					"name": "body",
					"pivot": [0, 0, 0],
					"cubes": [
						{"origin": [-1.99999, 9, -1], "size": [4, 4, 2], "uv": [44, 0]},
						{"origin": [2.20001, 8.5, -2], "size": [4, 4, 4], "uv": [42, 21]},
						{"origin": [-2.79999, 8.5, -6], "size": [6, 4, 4], "pivot": [0, 0, 0], "rotation": [-0.2, 0, 0], "uv": [24, 0]},
						{"origin": [-2.79999, 8.5, 1], "size": [5, 4, 4], "pivot": [0, 0, 0], "rotation": [-0.2, 0, 0], "uv": [28, 28]},
						{"origin": [-6.19999, 8.5, -2], "size": [4, 4, 4], "uv": [40, 40]},
						{"origin": [-6.19999, 8.5, -5], "size": [4, 4, 4], "pivot": [0, 0, 0], "rotation": [0, 0, 2.5], "uv": [16, 40]},
						{"origin": [-5.19999, 8.5, 0], "size": [4, 4, 4], "pivot": [0, 0, 0], "rotation": [0, 0, 2.5], "uv": [0, 40]},
						{"origin": [1.80001, 8.5, -5], "size": [4, 4, 4], "pivot": [0, 0, 0], "rotation": [0, 0, -2.5], "uv": [28, 36]},
						{"origin": [0.80001, 8.5, 0], "size": [4, 4, 4], "pivot": [0, 0, 0], "rotation": [0, 0, -2.5], "uv": [16, 32]},
						{"origin": [-3.99999, 13, -5], "size": [8, 8, 8], "uv": [0, 16]},
						{"origin": [-3.91581, 12.9, -5.11349], "size": [8, 8, 8], "uv": [0, 0]},
						{"origin": [-4.91581, 20, -4.11349], "size": [6, 5, 6], "pivot": [0, 0, 0], "rotation": [0, 0, 5], "uv": [26, 10]},
						{"origin": [-6.91581, 24, -3.11349], "size": [4, 4, 4], "pivot": [0, 0, 0], "rotation": [0, 0, 12.5], "uv": [0, 32]}
					]
				},
				{
					"name": "eyes",
					"parent": "body",
					"pivot": [0, 0, 0],
					"cubes": [
						{"origin": [-3.29999, 16, -5.2], "size": [2, 2, 0], "uv": [0, 2]},
						{"origin": [1.30001, 16, -5.2], "size": [2, 2, 0], "uv": [0, 0]}
					]
				},
				{
					"name": "mouth",
					"parent": "body",
					"pivot": [0, 0, 0],
					"cubes": [
						{"origin": [-1, 15, -5.01], "size": [2, 1, 0], "uv": [0, 6]}
					]
				}
			]
		}
	]
}