{
	"format_version": "1.12.0",
	"minecraft:geometry": [
		{
			"description": {
				"identifier": "geometry.castform",
				"texture_width": 64,
				"texture_height": 64,
				"visible_bounds_width": 2,
				"visible_bounds_height": 3.5,
				"visible_bounds_offset": [0, 1.25, 0]
			},
			"bones": [
				{
					"name": "body",
					"pivot": [0, 0, 0],
					"cubes": [
						{"origin": [-1.99999, 9, -1], "size": [4, 4, 4], "uv": [0, 24]},
						{"origin": [0.20001, 8.5, -4], "size": [4, 4, 4], "uv": [16, 16]},
						{"origin": [-4.19999, 8.5, -4], "size": [4, 4, 4], "uv": [0, 16]},
						{"origin": [-0.99999, 10, 1], "size": [2, 2, 5], "uv": [24, 0]},
						{"origin": [-3.99999, 13, -5], "size": [8, 8, 8], "uv": [0, 0]},
						{"origin": [-0.99999, 19.2, 9.9], "size": [2, 2, 4], "pivot": [0, 0, 0], "rotation": [32.5, -0.1, 0], "uv": [16, 24]},
						{"origin": [-0.99999, 20, -5], "size": [2, 3, 2], "pivot": [0, 0, 0], "rotation": [-5, 0, 0], "uv": [0, 0]}
					]
				},
				{
					"name": "eyes",
					"parent": "body",
					"pivot": [0, 0, 0],
					"cubes": [
						{"origin": [-3.29999, 16, -5.2], "size": [2, 2, 0], "uv": [4, 5]},
						{"origin": [1.30001, 16, -5.2], "size": [2, 2, 0], "uv": [0, 5]}
					]
				},
				{
					"name": "mouth",
					"parent": "body",
					"pivot": [0, 0, 0],
					"cubes": [
						{"origin": [-1, 15, -5.01], "size": [2, 1, 0], "uv": [13, 17]}
					]
				}
			]
		}
	]
}