{
	"format_version": "1.12.0",
	"minecraft:geometry": [
		{
			"description": {
				"identifier": "geometry.castform_snowy",
				"texture_width": 128,
				"texture_height": 128,
				"visible_bounds_width": 3,
				"visible_bounds_height": 3.5,
				"visible_bounds_offset": [0, 1.25, 0]
			},
			"bones": [
				{
					"name": "body",
					"pivot": [0, 0, 0]
				},
				{
					"name": "head",
					"parent": "body",
					"pivot": [0, 13, 0],
					"rotation": [0, 2.5, 0],
					"cubes": [
						{"origin": [-4.08723, 13, -5.0019], "size": [8, 8, 8], "uv": [0, 44]},
						{"origin": [-5.08723, 20, -5.0019], "size": [10, 3, 8], "pivot": [-0.08724, 0, 1.9981], "rotation": [-5, 0, 0], "uv": [44, 30]},
						{"origin": [3.91277, 16, -5.0019], "size": [3, 5, 6], "pivot": [-0.08724, 0, -0.0019], "rotation": [-5, 0, 0], "uv": [32, 52]},
						{"origin": [-6.08723, 16, 0.9981], "size": [12, 5, 3], "pivot": [-0.08724, 0, -0.0019], "rotation": [-5, 0, 0], "uv": [32, 44]},
						{"origin": [-6.08723, 13, -4.0019], "size": [3, 3, 3], "pivot": [-0.08724, 0, -0.0019], "rotation": [-5, 0, 0], "uv": [62, 41]},
						{"origin": [2.91277, 13, -4.0019], "size": [3, 3, 3], "pivot": [-0.08724, 0, -0.0019], "rotation": [-5, 0, 0], "uv": [50, 61]},
						{"origin": [-7.08723, 16, -5.0019], "size": [3, 5, 6], "pivot": [-0.08724, 0, -0.0019], "rotation": [-5, 0, 0], "uv": [52, 17]},
						{"origin": [-6.08724, 24, -4.0019], "size": [12, 4, 10], "pivot": [-0.08724, 27, -7.0019], "rotation": [-5, 0, 0], "uv": [0, 30]}
					]
				},
				{
					"name": "mouth",
					"parent": "head",
					"pivot": [-0.08724, 0, -0.0019],
					"cubes": [
						{"origin": [-2.08724, 14, -5.0119], "size": [4, 2, 0], "uv": [44, 41]}
					]
				},
				{
					"name": "eyes",
					"parent": "head",
					"pivot": [-0.08724, 0, -0.0019],
					"cubes": [
						{"origin": [-3.38723, 16, -5.1019], "size": [2, 2, 0], "uv": [52, 28]},
						{"origin": [-3.38723, 17, -5.2019], "size": [1, 1, 0], "uv": [44, 43]},
						{"origin": [1.3128, 17, -5.2019], "size": [1, 1, 0], "uv": [46, 43]},
						{"origin": [1.31276, 16, -5.1019], "size": [2, 2, 0], "uv": [52, 41]}
					]
				},
				{
					"name": "gustybody",
					"parent": "body",
					"pivot": [0, 13, -1],
					"cubes": [
						{"origin": [-1.99999, 9, -3], "size": [4, 4, 5], "uv": [50, 52]},
						{"origin": [-2.19999, 8.5, 2], "size": [4, 4, 4], "pivot": [0, -1, 1], "rotation": [-2.5, 0, 0], "uv": [0, 60]},
						{"origin": [-2.19999, 8.5, -8], "size": [4, 4, 4], "pivot": [0, 0, 1], "rotation": [-2.5, -0.1, 0], "uv": [16, 60]},
						{"origin": [2.80001, 8.8, -3], "size": [4, 4, 4], "pivot": [0, -1, 0], "rotation": [0, -0.1, 0], "uv": [60, 0]},
						{"origin": [-7.19999, 8.8, -3], "size": [4, 4, 4], "pivot": [0, -1, 0], "rotation": [0, -0.1, 0], "uv": [60, 8]},
						{"origin": [-0.19999, 9.5, -2], "size": [3, 2, 3], "uv": [62, 47]},
						{"origin": [-3.19999, 9.5, -2], "size": [3, 2, 3], "uv": [62, 61]},
						{"origin": [-0.99999, 6, -2], "size": [2, 3, 2], "uv": [32, 63]},
						{"origin": [-1, 9.2, 1], "size": [2, 2, 2], "uv": [40, 63]},
						{"origin": [-1, 9, -5], "size": [2, 2, 2], "uv": [62, 66]}
					]
				}
			]
		}
	]
}