{
    "species": "cobblemon:castform",
    "order": 0,
    "variations": [
        {
            "aspects": [],
            "poser": "cobblemon:castform",
            "model": "cobblemon:castform.geo",
            "texture": "cobblemon:textures/pokemon/0351_castform/castform.png",
            "layers": []
        },
        {
            "aspects": [
                "shiny"
            ],
            "texture": "cobblemon:textures/pokemon/0351_castform/castform_shiny.png"
        },
        {
            "aspects": [
                "snowy"
            ],
            "poser": "cobblemon:castform_snowy",
            "model": "cobblemon:castform_snowy.geo",
            "texture": "cobblemon:textures/pokemon/0351_castform/castform_snowy.png",
            "layers": [
{
                    "name": "emissive",
                    "texture": "cobblemon:textures/pokemon/0351_castform/castform_snowy_emissives.png",
                    "emissive": true,
                    "translucent": true
                }
]
        },
        {
            "aspects": [
                "shiny",
                "snowy"
            ],
            "texture": "cobblemon:textures/pokemon/0351_castform/castform_snowy_shiny.png",
             "layers": [
                {
                    "name": "emissive",
                    "texture": "cobblemon:textures/pokemon/0351_castform/castform_snowy_shiny_emissives.png",
                    "emissive": true,
                    "translucent": true
                }
            ]
        

        },
        {
            "aspects": [
                "sunny"
            ],
            "poser": "cobblemon:castform_sunny",
            "model": "cobblemon:castform_sunny.geo",
            "texture": "cobblemon:textures/pokemon/0351_castform/castform_sunny.png",
            "layers": [
                {
                    "name": "emissive",
                    "texture": "cobblemon:textures/pokemon/0351_castform/castform_sunny_emissives.png",
                    "emissive": true,
                    "translucent": true
                }
            ]
        },
        {
            "aspects": [
                "shiny",
                "sunny"
            ],
            "texture": "cobblemon:textures/pokemon/0351_castform/castform_sunny_shiny.png",
            "layers": [
                {
                    "name": "emissive",
                    "texture": "cobblemon:textures/pokemon/0351_castform/castform_sunny_emissives.png",
                    "emissive": true,
                    "translucent": true
                }
            ]
        },
        {
            "aspects": [
                "rainy"
            ],
            "poser": "cobblemon:castform_rainy",
            "model": "cobblemon:castform_rainy.geo",
            "texture": "cobblemon:textures/pokemon/0351_castform/castform_rainy.png",
            "layers": [
                {
                    "name": "emissive",
                    "texture": "cobblemon:textures/pokemon/0351_castform/castform_rainy_emissives.png",
                    "emissive": true,
                    "translucent": true
                }
            ]
        },
        {
            "aspects": [
                "shiny",
                "rainy"
            ],
            "texture": "cobblemon:textures/pokemon/0351_castform/castform_rainy_shiny.png",
            "layers": [
                {
                    "name": "emissive",
                    "texture": "cobblemon:textures/pokemon/0351_castform/castform_rainy_emissives.png",
                    "emissive": true,
                    "translucent": true
                }
            ]
        }
    ]
}