{
	"format_version": "1.8.0",
	"animations": {
		"animation.manaphy.ground_idle": {
			"loop": true,
			"bones": {
				"left": {
					"rotation": [0, 5, 0]
				},
				"right": {
					"rotation": [0, -5, 0]
				}
			}
		},
		"animation.manaphy.ground_walk": {
			"loop": true,
			"animation_length": 1.3333,
			"bones": {
				"head": {
					"rotation": {
						"0.0": [0, 0, -2.5],
						"0.6667": [0, 0, 2.5],
						"1.3333": [0, 0, -2.5]
					}
				},
				"foot_r": {
					"rotation": {
						"0.0": [15, 0, 0],
						"0.3333": [0, 0, 0],
						"0.6667": [-15, 0, 0],
						"1.0": [0, 0, 0],
						"1.3333": [15, 0, 0]
					}
				},
				"foot_l": {
					"rotation": {
						"0.0": [-15, 0, 0],
						"0.3333": [0, 0, 0],
						"0.6667": [15, 0, 0],
						"1.0": [0, 0, 0],
						"1.3333": [-15, 0, 0]
					}
				},
				"left": {
					"rotation": {
						"0.0": {
							"post": [0, 0, -5],
							"lerp_mode": "catmullrom"
						},
						"0.3333": {
							"post": [0, 0, 2.5],
							"lerp_mode": "catmullrom"
						},
						"0.6667": {
							"post": [0, 0, 7.5],
							"lerp_mode": "catmullrom"
						},
						"1.0": {
							"post": [0, 0, -2.5],
							"lerp_mode": "catmullrom"
						},
						"1.3333": {
							"post": [0, 0, -5],
							"lerp_mode": "catmullrom"
						}
					}
				},
				"right": {
					"rotation": {
						"0.0": {
							"post": [0, 0, -5],
							"lerp_mode": "catmullrom"
						},
						"0.3333": {
							"post": [0, 0, -2.5],
							"lerp_mode": "catmullrom"
						},
						"0.6667": {
							"post": [0, 0, 5],
							"lerp_mode": "catmullrom"
						},
						"1.0": {
							"post": [0, 0, 2.5],
							"lerp_mode": "catmullrom"
						},
						"1.3333": {
							"post": [0, 0, -5],
							"lerp_mode": "catmullrom"
						}
					}
				},
				"body": {
					"position": {
						"0.0": {
							"post": [0, 0.8, 0],
							"lerp_mode": "catmullrom"
						},
						"0.3333": [0, 0, 0],
						"0.375": [0, 0.03896, 0],
						"0.4167": [0, 0.1334, 0],
						"0.4583": [0, 0.25941, 0],
						"0.5417": [0, 0.54038, 0],
						"0.5833": [0, 0.66642, 0],
						"0.625": [0, 0.76093, 0],
						"0.6667": {"pre": [0, 0.8, 0], "post": [0, 0.8, 0]},
						"0.7083": [0, 0.76103, 0],
						"0.75": [0, 0.66656, 0],
						"0.7917": [0, 0.54049, 0],
						"0.875": [0, 0.2594, 0],
						"0.9167": [0, 0.13335, 0],
						"0.9583": [0, 0.03891, 0],
						"1.0": [0, 0, 0],
						"1.3333": {
							"pre": [0, 0.8, 0],
							"post": [0, 0.8, 0],
							"lerp_mode": "catmullrom"
						}
					}
				}
			}
		},
		"animation.manaphy.blink": {
			"animation_length": 0.1667,
			"bones": {
				"eyes": {
					"position": [0, 0, 1]
				},
				"eyes_closed": {
					"position": [0, 0, -1]
				}
			}
		},
		"animation.manaphy.cry": {
			"animation_length": 1.9167,
			"bones": {
				"head": {
					"rotation": {
						"0.0": [0, 0, 0],
						"0.2083": [-5, 0, 0],
						"1.5": [-5, 0, 0],
						"1.7917": [0, 0, 0]
					}
				},
				"mouth_happy": {
					"position": {
						"0.0": [0, 0, 0],
						"0.2083": [0, 0, -1],
						"1.75": [0, 0, -1],
						"1.7917": [0, 0, 0]
					}
				},
				"mouth_standard": {
					"position": {
						"0.0": [0, 0, 0],
						"0.1667": [0, 0, 0],
						"0.2083": [0, 0, 1],
						"1.75": [0, 0, 1],
						"1.7917": [0, 0, 0]
					}
				}
			},
			"sound_effects": {
				"0.2083": {
					"effect": "pokemon.manaphy.cry"
				}
			}
		},
		"animation.manaphy.water_idle": {
			"loop": true,
			"animation_length": 1.0833,
			"bones": {
				"hips": {
					"rotation": [5, 0, 0],
					"position": [0, 0.1, 0]
				},
				"foots": {
					"rotation": [7, 0, 0],
					"position": [0, 0.2, 0]
				},
				"left": {
					"rotation": {
						"0.0": {
							"post": [0, 0, 5],
							"lerp_mode": "catmullrom"
						},
						"0.5417": {
							"post": [0, 0, -7.5],
							"lerp_mode": "catmullrom"
						},
						"1.0833": {
							"post": [0, 0, 5],
							"lerp_mode": "catmullrom"
						}
					}
				},
				"right": {
					"rotation": {
						"0.0": {
							"post": [0, 0, -5],
							"lerp_mode": "catmullrom"
						},
						"0.5417": {
							"post": [0, 0, 7.5],
							"lerp_mode": "catmullrom"
						},
						"1.0833": {
							"post": [0, 0, -5],
							"lerp_mode": "catmullrom"
						}
					}
				},
				"body": {
					"position": {
						"0.0": {
							"post": [0, 1, 0],
							"lerp_mode": "catmullrom"
						},
						"0.5417": {
							"post": [0, 2, 0],
							"lerp_mode": "catmullrom"
						},
						"1.0833": {
							"post": [0, 1, 0],
							"lerp_mode": "catmullrom"
						}
					}
				}
			}
		},
		"animation.manaphy.water_swim": {
			"loop": true,
			"bones": {
				"manaphy": {
					"position": [0, 1, 0]
				},
				"head": {
					"rotation": [5, 0, 0]
				},
				"hips": {
					"rotation": [17.5, 0, 0],
					"position": [0, 0.6, 0.6]
				},
				"foots": {
					"rotation": [29, 0, 0],
					"position": [0, 0.9, 1.6]
				},
				"hands": {
					"rotation": [22.5, 0, 0],
					"position": [0, 1, 1.6]
				},
				"left": {
					"rotation": [0, 25, 0]
				},
				"right": {
					"rotation": [0, -25, 0]
				}
			}
		}
	}
}