{
  "head": "head",
  "portraitScale": 1.7,
  "portraitTranslation": [
    -0.35,
    -1.069,
    0.25
  ],
  "profileScale": 0.9,
  "profileTranslation": [
    -0.04,
    0.3,
    0.25
  ],
  "animations": {
    "faint": "q.bedrock_primary('hunterror', 'faint')"
  },
  "poses": {
    "gui": {
      "poseName": "gui",
      "poseTypes": [
        "PORTRAIT"
      ],
      "animations": [
        "q.look('head')",
        "q.bedrock('hunterror', 'pose')"
      ]
    },
    "standing": {
      "poseName": "standing",
      "poseTypes": [
        "STAND",
        "NONE",
        "PROFILE"
      ],
      "animations": [
        "q.look('head')",
        "q.bedrock('hunterror', 'ground_idle')"
      ],
      "quirks": [
        "q.bedrock_quirk('hunterror', 'blink')"
      ]
    },
    "floating": {
      "poseName": "floating",
      "poseTypes": [
        "FLOAT"
      ],
      "animations": [
        "q.look('head')",
        "q.bedrock('hunterror', 'water_idle')"
      ],
      "quirks": [
        "q.bedrock_quirk('hunterror', 'blink')"
      ]
    },
    "swimming": {
      "poseName": "swimming",
      "poseTypes": [
        "SWIM"
      ],
      "animations": [
        "q.look('head')",
        "q.bedrock('hunterror', 'water_swim')"
      ],
      "quirks": [
        "q.bedrock_quirk('hunterror', 'blink')"
      ]
    },
    "sleep": {
      "poseName": "sleep",
      "poseTypes": [
        "SLEEP"
      ],
      "animations": [
        "q.bedrock('hunterror', 'sleep')"
      ]
    }
  }
}