{
  "portraitScale": 2.14,
  "portraitTranslation": [
    -0.73,
    1.18,
    0.0
  ],
  "profileScale": 0.73,
  "profileTranslation": [
    -0.01,
    0.84,
    0
  ],
  "animations": {
    "faint": "q.bedrock_primary('rapidash_cheseian_shiny', 'faint')",
    "cry": "q.bedrock_stateful('rapidash', 'cry')",
    "physical": "q.bedrock_primary('rapidash_cheseian_shiny', 'physical', q.curve('symmetrical_wide'))"
  },
  "poses": {
    "standing": {
      "poseName": "standing",
      "transformTicks": 10,
      "poseTypes": [
        "STAND",
        "HOVER",
        "FLOAT",
        "NONE",
        "PORTRAIT",
        "PROFILE"
      ],
      "animations": [
        "q.look('head')",
        "q.bedrock('rapidash_cheseian_shiny', 'ground_idle')"
      ]
    },
    "walking": {
      "poseName": "walking",
      "transformTicks": 10,
      "poseTypes": [
        "WALK",
        "FLY"
      ],
      "animations": [
        "q.bedrock('rapidash_cheseian_shiny', 'ground_walk')"
      ]
    }
  }
}