{
	"format_version": "1.8.0",
	"animations": {
		"animation.rapidash_cheseian.ground_walk": {
			"loop": true,
			"bones": {
				"torso": {
					"rotation": [0, 0, 0]
				},
				"neck": {
					"rotation": ["math.sin(q.anim_time*90*8-90)*1+20", 0, 0]
				},
				"head": {
					"rotation": ["math.sin(q.anim_time*90*8-30)*2-15", 0, "-math.clamp(math.sin(q.anim_time*90*4-90)*1,-0.8,0.8)-math.sin(q.anim_time*90*4-180)*1"],
					"position": ["math.sin(q.anim_time*90*4-45)*0.1", "math.sin(-q.anim_time*90*4*2-45)*0.1", 0]
				},
				"jaw": {
					"rotation": ["-1.5*Math.sin(query.anim_time*90*2)", 0, 0]
				},
				"fire_mane_head": {
					"rotation": [-7.5, "0+math.sin(q.anim_time*90*4)*3", "0+math.sin(q.anim_time*90*10)*1"]
				},
				"fire_mane_head2": {
					"rotation": ["math.sin(q.anim_time*90*4*2-20)*-5-10", "math.sin(q.anim_time*90*4-20)*3", "math.sin(q.anim_time*90*10-50)*0.8"]
				},
				"fire_mane_head_flame": {
					"rotation": ["-8+math.sin(q.anim_time*90*4*2-40)*-5", "math.sin(q.anim_time*90*4-40)*-7", "math.sin(q.anim_time*90*10-80)*1"]
				},
				"front_armor_movable": {
					"rotation": ["math.sin(q.anim_time*90*5-30)*1+5", 0, 0]
				},
				"back_armor_movable": {
					"rotation": ["math.sin(q.anim_time*90*5+30)*1+5", 0, 0]
				},
				"body": {
					"rotation": ["2.5+Math.cos((query.anim_time-0.5) * 90 * 1) * 2", 0, 0],
					"position": [0, "1.5+Math.cos((query.anim_time) * 90 * 1) * 1.25", 0]
				},
				"fire_mane_head_flame3": {
					"rotation": ["12+math.sin(q.anim_time*90*4*2-60)*-5", "0+math.sin(q.anim_time*90*4-60)*10", "math.sin(q.anim_time*90*10-80)*1"]
				},
				"ear_right": {
					"rotation": ["math.sin(q.anim_time*90*2)*-15-15", 0, "math.sin(q.anim_time*90*2)*-15-10"]
				},
				"ear_left": {
					"rotation": ["math.sin(q.anim_time*90*2)*-15-15", 0, "math.sin(q.anim_time*90*2)*15+10"]
				},
				"tail": {
					"rotation": ["15+math.sin(q.anim_time*90*10-40)*0.5", "-10+math.sin(q.anim_time*90*8-40)*10", "20+math.sin(q.anim_time*90*10-0)*2.5"]
				},
				"leg_front_right": {
					"rotation": [
						"20-math.clamp(20*(math.sin(q.anim_time*90*4-90+33+180)*1+1),-0,60)",
						0,
						"math.clamp(math.sin(q.anim_time*90*4-90+180)*1,-0.8,0.8)+math.sin(q.anim_time*90*4-180*0)*1"
					],
					"position": [0, "(math.clamp(math.sin(q.anim_time*90*4-10)*-0.1,-0.5,1)+0.2)+(math.clamp(math.sin(q.anim_time*90*4-150)*0.8,0,1)-0)", 0]
				},
				"leg_front_right2": {
					"rotation": [
						"math.clamp(math.sin(q.anim_time*90*4-120*1+33)*40,0,40)+(math.clamp(math.sin(q.anim_time*90*2-90*3)*1,0.5,0.7)*1-0.6)*30+(math.clamp(math.sin(q.anim_time*90*2-90*1)*1,0.5,0.7)*1-0.5)*30",
						0,
						0
					]
				},
				"leg_front_right3": {
					"rotation": ["-20+math.clamp(10*(math.sin(q.anim_time*90*4-90-180*1)*1+2),0,60)+math.clamp(math.sin(q.anim_time*90*4-120*1+40)*30,-2,30)", 0, 0],
					"position": [0, "math.clamp(math.sin(q.anim_time*90*4-120+180)*1.1,0.9,1)-0.9+math.clamp(math.sin(q.anim_time*90*2-130+90)*1.3,0.9,1)-0.9", 0]
				},
				"leg_front_left": {
					"rotation": [
						"20-math.clamp(20*(math.sin(q.anim_time*90*4-90+33)*1+1),-0,60)",
						0,
						"math.clamp(math.sin(q.anim_time*90*4-90+180)*1,-0.8,0.8)+math.sin(q.anim_time*90*4-180*0)*1"
					],
					"position": [0, "(math.clamp(math.sin(q.anim_time*90*4-10)*-0.1,-0.5,1)+0.2)+(math.clamp(math.sin(q.anim_time*90*4-150+180)*0.8,0,1)-0)", 0]
				},
				"leg_front_left2": {
					"rotation": [
						"math.clamp(math.sin(q.anim_time*90*4*1+93)*40,0,40)+(math.clamp(math.sin(q.anim_time*90*2-90*3)*1,0.5,0.7)*1-0.6)*30+(math.clamp(math.sin(q.anim_time*90*2-90*1)*1,0.5,0.7)*1-0.5)*30",
						0,
						0
					]
				},
				"leg_front_left3": {
					"rotation": ["-20+math.clamp(10*(-math.sin(q.anim_time*90*4-90)*1+2)+25,0,60)-math.clamp(math.sin(q.anim_time*90*4-220*1+40)*30,-2.5,30)", 0, 0],
					"position": [0, "math.clamp(math.sin(q.anim_time*90*4-120)*1.1,0.9,1)-0.9+math.clamp(math.sin(q.anim_time*90*2-130)*1.3,0.9,1)-0.9", 0]
				},
				"leg_back_right": {
					"rotation": ["-20+math.clamp(20*(math.sin(q.anim_time*90*4-90+190)*1+1),-0,60)", 0, 0],
					"position": [
						0,
						"-0.5+math.clamp(-math.sin(q.anim_time*90*4+90+180*0)*0.01,0,0.01)+math.clamp(-math.sin(q.anim_time*90*4+20+180*1)*1.5,0.4,2)-0.4+math.clamp(math.sin(q.anim_time*90*4-100+180*1)*1.5,0.4,1)-0.3+(math.clamp(-math.sin(q.anim_time*90*2+70+180*0)*1,0.5,1)-0.5)*0.5+(math.clamp(-math.sin(q.anim_time*90*2+70+180*1)*1,0.5,1)+0)*0.5",
						0
					]
				},
				"leg_back_right2": {
					"rotation": [
						"math.clamp(math.sin(q.anim_time*90*4+180)*10,0,10)-math.clamp(math.sin(q.anim_time*90*4-95+180)*20,0,45)-math.clamp(math.sin(q.anim_time*90*4+180*0)*15,0,45)",
						0,
						0
					],
					"position": [0, "math.clamp(math.sin(q.anim_time*90*4-140+180)*1.3,0.7,2)-math.clamp(math.sin(q.anim_time*90*4-40+180)*1,0.75,2)+0.25", 0]
				},
				"leg_back_right3": {
					"rotation": [
						"-math.clamp(math.sin(q.anim_time*90*4+180*1)*10,0,10)+math.clamp(math.sin(q.anim_time*90*4+65)*35,0,45)-(-20+math.clamp(11*(math.sin(q.anim_time*90*4-90+180*1)*1+1),-0,60))+math.clamp(math.sin(q.anim_time*90*4-130+180*1)*00,50,100)-50",
						0,
						0
					],
					"position": [0, "(math.clamp(math.sin(q.anim_time*90*4-110+180*0)*1,0.5,1)-0.5)*0.7", 0]
				},
				"leg_back_left": {
					"rotation": ["-20+math.clamp(20*(math.sin(q.anim_time*90*4-90+10)*1+1),-0,60)", 0, 0],
					"position": [
						0,
						"-0.5+math.clamp(-math.sin(q.anim_time*90*4+90+180*0)*0.01,0,0.01)+math.clamp(-math.sin(q.anim_time*90*4+50+180*0)*1.5,0.4,2)-0.4+math.clamp(math.sin(q.anim_time*90*4-100+180*0)*1.5,0.4,1)-0.3+(math.clamp(-math.sin(q.anim_time*90*2+70+180*0)*1,0.5,1)-0.5)*0.5+(math.clamp(-math.sin(q.anim_time*90*2+70+180*1)*1,0.5,1)+0)*0.5",
						0
					]
				},
				"leg_back_left2": {
					"rotation": [
						"math.clamp(math.sin(q.anim_time*90*4)*10,0,10)-math.clamp(math.sin(q.anim_time*90*4-95)*15,0,45)-math.clamp(math.sin(q.anim_time*90*4+180)*15,0,45)",
						0,
						0
					],
					"position": [0, "math.clamp(math.sin(q.anim_time*90*4-180)*1.3,0.7,2)-math.clamp(math.sin(q.anim_time*90*4-80)*1,0.75,1)+0.25", 0]
				},
				"leg_back_left3": {
					"rotation": [
						"-math.clamp(math.sin(q.anim_time*90*4+180*0)*10,0,10)+math.clamp(math.sin(q.anim_time*90*4+65+180*1)*35,0,45)-(-20+math.clamp(11*(math.sin(q.anim_time*90*4-90+180*0)*1+1),-0,60))+math.clamp(math.sin(q.anim_time*90*4-130+180*0)*00,50,100)-50",
						0,
						0
					],
					"position": [0, "(math.clamp(math.sin(q.anim_time*90*4-110+180)*1,0.5,1)-0.5)*0.7", 0]
				}
			}
		},
		"animation.rapidash_cheseian.ground_idle": {
			"loop": true,
			"bones": {
				"fire_mane2": {
					"rotation": [0, 0, "math.sin(q.anim_time*90*10-20)*3"]
				},
				"leg_front_right_fire": {
					"rotation": ["math.sin(q.anim_time*90*10-30)*1", "math.sin(q.anim_time*90*10-30)*2", 0]
				},
				"leg_front_left_fire": {
					"rotation": ["math.sin(q.anim_time*90*10+25)*1", "math.sin(q.anim_time*90*10+25)*-2", 0]
				},
				"fire_mane_head3": {
					"rotation": ["math.sin(q.anim_time*90*2)*4", 0, "math.sin(q.anim_time*90*10-70)*0.8"]
				},
				"fire_mane_head4": {
					"rotation": ["math.sin(q.anim_time*90*2)*4", 0, "math.sin(q.anim_time*90*10-90)*2"]
				},
				"fire_mane3": {
					"rotation": [0, 0, "math.sin(q.anim_time*90*10-50)*1.5"]
				},
				"torso": {
					"rotation": ["math.sin(q.anim_time*90*3-90)*0.5+1", "math.sin(q.anim_time*90*2+33*1)*0.5", 0],
					"position": [0, "-math.sin(q.anim_time*90*3-45)*0.15", 0]
				},
				"neck": {
					"rotation": ["math.sin(q.anim_time*90*3+40)+14.4", 0, 0],
					"position": [0, "math.sin(q.anim_time*90*3-30)*0.1", 0]
				},
				"head": {
					"rotation": ["-7.5+math.sin(q.anim_time*90*3-20)*0.5", 0, 0],
					"position": [0, "math.sin(q.anim_time*90*3+60)*0.05", 0]
				},
				"fire_mane_head": {
					"rotation": [0, "math.sin(q.anim_time*90*4)*3", "math.sin(q.anim_time*90*10)*1"]
				},
				"fire_mane_head_front": {
					"rotation": [0, 0, 0]
				},
				"fire_mane_head_flame_top": {
					"rotation": [0, 0, "math.sin(q.anim_time*90*10)*3"]
				},
				"fire_mane_head_flame_right": {
					"rotation": [0, 0, "math.sin(q.anim_time*90*10-5)*3"]
				},
				"fire_mane_head_flame_left": {
					"rotation": [0, 0, "math.sin(q.anim_time*90*10+6)*3"]
				},
				"fire_mane_head_flame_bottom": {
					"rotation": [0, 0, "math.sin(q.anim_time*90*10-4)*-3"]
				},
				"fire_mane_head2": {
					"rotation": ["-15+math.sin(q.anim_time*90*2)*2", 0, "math.sin(q.anim_time*90*10-50)*0.8"]
				},
				"fire_mane_head_flame_top2": {
					"rotation": [0, 0, "math.sin(q.anim_time*90*10-20)*3"]
				},
				"fire_mane_head_flame_right2": {
					"rotation": [0, 0, "math.sin(q.anim_time*90*10-23)*3"]
				},
				"fire_mane_head_flame_left2": {
					"rotation": [0, 0, "math.sin(q.anim_time*90*10-8)*3"]
				},
				"fire_mane_head_flame_bottom2": {
					"rotation": [0, 0, "math.sin(q.anim_time*90*10-26)*3"]
				},
				"fire_mane_head_flame": {
					"rotation": ["-12.5+math.sin(q.anim_time*90*2)*2", 0, "math.sin(q.anim_time*90*10-100)*1"]
				},
				"fire_mane_head_flame3": {
					"rotation": ["15+math.sin(q.anim_time*90*2)*2", 0, "math.sin(q.anim_time*90*10-180)*2"]
				},
				"ear_right": {
					"rotation": [0, 0, "math.sin(q.anim_time*90*2-100)*-5"]
				},
				"ear_left": {
					"rotation": [0, 0, "math.sin(q.anim_time*90*2-110)*5"]
				},
				"fire_mane": {
					"rotation": [0, "math.sin(q.anim_time*90*10)*3", 0]
				},
				"tail": {
					"rotation": [
						"10+math.sin(q.anim_time*90*2.5-40)*1 + math.sin(q.anim_time*90*2-40)*-10",
						"math.sin(q.anim_time*90*5-40)*2",
						"10+math.sin(q.anim_time*90*5-0)*-3 + math.sin(q.anim_time*90*2-40)*-5"
					]
				},
				"front_armor_movable": {
					"rotation": ["math.sin(q.anim_time*90*3-90)*0.5+1", "math.sin(q.anim_time*90*2+33*1)*0.5", 0]
				},
				"back_armor_movable": {
					"rotation": ["math.sin(q.anim_time*90*3-90)*0.5+1", "math.sin(q.anim_time*90*2+33*1)*0.5", 0]
				},
				"leg_front_right": {
					"rotation": ["-47.5-math.sin(q.anim_time*90*3-66)*1+12", 0, "1+math.sin(q.anim_time*90*3-66)*1"],
					"position": [0, "-0.15-math.sin(q.anim_time*90*3-75)*0.12-math.sin(q.anim_time*90*3+15)*0.02", 0]
				},
				"leg_front_right2": {
					"rotation": ["math.sin(q.anim_time*90*3-66)*2.5+47.5", 0, 0],
					"position": [0, 0, 0]
				},
				"leg_front_right3": {
					"rotation": ["-math.sin(q.anim_time*90*3-66)*2-2", 0, -1],
					"position": [0, "math.sin(q.anim_time*90*3-66)*0.05", "-math.sin(q.anim_time*90*3-66)*0.04"]
				},
				"leg_front_left": {
					"rotation": ["-12.5-math.sin(q.anim_time*90*3-66)*1", 0, -1],
					"position": [0, "-0.15-math.sin(q.anim_time*90*3-75)*0.12-math.sin(q.anim_time*90*3+15)*0.02", 0]
				},
				"leg_front_left2": {
					"rotation": ["math.sin(q.anim_time*90*3-66)*2.5+22.5", 0, 0],
					"position": [0, 0, 0]
				},
				"leg_front_left3": {
					"rotation": ["-math.sin(q.anim_time*90*3-66)*1-2", 0, 1],
					"position": [0, "math.sin(q.anim_time*90*3-66)*0.05", "-math.sin(q.anim_time*90*3-66)*0.04"]
				},
				"leg_back_right": {
					"rotation": ["math.sin(q.anim_time*90*3-90)*1+18", 0, 2],
					"position": [0, "-math.sin(q.anim_time*90*3-75)*0.15-0.25-math.sin(q.anim_time*90*3+15)*0.04", "math.sin(q.anim_time*90*3+60)*0.02"]
				},
				"leg_back_right2": {
					"rotation": ["-math.sin(q.anim_time*90*3-90)*2-21.5", 0, 0],
					"position": [0, "(math.sin(q.anim_time*90*3-33*1)*1+1)*0.1-0.1", 0]
				},
				"leg_back_right_fire": {
					"rotation": ["math.sin(q.anim_time*90*10+40)*1", "math.sin(q.anim_time*90*10+40)*-3", 0]
				},
				"leg_back_right3": {
					"rotation": ["-math.sin(q.anim_time*90*3-66)*-1+3", 0, -2],
					"position": [0, 0, "math.sin(q.anim_time*90*3-90)*0.02"]
				},
				"leg_back_left": {
					"rotation": ["math.sin(q.anim_time*90*3-90)*1-24.5", 0, -2],
					"position": [0, "-math.sin(q.anim_time*90*3-75)*0.15-0.25-math.sin(q.anim_time*90*3+15)*0.04", "math.sin(q.anim_time*90*3+60)*0.02"]
				},
				"leg_back_left2": {
					"rotation": ["-math.sin(q.anim_time*90*3-90)*2+28.5", 0, 0],
					"position": [0, "(math.sin(q.anim_time*90*3-33*1)*1+1)*0.1+0.9", 0]
				},
				"leg_back_left_fire": {
					"rotation": ["math.sin(q.anim_time*90*10-10)*1", "math.sin(q.anim_time*90*10-10)*3", 0]
				},
				"leg_back_left3": {
					"rotation": ["-math.sin(q.anim_time*90*3-66)*-1+3", 0, 2],
					"position": [0, 0, "math.sin(q.anim_time*90*3-90)*0.02"]
				},
				"body": {
					"rotation": ["2.5+Math.cos((query.anim_time-0.5) * 90 * 1) * 2", 0, 0],
					"position": [0, "1.5+Math.cos((query.anim_time) * 90 * 1) * 1.25", 0]
				}
			}
		},
		"animation.rapidash_cheseian.faint": {
			"animation_length": 3,
			"bones": {
				"fire_mane2": {
					"rotation": [0, 0, -1.02606]
				},
				"leg_front_right_fire": {
					"rotation": [-0.5, -1, 0]
				},
				"leg_front_left_fire": {
					"rotation": [0.42262, -0.84524, 0]
				},
				"body": {
					"position": {
						"1.8333": [0, 2, 0],
						"1.9583": [0, -1.3, 0],
						"2.0417": [0, -1.7, 0],
						"2.125": [0, -1.3, 0]
					}
				},
				"torso": {
					"rotation": {
						"0.0": [0.5, 0.27232, 0],
						"0.1667": [14.21, 0.27, 0],
						"0.2917": [17.5, 0.27232, 0],
						"0.375": [10.19, -0.01, 0.41],
						"0.625": [-47.36, -2.24, 3.66],
						"0.7083": [-55.58229, -2.55797, 4.12307],
						"0.7917": [-57.3, -2.56, 4.12],
						"1.4583": [-60.41, -2.56, 4.12],
						"1.5833": [-64.58229, -2.55797, 4.12307],
						"1.6667": [-69.58229, -2.55797, 4.12307],
						"1.7917": [-10.64, -0.2, 2.84],
						"1.8333": [2.50949, 0.16305, 2.49763],
						"1.9167": [13.67, -1.44, 5.99],
						"2.0": [17.39326, -1.97924, 7.15531],
						"2.25": [17.39326, -1.97924, 7.15531]
					},
					"position": {
						"0.0": [0, 0.10607, 0],
						"0.2917": [0, -1.59, -0.7],
						"0.7083": [0.2, 3.11, 2.9],
						"1.5833": [0.3, 3.61, 3.8],
						"1.6667": [0.2, 3.09, 3.03],
						"1.8333": [0, -0.19393, 0],
						"2.0": [0, -1.59, -0.7],
						"2.25": [0, -2.09, -0.7]
					}
				},
				"neck": {
					"rotation": {
						"0.0": [-0.38567, 0, 0],
						"0.0833": [36.66032, -3.92326, 1.74176],
						"0.25": [60.7753, -13.7314, 6.09617],
						"0.2917": [62.41659, -13.15806, 5.2689],
						"0.4167": [79.09047, -6.23804, 2.78707],
						"0.5417": [83.93294, -0.88565, 0.42343],
						"0.7917": [53.18979, 3.12865, -1.3493],
						"1.0417": [41.50028, 4.99087, -1.35213],
						"1.5833": [42.82952, 6.87533, -3.00385],
						"1.6667": [41.33, 6.88, -3],
						"1.75": [5.32952, 6.87533, -3.00385],
						"2.0": [80.32952, 6.87533, -3.00385],
						"2.0833": [77.83, 6.88, -3],
						"2.25": [65.32952, 6.87533, -3.00385],
						"2.4167": [70.32952, 6.87533, -3.00385]
					},
					"position": [0, -0.05, 0]
				},
				"head": {
					"rotation": {
						"0.0": [-0.17101, 0, 0],
						"0.125": [-34.68628, 4.63148, -1.88604],
						"0.2917": [-8.18, 0, 0],
						"0.4167": [13.82, 0, 0],
						"0.6667": [-21.39, 0, 0],
						"0.7917": [-23.18, 0, 0],
						"1.625": [-26.45, 0, 0],
						"1.7917": [-47.18, 0, 0],
						"1.9583": [-34.68, 0, 0],
						"2.125": [0.32, 0, 0],
						"2.3333": [-4.68, 0, 0],
						"2.5": [0.32, 0, 0]
					},
					"position": [0, 0.0433, 0]
				},
				"eyelid_right": {
					"position": {
						"1.4583": [0, 0, 0],
						"1.5": [-0.1, 0, 0]
					}
				},
				"eyelid_left": {
					"position": {
						"1.4583": [0, 0, 0],
						"1.5": [0.1, 0, 0]
					}
				},
				"muzzle": {
					"rotation": {
						"0.2917": [0, 0, 0],
						"0.4167": [-2, 0, 0],
						"0.5833": [-8.86, 0, 0],
						"0.7083": [-10, 0, 0],
						"1.25": [-9.45, 0, 0],
						"1.375": [-8.44, 0, 0],
						"1.5417": [-5.96, 0, 0],
						"1.7083": [-5, 0, 0],
						"1.7917": [-3.75, 0, 0],
						"1.9167": [-1, 0, 0],
						"2.0417": [0, 0, 0]
					}
				},
				"jaw": {
					"rotation": {
						"0.1667": [1.87, 0, 0],
						"0.2917": [0, 0, 0],
						"0.4167": [6.41, 0, 0],
						"0.625": [56.59, 0, 0],
						"0.7083": [64.06, 0, 0],
						"1.0833": [70.06, 0, 0],
						"1.4583": [68.06, 0, 0],
						"1.5417": [56.73, 0, 0],
						"1.7083": [18.06, 0, 0],
						"1.875": [0, 0, 0]
					}
				},
				"fire_mane_head": {
					"rotation": {
						"0.0": [-7.5, "0+math.sin(q.anim_time*90*4)*3", "0+math.sin(q.anim_time*90*10)*1"],
						"0.125": [0, "math.sin(q.anim_time*90*4)*3", "math.sin(q.anim_time*90*10)*1"],
						"0.2083": [-10.5, 2.9, -0.13],
						"0.2917": [-15, "0+math.sin(q.anim_time*90*4)*3", "0+math.sin(q.anim_time*90*10)*1"],
						"0.375": [-10.63, 2.6, -0.87],
						"0.4583": [2.5, "math.sin(q.anim_time*90*4)*3", "math.sin(q.anim_time*90*10)*1"],
						"0.5833": [11.64, "math.sin(q.anim_time*90*4)*3", "math.sin(q.anim_time*90*10)*1"],
						"0.75": [15, "math.sin(q.anim_time*90*4)*3", "math.sin(q.anim_time*90*10)*1"],
						"0.8333": [4.5, "math.sin(q.anim_time*90*4)*3", "math.sin(q.anim_time*90*10)*1"],
						"0.9167": [0, "math.sin(q.anim_time*90*4)*3", "math.sin(q.anim_time*90*10)*1"],
						"1.2083": [3.68, 0.78, -0.61],
						"1.5": [12.5, "0+math.sin(q.anim_time*90*4)*3", "0+math.sin(q.anim_time*90*10)*1"],
						"1.625": [20, "math.sin(q.anim_time*90*4)*3", "math.sin(q.anim_time*90*10)*1"],
						"1.75": [16.33, "math.sin(q.anim_time*90*4)*3", "math.sin(q.anim_time*90*10)*1"],
						"1.875": [10, "math.sin(q.anim_time*90*4)*3", "math.sin(q.anim_time*90*10)*1"],
						"1.9583": [7.5, "0+math.sin(q.anim_time*90*4)*3", "0+math.sin(q.anim_time*90*10)*1"],
						"2.125": [16, "math.sin(q.anim_time*90*4)*3", "math.sin(q.anim_time*90*10)*1"],
						"2.4167": [11.2, "0+math.sin(q.anim_time*90*4)*3", "0+math.sin(q.anim_time*90*10)*1"],
						"2.6667": [8.94231, 0.48899, 0.17109]
					}
				},
				"fire_mane_head_front": {
					"rotation": [0, 0, 0]
				},
				"fire_mane_head_flame_top": {
					"rotation": [0, 0, 0]
				},
				"fire_mane_head_flame_right": {
					"rotation": [0, 0, -0.26147]
				},
				"fire_mane_head_flame_left": {
					"rotation": [0, 0, 0.31359]
				},
				"fire_mane_head_flame_bottom": {
					"rotation": [0, 0, 0.20927]
				},
				"fire_mane_head2": {
					"rotation": {
						"0.0417": ["-15+math.sin(q.anim_time*90*2)*2", 0, "math.sin(q.anim_time*90*10-50)*0.8"],
						"0.0833": [-9.15, -1.66, 0.45],
						"0.1667": ["-5.0152+math.sin(q.anim_time*90*2)*2", -4.98779, "0.3497+math.sin(q.anim_time*90*10-50)*0.8"],
						"0.25": [-11.87, -3.4, 0.93],
						"0.3333": ["-17.5572+math.sin(q.anim_time*90*2)*2", -1.8114, "1.362+math.sin(q.anim_time*90*10-50)*0.8"],
						"0.375": [-13.96, 4.89, 0.2],
						"0.5": ["-2.5516+math.sin(q.anim_time*90*2)*2", 24.99898, "-0.233+math.sin(q.anim_time*90*10-50)*0.8"],
						"0.625": [2.46, 29.24, 1.11],
						"0.7917": ["3.1877+math.sin(q.anim_time*90*2)*2", 32.42323, "2.3653+math.sin(q.anim_time*90*10-50)*0.8"],
						"0.9583": ["-10.612+math.sin(q.anim_time*90*2)*2", 19.69975, "-3.5231+math.sin(q.anim_time*90*10-50)*0.8"],
						"1.0": [-14.53, 8.51, -1.52],
						"1.0833": [-22.37, -13.87, 7.25],
						"1.2083": [-24.52729, -22.9881, 9.5638],
						"1.3333": [-22.66, -17.03, 7.95],
						"1.5": ["-10.0689+math.sin(q.anim_time*90*2)*2", 1.71254, "-1.6728+math.sin(q.anim_time*90*10-50)*0.8"],
						"1.7083": ["-12.043+math.sin(q.anim_time*90*2)*2", 4.89786, "-1.0067+math.sin(q.anim_time*90*10-50)*0.8"],
						"1.9167": ["-2.5+math.sin(q.anim_time*90*2)*2", 0, "math.sin(q.anim_time*90*10-50)*0.8"],
						"2.0833": [0.45, 0, 0.34],
						"2.2083": ["math.sin(q.anim_time*90*2)*2", 0, "0+math.sin(q.anim_time*90*10-50)*0.8"],
						"2.375": ["-15+math.sin(q.anim_time*90*2)*2", 0, "0+math.sin(q.anim_time*90*10-50)*0.8"],
						"2.5417": [-17.12, 0, "0+math.sin(q.anim_time*90*10-50)*0.8"],
						"2.7917": ["-20+math.sin(q.anim_time*90*2)*2", 0, "0+math.sin(q.anim_time*90*10-50)*0.8"]
					}
				},
				"fire_mane_head_flame_top2": {
					"rotation": [0, 0, -1.02606]
				},
				"fire_mane_head_flame_right2": {
					"rotation": [0, 0, -1.17219]
				},
				"fire_mane_head_flame_left2": {
					"rotation": [0, 0, -0.41752]
				},
				"fire_mane_head_flame_bottom2": {
					"rotation": [0, 0, -1.31511]
				},
				"fire_mane_head_flame": {
					"rotation": {
						"0.0417": ["-5+math.sin(q.anim_time*90*2)*2", 0, "0+math.sin(q.anim_time*90*10-100)*1"],
						"0.125": ["-7.5+math.sin(q.anim_time*90*2)*2", 0, "math.sin(q.anim_time*90*10-100)*1"],
						"0.2917": ["-15+math.sin(q.anim_time*90*2)*2", 0, "math.sin(q.anim_time*90*10-100)*1"],
						"0.375": [-6.16, 3.46, 1.13],
						"0.5417": ["21.6196+math.sin(q.anim_time*90*2)*2", 20.78491, "8.8137+math.sin(q.anim_time*90*10-100)*1"],
						"0.875": ["33.739+math.sin(q.anim_time*90*2)*2", 25.44438, "16.4534+math.sin(q.anim_time*90*10-100)*1"],
						"0.9583": [28.48, 8.48, 9.36],
						"1.0": [25.71429, 0, "math.sin(q.anim_time*90*10-100)*1"],
						"1.1667": [3.27965, -17.45585, -2.03163],
						"1.375": ["7.6363+math.sin(q.anim_time*90*2)*2", -12.43825, "-1.2508+math.sin(q.anim_time*90*10-100)*1"],
						"1.5833": ["7.7928+math.sin(q.anim_time*90*2)*2", 14.58589, "3.1257+math.sin(q.anim_time*90*10-100)*1"],
						"1.875": ["-7.5+math.sin(q.anim_time*90*2)*2", 0, "0+math.sin(q.anim_time*90*10-100)*1"],
						"2.0417": ["-32.5+math.sin(q.anim_time*90*2)*2", 0, "math.sin(q.anim_time*90*10-100)*1"],
						"2.1667": [14.72, 0, 1],
						"2.25": ["25+math.sin(q.anim_time*90*2)*2", 0, "0+math.sin(q.anim_time*90*10-100)*1"],
						"2.3333": [19.59, 0, 0.3],
						"2.4583": ["-15+math.sin(q.anim_time*90*2)*2", 0, "math.sin(q.anim_time*90*10-100)*1"],
						"2.5833": [-10.5, 0, -0.17],
						"2.875": ["math.sin(q.anim_time*90*2)*2", 0, "0+math.sin(q.anim_time*90*10-100)*1"]
					}
				},
				"fire_mane_head_flame3": {
					"rotation": {
						"0.0417": ["20+math.sin(q.anim_time*90*2)*2", 0, "math.sin(q.anim_time*90*10-180)*2"],
						"0.125": ["15+math.sin(q.anim_time*90*2)*2", 0, "math.sin(q.anim_time*90*10-180)*2"],
						"0.2917": ["-20+math.sin(q.anim_time*90*2)*2", 0, "math.sin(q.anim_time*90*10-180)*2"],
						"0.5417": ["22.5825+math.sin(q.anim_time*90*2)*2", 4.54943, "2.0765+math.sin(q.anim_time*90*10-180)*2"],
						"0.7083": ["31.3056+math.sin(q.anim_time*90*2)*2", 7.93336, "10.8938+math.sin(q.anim_time*90*10-180)*2"],
						"1.0": ["38.819+math.sin(q.anim_time*90*2)*2", 13.80191, "10.8653+math.sin(q.anim_time*90*10-180)*2"],
						"1.1667": [-18.43, -19.87, 13.55],
						"1.25": ["-28.4224+math.sin(q.anim_time*90*2)*2", -26.60267, "14.4044+math.sin(q.anim_time*90*10-180)*2"],
						"1.3333": [-25.42, -25.47, 9.33],
						"1.4583": [-3.73, -20.04, -2.35],
						"1.5417": ["3.6975+math.sin(q.anim_time*90*2)*2", -18.68258, "-7.2696+math.sin(q.anim_time*90*10-180)*2"],
						"1.625": [-2.22, -9.84, -7.36],
						"1.7083": [-14.16322, 16.70634, -9.16892],
						"1.7917": ["-20.0738+math.sin(q.anim_time*90*2)*2", 4.66029, "-1.8136+math.sin(q.anim_time*90*10-180)*2"],
						"2.0417": [-30.43, 0.58, -2.16],
						"2.125": ["-32.5+math.sin(q.anim_time*90*2)*2", 0, "0+math.sin(q.anim_time*90*10-180)*2"],
						"2.2083": [-17.38, 0, "0+math.sin(q.anim_time*90*10-180)*2"],
						"2.2917": ["20+math.sin(q.anim_time*90*2)*2", 0, "0+math.sin(q.anim_time*90*10-180)*2"],
						"2.4167": [17.11, 0, "0+math.sin(q.anim_time*90*10-180)*2"],
						"2.625": ["-25+math.sin(q.anim_time*90*2)*2", 0, "0+math.sin(q.anim_time*90*10-180)*2"],
						"2.75": [-20.21, 0, "0+math.sin(q.anim_time*90*10-180)*2"],
						"2.9583": ["7.5+math.sin(q.anim_time*90*2)*2", 0, "0+math.sin(q.anim_time*90*10-180)*2"]
					}
				},
				"ear_right": {
					"rotation": {
						"0.0": [0, 0, 4.92404],
						"0.125": [-29.12, -6.03, -23.87],
						"0.2083": [-36.39727, -7.53716, -26.01299],
						"0.375": [23.07, -10.72, -32.72],
						"0.4167": [31.68888, -11.5186, -34.39742],
						"0.5417": [39.19, -11.52, -34.4],
						"0.6667": [36.68888, -11.5186, -34.39742],
						"0.7917": [-23.31, -11.52, -34.4],
						"0.875": [-38.31112, -11.5186, -34.39742],
						"1.0": [-29.05364, -7.49175, -27.82957],
						"1.25": [-18.41, -5.59, -24.4],
						"1.5": [-21.77134, -3.6903, -20.97263],
						"1.7083": [-34.27134, -3.6903, -20.97263],
						"1.8333": [-37.6, -3.69, -20.97],
						"1.9583": [-39.27134, -3.6903, -20.97263],
						"2.0417": [8.79, -6.95, -11.66],
						"2.125": [24.81425, -8.03909, -8.56143],
						"2.2083": [18.43, -8, -9.87],
						"2.2917": [4.05008, -7.95478, -11.17424],
						"2.375": [-4.95, -7.95, -11.17],
						"2.5": [-10.94992, -7.95478, -11.17424],
						"2.5833": [-3.45, -7.95, -11.17],
						"2.75": [4.05008, -7.95478, -11.17424]
					}
				},
				"ear_left": {
					"rotation": {
						"0.0": [0, 0, -4.69846],
						"0.125": [-29.12, 6.03, 23.87],
						"0.2083": [-36.39727, 7.53716, 26.01299],
						"0.375": [23.07, 10.72, 32.72],
						"0.4167": [31.68888, 11.5186, 34.39742],
						"0.5417": [39.19, 11.52, 34.4],
						"0.6667": [36.68888, 11.5186, 34.39742],
						"0.7917": [-23.31, 11.52, 34.4],
						"0.875": [-38.31112, 11.5186, 34.39742],
						"1.0": [-29.05364, 7.49175, 27.82957],
						"1.25": [-18.41, 5.59, 24.4],
						"1.5": [-21.77134, 3.6903, 20.97263],
						"1.7083": [-34.27134, 3.6903, 20.97263],
						"1.8333": [-37.6, 3.69, 20.97],
						"1.9583": [-39.27134, 3.6903, 20.97263],
						"2.0417": [8.79, 6.95, 11.66],
						"2.125": [24.81425, 8.03909, 8.56143],
						"2.2083": [18.43, 8, 9.87],
						"2.2917": [4.05008, 7.95478, 11.17424],
						"2.375": [-4.95, 7.95, 11.17],
						"2.5": [-10.94992, 7.95478, 11.17424],
						"2.5833": [-3.45, 7.95, 11.17],
						"2.75": [4.05008, 7.95478, 11.17424]
					}
				},
				"fire_mane": {
					"rotation": [0, 0, 0],
					"position": [0, -2.5, 0]
				},
				"tail": {
					"rotation": {
						"0.0": [15.78509, -1.28558, 13.21394],
						"0.3333": ["19.0753+math.sin(q.anim_time*90*10-40)*1", "-2.4629+math.sin(q.anim_time*90*10-40)*2", "8.2853+math.sin(q.anim_time*90*10-0)*-3"],
						"0.4167": [31.69, "-2.4629+math.sin(q.anim_time*90*10-40)*2", "8.2853+math.sin(q.anim_time*90*10-0)*-3"],
						"0.5": ["69.0753+math.sin(q.anim_time*90*10-40)*1", "-2.4629+math.sin(q.anim_time*90*10-40)*2", "8.2853+math.sin(q.anim_time*90*10-0)*-3"],
						"0.5833": [62.93, "-2.4629+math.sin(q.anim_time*90*10-40)*2", "8.2853+math.sin(q.anim_time*90*10-0)*-3"],
						"0.7083": [28.05, "-2.4629+math.sin(q.anim_time*90*10-40)*2", "8.2853+math.sin(q.anim_time*90*10-0)*-3"],
						"0.7917": ["19.0753+math.sin(q.anim_time*90*10-40)*1", "-2.4629+math.sin(q.anim_time*90*10-40)*2", "8.2853+math.sin(q.anim_time*90*10-0)*-3"],
						"0.875": [22.9, "-2.4629+math.sin(q.anim_time*90*10-40)*2", "8.2853+math.sin(q.anim_time*90*10-0)*-3"],
						"1.0": ["33.0753+math.sin(q.anim_time*90*10-40)*1", "-2.4629+math.sin(q.anim_time*90*10-40)*2", "8.2853+math.sin(q.anim_time*90*10-0)*-3"],
						"1.125": [39.62, "-2.4629+math.sin(q.anim_time*90*10-40)*2", "8.2853+math.sin(q.anim_time*90*10-0)*-3"],
						"1.3333": [43.58, "-2.4629+math.sin(q.anim_time*90*10-40)*2", "8.2853+math.sin(q.anim_time*90*10-0)*-3"],
						"1.4583": [41.36, "-2.4629+math.sin(q.anim_time*90*10-40)*2", "8.2853+math.sin(q.anim_time*90*10-0)*-3"],
						"1.7083": [30.74115, "-2.4629+math.sin(q.anim_time*90*10-40)*2", "8.2853+math.sin(q.anim_time*90*10-0)*-3"],
						"1.8333": [23.74115, "-2.4629+math.sin(q.anim_time*90*10-40)*2", "8.2853+math.sin(q.anim_time*90*10-0)*-3"],
						"1.9583": [31.62, "-2.4629+math.sin(q.anim_time*90*10-40)*2", "8.2853+math.sin(q.anim_time*90*10-0)*-3"],
						"2.0417": [56.24115, "-2.4629+math.sin(q.anim_time*90*10-40)*2", "8.2853+math.sin(q.anim_time*90*10-0)*-3"],
						"2.1667": [63.02686, "-2.4629+math.sin(q.anim_time*90*10-40)*2", "8.2853+math.sin(q.anim_time*90*10-0)*-3"],
						"2.7083": [48.74115, "-2.4629+math.sin(q.anim_time*90*10-40)*2", "8.2853+math.sin(q.anim_time*90*10-0)*-3"]
					}
				},
				"leg_front_right": {
					"rotation": {
						"0.0": [0.91355, 0, 1],
						"0.2083": [-20.52831, 9.65924, 17.59621],
						"0.4167": [14.76599, 7.44522, 3.26363],
						"0.5417": [6.55648, 7.77055, 12.95155],
						"0.7083": [-54.73117, 4.16319, 3.53106],
						"0.8333": [-120.73, 4.16, 3.53],
						"0.9167": [-137.23117, 4.16319, 3.53106],
						"1.0": [-122.65, 4.16, 3.53],
						"1.0833": [-78.9, 4.16, 3.53],
						"1.1667": [-67.23117, 4.16319, 3.53106],
						"1.25": [-78.23, 4.16, 3.53],
						"1.3333": [-120.23117, 4.16319, 3.53106],
						"1.5": [-131.61, 4.16, 3.53],
						"1.6667": [-137.23117, 4.16319, 3.53106],
						"1.7083": [-116.59, 5.16, 4.28],
						"1.7917": [-45.30689, 7.15284, 5.7897],
						"1.875": [-12.35736, 9.14595, 7.29546],
						"1.9583": [-32.52403, 9.14595, 7.29546],
						"2.0417": [-50.52403, 9.14595, 7.29546],
						"2.1667": [-42.52403, 9.14595, 7.29546]
					},
					"position": {
						"0.0": [0, -0.03927, 0],
						"0.25": [0, -2.14, 0],
						"0.4167": [0, -0.11, 0.99],
						"0.5417": [0, 3.11, 1.65],
						"0.7083": [0, 8.56, 5.3],
						"0.9167": [0, 9.66, 5.58],
						"1.1667": [0, 9.26, 5.8],
						"1.5833": [0, 10.02, 6.83],
						"1.6667": [0, 7.01, 4.95],
						"1.875": [0, -0.43927, 0],
						"2.0": [0, -2.44, 0],
						"2.0833": [0, -2.04, 0],
						"2.1667": [0, -2.44, 0]
					}
				},
				"leg_front_right2": {
					"rotation": {
						"0.0": [0.21614, 0, 0],
						"0.1667": [22.89, 4.15, -7.24],
						"0.25": [28.62165, 4.98093, -8.6822],
						"0.4167": [-2, 0, 0],
						"0.5": [5, 0, 0],
						"0.6667": [21.51, 0, 0],
						"0.7917": [56.33, 0, 0],
						"0.875": [65.03, 0, 0],
						"0.9583": [58.02, 0, 0],
						"1.0417": [6.67, 0, 0],
						"1.0833": [-5, 0, 0],
						"1.125": [3.38, 0, 0],
						"1.25": [52.5, 0, 0],
						"1.3333": [67.5, 0, 0],
						"1.375": [44.06, 0, 0],
						"1.4583": [24.17, 0, 0],
						"1.6667": [15.83, 0, 0],
						"1.875": [-5, 0, 0],
						"1.9167": [6.25, 0, 0],
						"1.9583": [2.5, 0, 0],
						"2.0": [2.5, 0, 0],
						"2.0833": [5, 0, 0],
						"2.1667": [2.5, 0, 0]
					},
					"position": {
						"0.0": [0, 0, 0],
						"1.6667": [0, 0, 0],
						"1.875": [0, 0.1, 0],
						"2.0": [0, 0, 0]
					}
				},
				"leg_front_right3": {
					"rotation": {
						"0.0": [-0.17291, 0, -1],
						"0.25": [-9.72762, 4.64265, -8.24723],
						"0.4167": [29.5841, 3.31433, -4.31834],
						"0.7083": [35, 0, -1],
						"0.9167": [32.5, 0, -1],
						"1.0": [18.74, 0, -1],
						"1.0833": [13.125, 0, -1],
						"1.2083": [26.09375, 0, -1],
						"1.4167": [30.76389, 0, -1],
						"1.5": [26.2, 0, -1],
						"1.5833": [12.5, 0, -1],
						"1.7083": [-0.17, 0, -1],
						"1.8333": [-5, 0, -1],
						"1.9583": [7.48291, 0.26097, -6.99435],
						"2.0417": [25.23, 0.26, -6.99],
						"2.125": [27.98291, 0.26097, -6.99435],
						"2.2083": [37.32, 0.26, -6.99],
						"2.2917": [39.98291, 0.26097, -6.99435]
					},
					"position": {
						"1.8333": [0, 0, 0],
						"1.9583": [-0.1, 0.3, 0]
					}
				},
				"leg_front_left": {
					"rotation": {
						"0.0": [0.91355, 0, -1],
						"0.2083": [-20.52831, -9.65924, -17.59621],
						"0.375": [-1.70928, -10.65501, -1.31195],
						"0.5": [8.96034, -11.50953, -11.65923],
						"0.5833": [-12.27, -9.06, -8.95],
						"0.625": [-54.73117, -4.16319, -3.53106],
						"0.75": [-120.73, -4.16, 2.12],
						"0.8333": [-137.23117, -4.16319, 3.5311],
						"0.9167": [-125.56, -4.16, 3.53],
						"1.0": [-82.81, -4.16, 3.53],
						"1.0833": [-67.23117, -4.16319, 3.5311],
						"1.1667": [-77.23, -4.16, 3.53],
						"1.2917": [-126.23, -4.16, 3.53],
						"1.375": [-137.23117, -4.16319, 3.5311],
						"1.4583": [-127.59, -4.16, 3.53],
						"1.6667": [-69.73117, -4.16319, 3.5311],
						"1.8333": [-9.07265, -12.37918, -8.69976],
						"1.9167": [17.18, -12.38, -8.7],
						"2.0": [25.92735, -12.37918, -8.69976],
						"2.0833": [8.09, -12.38, -8.7],
						"2.2083": [-10.57265, -12.37918, -8.69976],
						"2.4583": [0.92735, -12.37918, -8.69976]
					},
					"position": {
						"0.0": [0, -0.03927, 0],
						"0.25": [0, -2.14, 0],
						"0.375": [0, 0.11, 0.99],
						"0.5": [0, 3.11, 1.65],
						"0.625": [1, 7.56, 4.3],
						"0.8333": [1, 9.66, 5.58],
						"1.0833": [1, 9.26, 5.8],
						"1.375": [1, 9.66, 6.38],
						"1.5833": [1, 9.66, 6.38],
						"1.6667": [1, 6.01, 3.55],
						"1.8333": [0, -0.23927, 0],
						"1.875": [0, 0.04, 0],
						"2.0": [0, -2.34, 0],
						"2.125": [0, -3.94, 0],
						"2.25": [0, -3.94, 0]
					}
				},
				"leg_front_left2": {
					"rotation": {
						"0.0": [0.21614, 0, 0],
						"0.1667": [22.89, -4.15, 7.24],
						"0.25": [28.62165, -4.98093, 8.6822],
						"0.375": [0, 0, 0],
						"0.5": [10, 0, 0],
						"0.5833": [62.67, 0, 0],
						"0.625": [72.5, 0, 0],
						"0.7917": [65.03, 0, 0],
						"0.9167": [9.01, 0, 0],
						"1.0": [-5, 0, 0],
						"1.0833": [7.5, 0, 0],
						"1.2083": [52.5, 0, 0],
						"1.2917": [67.5, 0, 0],
						"1.375": [24.17, 0, 0],
						"1.625": [-1.66, 0, 0],
						"1.7083": [1.67, 0, 0],
						"1.75": [-5, 0, 0],
						"1.8333": [0, 0, 0],
						"1.875": [8, 0, 0],
						"1.9583": [46.5, 0, 0],
						"2.0": [65.5, 0, 0],
						"2.125": [77, 0, 0],
						"2.2917": [73.5, 0, 0],
						"2.5": [71.5, 0, 0]
					},
					"position": [0, 0, 0]
				},
				"leg_front_left3": {
					"rotation": {
						"0.0": [-0.17291, 0, 1],
						"0.25": [-9.72762, -4.64265, 8.24723],
						"0.375": [21.65778, 0.73346, -0.23312],
						"0.4583": [42.28068, -1.82259, 9.6133],
						"0.625": [35, 0, 1],
						"0.8333": [32.5, 0, 1],
						"0.9583": [13.125, 0, 1],
						"1.0833": [31.09375, 0, 1],
						"1.25": [30.76389, 0, 1],
						"1.6667": [35, 0, 1],
						"1.75": [6.66667, 0, 1],
						"1.8333": [7.5, 0, 1],
						"2.0417": [27.5, 0, 1]
					}
				},
				"leg_back_right": {
					"rotation": {
						"0.0": [2, 0, 2],
						"0.2917": [2.0605, 7.95276, 2.87088],
						"0.375": [0.09, 7.95, 2.87],
						"0.625": [-13.69, 7.95, 2.87],
						"0.7083": [-17.9395, 7.95276, 2.87088],
						"1.5833": [-17.9395, 7.95276, 2.87088],
						"1.7083": [-12.26, 7.95, 2.87],
						"2.0417": [4.0605, 7.95276, 2.87088],
						"2.1667": [7.0605, 7.95276, 2.87088]
					},
					"position": {
						"0.0": [0, -0.11546, 0.01732],
						"0.2917": [0, -0.11546, 0.01732],
						"0.7083": [0, -0.01546, 2.21732],
						"1.5833": [0, -0.01546, 2.21732],
						"1.7917": [-0.06, -0.09, 1.35],
						"1.9583": [-0.11, 1.11, 0.65],
						"2.0417": [0, 0.28454, 0.01732],
						"2.125": [0, 0.48, 0.02],
						"2.2917": [0, 0.08, 0.02]
					}
				},
				"leg_back_right2": {
					"rotation": {
						"0.0": [-4.5, 0, 0],
						"0.2917": [-4.5, 0, 0],
						"0.375": [-3.4, 0, 0],
						"0.625": [5.26, 0, 0],
						"0.7083": [9, 0, 0],
						"1.5833": [9, 0, 0],
						"1.8333": [2.88, 0, 0],
						"1.9583": [-5.55, 0, 0],
						"2.0417": [-19.5, 0, 0],
						"2.1667": [-12.6, 0, 0],
						"2.2917": [-14.5, 0, 0]
					},
					"position": {
						"0.0": [0, -0.05446, 0],
						"0.2917": [0, -0.05446, 0],
						"0.7083": [0, 0.14554, 0],
						"1.5833": [0, 0.14554, 0],
						"2.0417": [0, -0.05446, 0],
						"2.1667": [0, 0.65, 0]
					}
				},
				"leg_back_right_fire": {
					"rotation": [0.64279, -1.92836, 0]
				},
				"leg_back_right3": {
					"rotation": {
						"0.0": [2.08645, 0, -2],
						"0.2917": [2.24522, 0.0186, -3.03285],
						"0.7083": [6.58474, 0.20084, -2.97963],
						"1.5833": [6.58474, 0.20084, -2.97963],
						"1.875": [2.08645, 0, -2],
						"2.125": [7.08645, 0, -2]
					}
				},
				"leg_back_left": {
					"rotation": {
						"0.0": [2, 0, -2],
						"0.2917": [2.0605, -7.95276, -2.87088],
						"0.375": [0.09, -7.95, -2.87],
						"0.625": [-13.69, -7.95, -2.87],
						"0.7083": [-17.9395, -7.95276, -2.87088],
						"1.5833": [-17.9395, -7.95276, -2.87088],
						"1.7083": [-12.26, -7.95, -2.87],
						"2.0417": [4.0605, -7.95276, -2.87088],
						"2.1667": [7.0605, -7.95276, -2.87088]
					},
					"position": {
						"0.0": [0, -0.11546, 0.01732],
						"0.2917": [0, -0.11546, 0.01732],
						"0.7083": [0, -0.01546, 2.21732],
						"1.5833": [0, -0.01546, 2.21732],
						"1.7917": [-0.06, -0.09, 1.35],
						"1.9583": [-0.11, 1.11, 0.65],
						"2.0417": [0, 0.28454, 0.01732],
						"2.125": [0, 0.48, 0.02],
						"2.2917": [0, 0.08, 0.02]
					}
				},
				"leg_back_left2": {
					"rotation": {
						"0.0": [-4.5, 0, 0],
						"0.2917": [-4.5, 0, 0],
						"0.375": [-3.4, 0, 0],
						"0.625": [5.26, 0, 0],
						"0.7083": [9, 0, 0],
						"1.5833": [9, 0, 0],
						"1.8333": [2.88, 0, 0],
						"1.9583": [-5.55, 0, 0],
						"2.0417": [-19.5, 0, 0],
						"2.1667": [-12.6, 0, 0],
						"2.2917": [-14.5, 0, 0]
					},
					"position": {
						"0.0": [0, -0.05446, 0],
						"0.2917": [0, -0.05446, 0],
						"0.7083": [0, 0.14554, 0],
						"1.5833": [0, 0.14554, 0],
						"2.0417": [0, -0.05446, 0],
						"2.1667": [0, 0.65, 0]
					}
				},
				"leg_back_left_fire": {
					"rotation": [-0.17365, -0.52094, 0]
				},
				"leg_back_left3": {
					"rotation": {
						"0.0": [2.08645, 0, 2],
						"0.2917": [2.24522, -0.0186, 3.03285],
						"0.7083": [6.58474, -0.20084, 2.97963],
						"1.6667": [6.58474, -0.20084, 2.97963],
						"1.9583": [2.08645, 0, 2],
						"2.0417": [14.58645, 0, 2],
						"2.125": [7.08645, 0, 2]
					}
				}
			}
		},
		"animation.rapidash_cheseian.battle_faint": {
			"animation_length": 3,
			"bones": {
				"fire_mane2": {
					"rotation": [0, 0, "math.sin(q.anim_time*90*10-20)*3"],
					"position": [0, 0, 0]
				},
				"leg_front_right_fire": {
					"rotation": ["math.sin(q.anim_time*90*10-30)*1", "math.sin(q.anim_time*90*10-30)*2", 0]
				},
				"leg_front_left_fire": {
					"rotation": ["math.sin(q.anim_time*90*10+25)*1", "math.sin(q.anim_time*90*10+25)*-2", 0]
				},
				"body": {
					"position": {
						"1.8333": [0, 2, 0],
						"1.9583": [0, -1.3, 0],
						"2.0417": [0, -1.7, 0],
						"2.125": [0, -1.3, 0]
					}
				},
				"torso": {
					"rotation": {
						"0.0": [2.5, 0.27232, 0],
						"0.1667": [14.21, 0.27, 0],
						"0.2917": [17.5, 0.27232, 0],
						"0.375": [10.19, -0.01, 0.41],
						"0.625": [-47.36, -2.24, 3.66],
						"0.7083": [-55.58229, -2.55797, 4.12307],
						"0.7917": [-57.3, -2.56, 4.12],
						"1.4583": [-60.41, -2.56, 4.12],
						"1.5833": [-64.58229, -2.55797, 4.12307],
						"1.6667": [-69.58229, -2.55797, 4.12307],
						"1.7917": [-10.64, -0.2, 2.84],
						"1.8333": [2.50949, 0.16305, 2.49763],
						"1.9167": [13.67, -1.44, 5.99],
						"2.0": [17.39326, -1.97924, 7.15531],
						"2.25": [17.39326, -1.97924, 7.15531]
					},
					"position": {
						"0.0": [0, -0.19393, 0],
						"0.2917": [0, -1.59, -0.7],
						"0.7083": [0.2, 3.11, 2.9],
						"1.5833": [0.3, 3.61, 3.8],
						"1.6667": [0.2, 3.09, 3.03],
						"1.8333": [0, -0.19393, 0],
						"2.0": [0, -1.59, -0.7],
						"2.25": [0, -2.09, -0.7]
					}
				},
				"neck": {
					"rotation": {
						"0.0": [34.01433, 0, 0],
						"0.0833": [36.66032, -3.92326, 1.74176],
						"0.25": [60.7753, -13.7314, 6.09617],
						"0.2917": [62.41659, -13.15806, 5.2689],
						"0.4167": [79.09047, -6.23804, 2.78707],
						"0.5417": [83.93294, -0.88565, 0.42343],
						"0.7917": [53.18979, 3.12865, -1.3493],
						"1.0417": [41.50028, 4.99087, -1.35213],
						"1.5833": [42.82952, 6.87533, -3.00385],
						"1.6667": [41.33, 6.88, -3],
						"1.75": [5.32952, 6.87533, -3.00385],
						"2.0": [80.32952, 6.87533, -3.00385],
						"2.0833": [77.83, 6.88, -3],
						"2.25": [65.32952, 6.87533, -3.00385],
						"2.4167": [70.32952, 6.87533, -3.00385]
					},
					"position": [0, -0.05, 0]
				},
				"head": {
					"rotation": {
						"0.0": [-15.68404, 0, 0],
						"0.125": [-34.68628, 4.63148, -1.88604],
						"0.2917": [-8.18, 0, 0],
						"0.4167": [13.82, 0, 0],
						"0.6667": [-21.39, 0, 0],
						"0.7917": [-23.18, 0, 0],
						"1.625": [-26.45, 0, 0],
						"1.7917": [-47.18, 0, 0],
						"1.9583": [-34.68, 0, 0],
						"2.125": [0.32, 0, 0],
						"2.3333": [-4.68, 0, 0],
						"2.5": [0.32, 0, 0]
					},
					"position": [0, 0.0433, 0]
				},
				"eyelid_right": {
					"position": {
						"1.4583": [0, 0, 0],
						"1.5": [-0.1, 0, 0]
					}
				},
				"eyelid_left": {
					"position": {
						"1.4583": [0, 0, 0],
						"1.5": [0.1, 0, 0]
					}
				},
				"muzzle": {
					"rotation": {
						"0.0": [0, 0, 0],
						"0.2917": [0, 0, 0],
						"0.4167": [-2, 0, 0],
						"0.5833": [-8.86, 0, 0],
						"0.7083": [-10, 0, 0],
						"1.25": [-9.45, 0, 0],
						"1.375": [-8.44, 0, 0],
						"1.5417": [-5.96, 0, 0],
						"1.7083": [-5, 0, 0],
						"1.7917": [-3.75, 0, 0],
						"1.9167": [-1, 0, 0],
						"2.0417": [0, 0, 0]
					}
				},
				"jaw": {
					"rotation": {
						"0.0": [6.56031, 0, 0],
						"0.1667": [1.87, 0, 0],
						"0.2917": [0, 0, 0],
						"0.4167": [6.41, 0, 0],
						"0.625": [56.59, 0, 0],
						"0.7083": [64.06, 0, 0],
						"1.0833": [70.06, 0, 0],
						"1.4583": [68.06, 0, 0],
						"1.5417": [56.73, 0, 0],
						"1.7083": [18.06, 0, 0],
						"1.875": [0, 0, 0]
					}
				},
				"fire_mane_head": {
					"rotation": {
						"0.0": [-7.5, "0+math.sin(q.anim_time*90*4)*3", "0+math.sin(q.anim_time*90*10)*1"],
						"0.125": [0, "math.sin(q.anim_time*90*4)*3", "math.sin(q.anim_time*90*10)*1"],
						"0.2083": [-10.5, 2.9, -0.13],
						"0.2917": [-15, "0+math.sin(q.anim_time*90*4)*3", "0+math.sin(q.anim_time*90*10)*1"],
						"0.375": [-10.63, 2.6, -0.87],
						"0.4583": [2.5, "math.sin(q.anim_time*90*4)*3", "math.sin(q.anim_time*90*10)*1"],
						"0.5833": [11.64, "math.sin(q.anim_time*90*4)*3", "math.sin(q.anim_time*90*10)*1"],
						"0.75": [15, "math.sin(q.anim_time*90*4)*3", "math.sin(q.anim_time*90*10)*1"],
						"0.8333": [4.5, "math.sin(q.anim_time*90*4)*3", "math.sin(q.anim_time*90*10)*1"],
						"0.9167": [0, "math.sin(q.anim_time*90*4)*3", "math.sin(q.anim_time*90*10)*1"],
						"1.2083": [3.68, 0.78, -0.61],
						"1.5": [12.5, "0+math.sin(q.anim_time*90*4)*3", "0+math.sin(q.anim_time*90*10)*1"],
						"1.625": [20, "math.sin(q.anim_time*90*4)*3", "math.sin(q.anim_time*90*10)*1"],
						"1.75": [16.33, "math.sin(q.anim_time*90*4)*3", "math.sin(q.anim_time*90*10)*1"],
						"1.875": [10, "math.sin(q.anim_time*90*4)*3", "math.sin(q.anim_time*90*10)*1"],
						"1.9583": [7.5, "0+math.sin(q.anim_time*90*4)*3", "0+math.sin(q.anim_time*90*10)*1"],
						"2.125": [16, "math.sin(q.anim_time*90*4)*3", "math.sin(q.anim_time*90*10)*1"],
						"2.4167": [11.2, "0+math.sin(q.anim_time*90*4)*3", "0+math.sin(q.anim_time*90*10)*1"],
						"2.6667": [8.94231, 0.48899, 0.17109]
					}
				},
				"fire_mane_head_front": {
					"rotation": [0, 0, 0]
				},
				"fire_mane_head_flame_top": {
					"rotation": [0, 0, "math.sin(q.anim_time*90*10)*3"]
				},
				"fire_mane_head_flame_right": {
					"rotation": [0, 0, "math.sin(q.anim_time*90*10-5)*3"]
				},
				"fire_mane_head_flame_left": {
					"rotation": [0, 0, "math.sin(q.anim_time*90*10+6)*3"]
				},
				"fire_mane_head_flame_bottom": {
					"rotation": [0, 0, "math.sin(q.anim_time*90*10-4)*-3"]
				},
				"fire_mane_head2": {
					"rotation": {
						"0.0417": ["-15+math.sin(q.anim_time*90*2)*2", 0, "math.sin(q.anim_time*90*10-50)*0.8"],
						"0.0833": [-9.15, -1.66, 0.45],
						"0.1667": ["-5.0152+math.sin(q.anim_time*90*2)*2", -4.98779, "0.3497+math.sin(q.anim_time*90*10-50)*0.8"],
						"0.25": [-11.87, -3.4, 0.93],
						"0.3333": ["-17.5572+math.sin(q.anim_time*90*2)*2", -1.8114, "1.362+math.sin(q.anim_time*90*10-50)*0.8"],
						"0.375": [-13.96, 4.89, 0.2],
						"0.5": ["-2.5516+math.sin(q.anim_time*90*2)*2", 24.99898, "-0.233+math.sin(q.anim_time*90*10-50)*0.8"],
						"0.625": [2.46, 29.24, 1.11],
						"0.7917": ["3.1877+math.sin(q.anim_time*90*2)*2", 32.42323, "2.3653+math.sin(q.anim_time*90*10-50)*0.8"],
						"0.9583": ["-10.612+math.sin(q.anim_time*90*2)*2", 19.69975, "-3.5231+math.sin(q.anim_time*90*10-50)*0.8"],
						"1.0": [-14.53, 8.51, -1.52],
						"1.0833": [-22.37, -13.87, 7.25],
						"1.2083": [-24.52729, -22.9881, 9.5638],
						"1.3333": [-22.66, -17.03, 7.95],
						"1.5": ["-10.0689+math.sin(q.anim_time*90*2)*2", 1.71254, "-1.6728+math.sin(q.anim_time*90*10-50)*0.8"],
						"1.7083": ["-12.043+math.sin(q.anim_time*90*2)*2", 4.89786, "-1.0067+math.sin(q.anim_time*90*10-50)*0.8"],
						"1.9167": ["-2.5+math.sin(q.anim_time*90*2)*2", 0, "math.sin(q.anim_time*90*10-50)*0.8"],
						"2.0833": [0.45, 0, 0.34],
						"2.2083": ["math.sin(q.anim_time*90*2)*2", 0, "0+math.sin(q.anim_time*90*10-50)*0.8"],
						"2.375": ["-15+math.sin(q.anim_time*90*2)*2", 0, "0+math.sin(q.anim_time*90*10-50)*0.8"],
						"2.5417": [-17.12, 0, "0+math.sin(q.anim_time*90*10-50)*0.8"],
						"2.7917": ["-20+math.sin(q.anim_time*90*2)*2", 0, "0+math.sin(q.anim_time*90*10-50)*0.8"]
					}
				},
				"fire_mane_head_flame_top2": {
					"rotation": [0, 0, "math.sin(q.anim_time*90*10-20)*3"]
				},
				"fire_mane_head_flame_right2": {
					"rotation": [0, 0, "math.sin(q.anim_time*90*10-23)*3"]
				},
				"fire_mane_head_flame_left2": {
					"rotation": [0, 0, "math.sin(q.anim_time*90*10-8)*3"]
				},
				"fire_mane_head_flame_bottom2": {
					"rotation": [0, 0, "math.sin(q.anim_time*90*10-26)*3"]
				},
				"fire_mane_head_flame": {
					"rotation": {
						"0.0417": ["-5+math.sin(q.anim_time*90*2)*2", 0, "0+math.sin(q.anim_time*90*10-100)*1"],
						"0.125": ["-7.5+math.sin(q.anim_time*90*2)*2", 0, "math.sin(q.anim_time*90*10-100)*1"],
						"0.2917": ["-15+math.sin(q.anim_time*90*2)*2", 0, "math.sin(q.anim_time*90*10-100)*1"],
						"0.375": [-6.16, 3.46, 1.13],
						"0.5417": ["21.6196+math.sin(q.anim_time*90*2)*2", 20.78491, "8.8137+math.sin(q.anim_time*90*10-100)*1"],
						"0.875": ["33.739+math.sin(q.anim_time*90*2)*2", 25.44438, "16.4534+math.sin(q.anim_time*90*10-100)*1"],
						"0.9583": [28.48, 8.48, 9.36],
						"1.0": [25.71429, 0, "math.sin(q.anim_time*90*10-100)*1"],
						"1.1667": [3.27965, -17.45585, -2.03163],
						"1.375": ["7.6363+math.sin(q.anim_time*90*2)*2", -12.43825, "-1.2508+math.sin(q.anim_time*90*10-100)*1"],
						"1.5833": ["7.7928+math.sin(q.anim_time*90*2)*2", 14.58589, "3.1257+math.sin(q.anim_time*90*10-100)*1"],
						"1.875": ["-7.5+math.sin(q.anim_time*90*2)*2", 0, "0+math.sin(q.anim_time*90*10-100)*1"],
						"2.0417": ["-32.5+math.sin(q.anim_time*90*2)*2", 0, "math.sin(q.anim_time*90*10-100)*1"],
						"2.1667": [14.72, 0, 1],
						"2.25": ["25+math.sin(q.anim_time*90*2)*2", 0, "0+math.sin(q.anim_time*90*10-100)*1"],
						"2.3333": [19.59, 0, 0.3],
						"2.4583": ["-15+math.sin(q.anim_time*90*2)*2", 0, "math.sin(q.anim_time*90*10-100)*1"],
						"2.5833": [-10.5, 0, -0.17],
						"2.875": ["math.sin(q.anim_time*90*2)*2", 0, "0+math.sin(q.anim_time*90*10-100)*1"]
					}
				},
				"fire_mane_head_flame3": {
					"rotation": {
						"0.0417": ["20+math.sin(q.anim_time*90*2)*2", 0, "math.sin(q.anim_time*90*10-180)*2"],
						"0.125": ["15+math.sin(q.anim_time*90*2)*2", 0, "math.sin(q.anim_time*90*10-180)*2"],
						"0.2917": ["-20+math.sin(q.anim_time*90*2)*2", 0, "math.sin(q.anim_time*90*10-180)*2"],
						"0.5417": ["22.5825+math.sin(q.anim_time*90*2)*2", 4.54943, "2.0765+math.sin(q.anim_time*90*10-180)*2"],
						"0.7083": ["31.3056+math.sin(q.anim_time*90*2)*2", 7.93336, "10.8938+math.sin(q.anim_time*90*10-180)*2"],
						"1.0": ["38.819+math.sin(q.anim_time*90*2)*2", 13.80191, "10.8653+math.sin(q.anim_time*90*10-180)*2"],
						"1.1667": [-18.43, -19.87, 13.55],
						"1.25": ["-28.4224+math.sin(q.anim_time*90*2)*2", -26.60267, "14.4044+math.sin(q.anim_time*90*10-180)*2"],
						"1.3333": [-25.42, -25.47, 9.33],
						"1.4583": [-3.73, -20.04, -2.35],
						"1.5417": ["3.6975+math.sin(q.anim_time*90*2)*2", -18.68258, "-7.2696+math.sin(q.anim_time*90*10-180)*2"],
						"1.625": [-2.22, -9.84, -7.36],
						"1.7083": [-14.16322, 16.70634, -9.16892],
						"1.7917": ["-20.0738+math.sin(q.anim_time*90*2)*2", 4.66029, "-1.8136+math.sin(q.anim_time*90*10-180)*2"],
						"2.0417": [-30.43, 0.58, -2.16],
						"2.125": ["-32.5+math.sin(q.anim_time*90*2)*2", 0, "0+math.sin(q.anim_time*90*10-180)*2"],
						"2.2083": [-17.38, 0, "0+math.sin(q.anim_time*90*10-180)*2"],
						"2.2917": ["20+math.sin(q.anim_time*90*2)*2", 0, "0+math.sin(q.anim_time*90*10-180)*2"],
						"2.4167": [17.11, 0, "0+math.sin(q.anim_time*90*10-180)*2"],
						"2.625": ["-25+math.sin(q.anim_time*90*2)*2", 0, "0+math.sin(q.anim_time*90*10-180)*2"],
						"2.75": [-20.21, 0, "0+math.sin(q.anim_time*90*10-180)*2"],
						"2.9583": ["7.5+math.sin(q.anim_time*90*2)*2", 0, "0+math.sin(q.anim_time*90*10-180)*2"]
					}
				},
				"ear_right": {
					"rotation": {
						"0.0": [0, 0, -15.30154],
						"0.125": [-29.12, -6.03, -23.87],
						"0.2083": [-36.39727, -7.53716, -26.01299],
						"0.375": [23.07, -10.72, -32.72],
						"0.4167": [31.68888, -11.5186, -34.39742],
						"0.5417": [39.19, -11.52, -34.4],
						"0.6667": [36.68888, -11.5186, -34.39742],
						"0.7917": [-23.31, -11.52, -34.4],
						"0.875": [-38.31112, -11.5186, -34.39742],
						"1.0": [-29.05364, -7.49175, -27.82957],
						"1.25": [-18.41, -5.59, -24.4],
						"1.5": [-21.77134, -3.6903, -20.97263],
						"1.7083": [-34.27134, -3.6903, -20.97263],
						"1.8333": [-37.6, -3.69, -20.97],
						"1.9583": [-39.27134, -3.6903, -20.97263],
						"2.0417": [8.79, -6.95, -11.66],
						"2.125": [24.81425, -8.03909, -8.56143],
						"2.2083": [18.43, -8, -9.87],
						"2.2917": [4.05008, -7.95478, -11.17424],
						"2.375": [-4.95, -7.95, -11.17],
						"2.5": [-10.94992, -7.95478, -11.17424],
						"2.5833": [-3.45, -7.95, -11.17],
						"2.75": [4.05008, -7.95478, -11.17424]
					}
				},
				"ear_left": {
					"rotation": {
						"0.0": [0, 0, 15.30154],
						"0.125": [-29.12, 6.03, 23.87],
						"0.2083": [-36.39727, 7.53716, 26.01299],
						"0.375": [23.07, 10.72, 32.72],
						"0.4167": [31.68888, 11.5186, 34.39742],
						"0.5417": [39.19, 11.52, 34.4],
						"0.6667": [36.68888, 11.5186, 34.39742],
						"0.7917": [-23.31, 11.52, 34.4],
						"0.875": [-38.31112, 11.5186, 34.39742],
						"1.0": [-29.05364, 7.49175, 27.82957],
						"1.25": [-18.41, 5.59, 24.4],
						"1.5": [-21.77134, 3.6903, 20.97263],
						"1.7083": [-34.27134, 3.6903, 20.97263],
						"1.8333": [-37.6, 3.69, 20.97],
						"1.9583": [-39.27134, 3.6903, 20.97263],
						"2.0417": [8.79, 6.95, 11.66],
						"2.125": [24.81425, 8.03909, 8.56143],
						"2.2083": [18.43, 8, 9.87],
						"2.2917": [4.05008, 7.95478, 11.17424],
						"2.375": [-4.95, 7.95, 11.17],
						"2.5": [-10.94992, 7.95478, 11.17424],
						"2.5833": [-3.45, 7.95, 11.17],
						"2.75": [4.05008, 7.95478, 11.17424]
					}
				},
				"fire_mane": {
					"rotation": [0, "math.sin(q.anim_time*90*10)*3", 0],
					"position": {
						"0.0": [0, -1.4, 0],
						"0.25": [0, -2.5, 0]
					}
				},
				"tail": {
					"rotation": {
						"0.0": ["29.0753+math.sin(q.anim_time*90*10-40)*1", "-2.4629+math.sin(q.anim_time*90*10-40)*2", "8.2853+math.sin(q.anim_time*90*10-0)*-3"],
						"0.3333": ["19.0753+math.sin(q.anim_time*90*10-40)*1", "-2.4629+math.sin(q.anim_time*90*10-40)*2", "8.2853+math.sin(q.anim_time*90*10-0)*-3"],
						"0.4167": [31.69, "-2.4629+math.sin(q.anim_time*90*10-40)*2", "8.2853+math.sin(q.anim_time*90*10-0)*-3"],
						"0.5": ["69.0753+math.sin(q.anim_time*90*10-40)*1", "-2.4629+math.sin(q.anim_time*90*10-40)*2", "8.2853+math.sin(q.anim_time*90*10-0)*-3"],
						"0.5833": [62.93, "-2.4629+math.sin(q.anim_time*90*10-40)*2", "8.2853+math.sin(q.anim_time*90*10-0)*-3"],
						"0.7083": [28.05, "-2.4629+math.sin(q.anim_time*90*10-40)*2", "8.2853+math.sin(q.anim_time*90*10-0)*-3"],
						"0.7917": ["19.0753+math.sin(q.anim_time*90*10-40)*1", "-2.4629+math.sin(q.anim_time*90*10-40)*2", "8.2853+math.sin(q.anim_time*90*10-0)*-3"],
						"0.875": [22.9, "-2.4629+math.sin(q.anim_time*90*10-40)*2", "8.2853+math.sin(q.anim_time*90*10-0)*-3"],
						"1.0": ["33.0753+math.sin(q.anim_time*90*10-40)*1", "-2.4629+math.sin(q.anim_time*90*10-40)*2", "8.2853+math.sin(q.anim_time*90*10-0)*-3"],
						"1.125": [39.62, "-2.4629+math.sin(q.anim_time*90*10-40)*2", "8.2853+math.sin(q.anim_time*90*10-0)*-3"],
						"1.3333": [43.58, "-2.4629+math.sin(q.anim_time*90*10-40)*2", "8.2853+math.sin(q.anim_time*90*10-0)*-3"],
						"1.4583": [41.36, "-2.4629+math.sin(q.anim_time*90*10-40)*2", "8.2853+math.sin(q.anim_time*90*10-0)*-3"],
						"1.7083": [30.74115, "-2.4629+math.sin(q.anim_time*90*10-40)*2", "8.2853+math.sin(q.anim_time*90*10-0)*-3"],
						"1.8333": [23.74115, "-2.4629+math.sin(q.anim_time*90*10-40)*2", "8.2853+math.sin(q.anim_time*90*10-0)*-3"],
						"1.9583": [31.62, "-2.4629+math.sin(q.anim_time*90*10-40)*2", "8.2853+math.sin(q.anim_time*90*10-0)*-3"],
						"2.0417": [56.24115, "-2.4629+math.sin(q.anim_time*90*10-40)*2", "8.2853+math.sin(q.anim_time*90*10-0)*-3"],
						"2.1667": [63.02686, "-2.4629+math.sin(q.anim_time*90*10-40)*2", "8.2853+math.sin(q.anim_time*90*10-0)*-3"],
						"2.7083": [48.74115, "-2.4629+math.sin(q.anim_time*90*10-40)*2", "8.2853+math.sin(q.anim_time*90*10-0)*-3"]
					}
				},
				"leg_front_right": {
					"rotation": {
						"0.0": [-57.35736, 9.14595, 7.29546],
						"0.125": [-71.19958, 10.1025, 13.75685],
						"0.2917": [-15.23836, 11.72105, 7.06419],
						"0.4167": [14.76599, 7.44522, 3.26363],
						"0.5417": [6.55648, 7.77055, 12.95155],
						"0.7083": [-54.73117, 4.16319, 3.53106],
						"0.8333": [-120.73, 4.16, 3.53],
						"0.9167": [-137.23117, 4.16319, 3.53106],
						"1.0": [-122.65, 4.16, 3.53],
						"1.0833": [-78.9, 4.16, 3.53],
						"1.1667": [-67.23117, 4.16319, 3.53106],
						"1.25": [-78.23, 4.16, 3.53],
						"1.3333": [-120.23117, 4.16319, 3.53106],
						"1.5": [-131.61, 4.16, 3.53],
						"1.6667": [-137.23117, 4.16319, 3.53106],
						"1.7083": [-116.59, 5.16, 4.28],
						"1.7917": [-45.30689, 7.15284, 5.7897],
						"1.875": [-12.35736, 9.14595, 7.29546],
						"1.9583": [-32.52403, 9.14595, 7.29546],
						"2.0417": [-50.52403, 9.14595, 7.29546],
						"2.1667": [-42.52403, 9.14595, 7.29546]
					},
					"position": {
						"0.0": [0, -0.43927, 0],
						"0.125": [0, -0.15, 0],
						"0.2917": [0, -0.94, 0],
						"0.4167": [0, -0.11, 0.99],
						"0.5417": [0, 3.11, 1.65],
						"0.7083": [0, 8.56, 5.3],
						"0.9167": [0, 9.66, 5.58],
						"1.1667": [0, 9.26, 5.8],
						"1.5833": [0, 10.02, 6.83],
						"1.6667": [0, 7.01, 4.95],
						"1.875": [0, -0.43927, 0],
						"2.0": [0, -2.44, 0],
						"2.0833": [0, -2.04, 0],
						"2.1667": [0, -2.44, 0]
					}
				},
				"leg_front_right2": {
					"rotation": {
						"0.0": [72.5, 0, 0],
						"0.1667": [20.71, 0, 0],
						"0.2917": [0, 0, 0],
						"0.4167": [-2, 0, 0],
						"0.5": [5, 0, 0],
						"0.6667": [21.51, 0, 0],
						"0.7917": [56.33, 0, 0],
						"0.875": [65.03, 0, 0],
						"0.9583": [58.02, 0, 0],
						"1.0417": [6.67, 0, 0],
						"1.0833": [-5, 0, 0],
						"1.125": [3.38, 0, 0],
						"1.25": [52.5, 0, 0],
						"1.3333": [67.5, 0, 0],
						"1.375": [44.06, 0, 0],
						"1.4583": [24.17, 0, 0],
						"1.6667": [15.83, 0, 0],
						"1.875": [-5, 0, 0],
						"1.9167": [6.25, 0, 0],
						"1.9583": [2.5, 0, 0],
						"2.0": [2.5, 0, 0],
						"2.0833": [5, 0, 0],
						"2.1667": [2.5, 0, 0]
					},
					"position": {
						"0.0": [0, 0, 0],
						"1.6667": [0, 0, 0],
						"1.875": [0, 0.1, 0],
						"2.0": [0, 0, 0]
					}
				},
				"leg_front_right3": {
					"rotation": {
						"0.0": [10, 0, -1],
						"0.2917": [12.97729, 4.73476, -5.74049],
						"0.4167": [29.5841, 3.31433, -4.31834],
						"0.7083": [35, 0, -1],
						"0.9167": [32.5, 0, -1],
						"1.0": [18.74, 0, -1],
						"1.0833": [13.125, 0, -1],
						"1.2083": [26.09375, 0, -1],
						"1.4167": [30.76389, 0, -1],
						"1.5": [26.2, 0, -1],
						"1.5833": [12.5, 0, -1],
						"1.7083": [-0.17, 0, -1],
						"1.8333": [-5, 0, -1],
						"1.9583": [7.48291, 0.26097, -6.99435],
						"2.0417": [25.23, 0.26, -6.99],
						"2.125": [27.98291, 0.26097, -6.99435],
						"2.2083": [37.32, 0.26, -6.99],
						"2.2917": [39.98291, 0.26097, -6.99435]
					},
					"position": {
						"1.8333": [0, 0, 0],
						"1.9583": [-0.1, 0.3, 0]
					}
				},
				"leg_front_left": {
					"rotation": {
						"0.0": [0.92735, -12.37918, -8.69976],
						"0.2083": [-20.52831, -9.65924, -17.59621],
						"0.375": [-1.70928, -10.65501, -1.31195],
						"0.5": [8.96034, -11.50953, -11.65923],
						"0.5833": [-12.27, -9.06, -8.95],
						"0.625": [-54.73117, -4.16319, -3.53106],
						"0.75": [-120.73, -4.16, 2.12],
						"0.8333": [-137.23117, -4.16319, 3.5311],
						"0.9167": [-125.56, -4.16, 3.53],
						"1.0": [-82.81, -4.16, 3.53],
						"1.0833": [-67.23117, -4.16319, 3.5311],
						"1.1667": [-77.23, -4.16, 3.53],
						"1.2917": [-126.23, -4.16, 3.53],
						"1.375": [-137.23117, -4.16319, 3.5311],
						"1.4583": [-127.59, -4.16, 3.53],
						"1.6667": [-69.73117, -4.16319, 3.5311],
						"1.8333": [-9.07265, -12.37918, -8.69976],
						"1.9167": [17.18, -12.38, -8.7],
						"2.0": [25.92735, -12.37918, -8.69976],
						"2.0833": [8.09, -12.38, -8.7],
						"2.2083": [-10.57265, -12.37918, -8.69976],
						"2.4583": [0.92735, -12.37918, -8.69976]
					},
					"position": {
						"0.0": [0, -0.23927, 0],
						"0.25": [0, -2.14, 0],
						"0.375": [0, 0.11, 0.99],
						"0.5": [0, 3.11, 1.65],
						"0.625": [1, 7.56, 4.3],
						"0.8333": [1, 9.66, 5.58],
						"1.0833": [1, 9.26, 5.8],
						"1.375": [1, 9.66, 6.38],
						"1.5833": [1, 9.66, 6.38],
						"1.6667": [1, 6.01, 3.55],
						"1.8333": [0, -0.23927, 0],
						"1.875": [0, 0.04, 0],
						"2.0": [0, -2.34, 0],
						"2.125": [0, -3.94, 0],
						"2.25": [0, -3.94, 0]
					}
				},
				"leg_front_left2": {
					"rotation": {
						"0.0": [0.21614, 0, 0],
						"0.1667": [22.89, -4.15, 7.24],
						"0.25": [28.62165, -4.98093, 8.6822],
						"0.375": [0, 0, 0],
						"0.5": [10, 0, 0],
						"0.5833": [62.67, 0, 0],
						"0.625": [72.5, 0, 0],
						"0.7917": [65.03, 0, 0],
						"0.9167": [9.01, 0, 0],
						"1.0": [-5, 0, 0],
						"1.0833": [7.5, 0, 0],
						"1.2083": [52.5, 0, 0],
						"1.2917": [67.5, 0, 0],
						"1.375": [24.17, 0, 0],
						"1.625": [-1.66, 0, 0],
						"1.7083": [1.67, 0, 0],
						"1.75": [-5, 0, 0],
						"1.8333": [0, 0, 0],
						"1.875": [8, 0, 0],
						"1.9583": [46.5, 0, 0],
						"2.0": [65.5, 0, 0],
						"2.125": [77, 0, 0],
						"2.2917": [73.5, 0, 0],
						"2.5": [71.5, 0, 0]
					},
					"position": [0, 0, 0]
				},
				"leg_front_left3": {
					"rotation": {
						"0.0": [-0.17811, 0.29694, 7.99999],
						"0.25": [-9.72762, -4.64265, 8.24723],
						"0.375": [21.65778, 0.73346, -0.23312],
						"0.4583": [42.28068, -1.82259, 9.6133],
						"0.625": [35, 0, 1],
						"0.8333": [32.5, 0, 1],
						"0.9583": [13.125, 0, 1],
						"1.0833": [31.09375, 0, 1],
						"1.25": [30.76389, 0, 1],
						"1.6667": [35, 0, 1],
						"1.75": [6.66667, 0, 1],
						"1.8333": [7.5, 0, 1],
						"2.0417": [27.5, 0, 1]
					}
				},
				"leg_back_right": {
					"rotation": {
						"0.0": [2.0605, 7.95276, 2.87088],
						"0.2917": [2.0605, 7.95276, 2.87088],
						"0.375": [0.09, 7.95, 2.87],
						"0.625": [-13.69, 7.95, 2.87],
						"0.7083": [-17.9395, 7.95276, 2.87088],
						"1.5833": [-17.9395, 7.95276, 2.87088],
						"1.7083": [-12.26, 7.95, 2.87],
						"2.0417": [4.0605, 7.95276, 2.87088],
						"2.1667": [7.0605, 7.95276, 2.87088]
					},
					"position": {
						"0.0": [0, -0.11546, 0.01732],
						"0.2917": [0, -0.11546, 0.01732],
						"0.7083": [0, -0.01546, 2.21732],
						"1.5833": [0, -0.01546, 2.21732],
						"1.7917": [-0.06, -0.09, 1.35],
						"1.9583": [-0.11, 1.11, 0.65],
						"2.0417": [0, 0.28454, 0.01732],
						"2.125": [0, 0.48, 0.02],
						"2.2917": [0, 0.08, 0.02]
					}
				},
				"leg_back_right2": {
					"rotation": {
						"0.0": [-4.5, 0, 0],
						"0.2917": [-4.5, 0, 0],
						"0.375": [-3.4, 0, 0],
						"0.625": [5.26, 0, 0],
						"0.7083": [9, 0, 0],
						"1.5833": [9, 0, 0],
						"1.8333": [2.88, 0, 0],
						"1.9583": [-5.55, 0, 0],
						"2.0417": [-19.5, 0, 0],
						"2.1667": [-12.6, 0, 0],
						"2.2917": [-14.5, 0, 0]
					},
					"position": {
						"0.0": [0, -0.05446, 0],
						"0.2917": [0, -0.05446, 0],
						"0.7083": [0, 0.14554, 0],
						"1.5833": [0, 0.14554, 0],
						"2.0417": [0, -0.05446, 0],
						"2.1667": [0, 0.65, 0]
					}
				},
				"leg_back_right_fire": {
					"rotation": ["math.sin(q.anim_time*90*10+40)*1", "math.sin(q.anim_time*90*10+40)*-3", 0]
				},
				"leg_back_right3": {
					"rotation": {
						"0.0": [2.08645, 0, -2],
						"0.2917": [2.24522, 0.0186, -3.03285],
						"0.7083": [6.58474, 0.20084, -2.97963],
						"1.5833": [6.58474, 0.20084, -2.97963],
						"1.875": [2.08645, 0, -2],
						"2.125": [7.08645, 0, -2]
					}
				},
				"leg_back_left": {
					"rotation": {
						"0.0": [2.0605, -7.95276, -2.87088],
						"0.2917": [2.0605, -7.95276, -2.87088],
						"0.375": [0.09, -7.95, -2.87],
						"0.625": [-13.69, -7.95, -2.87],
						"0.7083": [-17.9395, -7.95276, -2.87088],
						"1.5833": [-17.9395, -7.95276, -2.87088],
						"1.7083": [-12.26, -7.95, -2.87],
						"2.0417": [4.0605, -7.95276, -2.87088],
						"2.1667": [7.0605, -7.95276, -2.87088]
					},
					"position": {
						"0.0": [0, -0.11546, 0.01732],
						"0.2917": [0, -0.11546, 0.01732],
						"0.7083": [0, -0.01546, 2.21732],
						"1.5833": [0, -0.01546, 2.21732],
						"1.7917": [-0.06, -0.09, 1.35],
						"1.9583": [-0.11, 1.11, 0.65],
						"2.0417": [0, 0.28454, 0.01732],
						"2.125": [0, 0.48, 0.02],
						"2.2917": [0, 0.08, 0.02]
					}
				},
				"leg_back_left2": {
					"rotation": {
						"0.0": [-4.5, 0, 0],
						"0.2917": [-4.5, 0, 0],
						"0.375": [-3.4, 0, 0],
						"0.625": [5.26, 0, 0],
						"0.7083": [9, 0, 0],
						"1.5833": [9, 0, 0],
						"1.8333": [2.88, 0, 0],
						"1.9583": [-5.55, 0, 0],
						"2.0417": [-19.5, 0, 0],
						"2.1667": [-12.6, 0, 0],
						"2.2917": [-14.5, 0, 0]
					},
					"position": {
						"0.0": [0, -0.05446, 0],
						"0.2917": [0, -0.05446, 0],
						"0.7083": [0, 0.14554, 0],
						"1.5833": [0, 0.14554, 0],
						"2.0417": [0, -0.05446, 0],
						"2.1667": [0, 0.65, 0]
					}
				},
				"leg_back_left_fire": {
					"rotation": ["math.sin(q.anim_time*90*10-10)*1", "math.sin(q.anim_time*90*10-10)*3", 0]
				},
				"leg_back_left3": {
					"rotation": {
						"0.0": [2.08645, 0, 2],
						"0.2917": [2.24522, -0.0186, 3.03285],
						"0.7083": [6.58474, -0.20084, 2.97963],
						"1.6667": [6.58474, -0.20084, 2.97963],
						"1.9583": [2.08645, 0, 2],
						"2.0417": [14.58645, 0, 2],
						"2.125": [7.08645, 0, 2]
					}
				}
			}
		}
	}
}