{
	"format_version": "1.8.0",
	"animations": {
		"animation.kita.idle": {
			"loop": true,
			"bones": {
				"bocchi": {
					"position": [0, "0+math.sin(q.anim_time*90*2)*0.1", 0]
				},
				"right_leg4": {
					"rotation": ["0+math.sin(q.anim_time*90*2)*-2", 0, 0]
				},
				"right_leg2": {
					"rotation": ["0+math.sin(q.anim_time*90*2)*-2", 0, 0]
				},
				"right_leg": {
					"rotation": ["0+math.sin(q.anim_time*90*2)*2", 0, 0]
				},
				"left_leg4": {
					"rotation": ["0+math.sin(q.anim_time*90*2)*2", 0, 0]
				},
				"right_leg7": {
					"rotation": [0, 0, "0+math.sin(q.anim_time*90*2)*2"]
				},
				"left_leg7": {
					"rotation": [0, 0, "0+math.sin(q.anim_time*90*2)*2"]
				},
				"right_leg6": {
					"rotation": [0, 0, "0+math.sin(q.anim_time*90*2)*-2"]
				},
				"right_leg3": {
					"rotation": [0, 0, "0+math.sin(q.anim_time*90*2)*-2"]
				},
				"eye2": {
					"scale": [0.6, 0.6, 1]
				},
				"eye1": {
					"position": [0.1, 0, 0],
					"scale": [0.6, 0.6, 1]
				}
			}
		},
		"animation.kita.walk": {
			"loop": true,
			"bones": {
				"tentacles": {
					"rotation": [0, 0, 0]
				},
				"right_leg4": {
					"rotation": ["0+math.sin(q.anim_time*90*7)*-15", 0, 0]
				},
				"right_leg2": {
					"rotation": ["0+math.sin(135+q.anim_time*90*7)*-15", 0, 0]
				},
				"right_leg": {
					"rotation": ["0+math.sin(q.anim_time*90*7)*15", 0, 0]
				},
				"left_leg4": {
					"rotation": ["0+math.sin(135+q.anim_time*90*7)*15 ", 0, 0]
				},
				"right_leg7": {
					"rotation": [0, 0, "0+math.sin(90+q.anim_time*90*7)*15"]
				},
				"left_leg7": {
					"rotation": [0, 0, "0+math.sin(45+q.anim_time*90*7)*15"]
				},
				"right_leg6": {
					"rotation": [0, 0, "0+math.sin(90+q.anim_time*90*7)*-15"]
				},
				"right_leg3": {
					"rotation": [0, 0, "0+math.sin(45+q.anim_time*90*7)*-15"]
				},
				"eye2": {
					"scale": [0.6, 0.6, 1]
				},
				"eye1": {
					"position": [0.1, 0, 0],
					"scale": [0.6, 0.6, 1]
				}
			}
		}
	}
}