{
	"format_version": "1.8.0",
	"animations": {
		"animation.pochita.walk": {
			"loop": true,
			"animation_length": 0.75,
			"bones": {
				"body": {
					"rotation": {
						"0.0": {
							"post": [0, 0, 0],
							"lerp_mode": "catmullrom"
						},
						"0.25": {
							"post": [-10, 0, 0],
							"lerp_mode": "catmullrom"
						},
						"0.5": {
							"post": [12.5, 0, 0],
							"lerp_mode": "catmullrom"
						},
						"0.75": {
							"post": [0, 0, 0],
							"lerp_mode": "catmullrom"
						}
					},
					"position": {
						"0.0": {
							"post": [0, 0, 0],
							"lerp_mode": "catmullrom"
						},
						"0.25": {
							"post": [0, 1, -1.1],
							"lerp_mode": "catmullrom"
						},
						"0.75": {
							"post": [0, 0, 0],
							"lerp_mode": "catmullrom"
						}
					}
				},
				"leg1": {
					"rotation": {
						"0.0": {
							"post": [0, 0, 0],
							"lerp_mode": "catmullrom"
						},
						"0.25": {
							"post": [-27.5, 0, 0],
							"lerp_mode": "catmullrom"
						},
						"0.5": {
							"post": [-12.5, 0, 0],
							"lerp_mode": "catmullrom"
						},
						"0.75": {
							"post": [0, 0, 0],
							"lerp_mode": "catmullrom"
						}
					}
				},
				"leg2": {
					"rotation": {
						"0.0": {
							"post": [0, 0, 0],
							"lerp_mode": "catmullrom"
						},
						"0.25": {
							"post": [10, 0, 0],
							"lerp_mode": "catmullrom"
						},
						"0.5": {
							"post": [17.5, 0, 0],
							"lerp_mode": "catmullrom"
						},
						"0.75": {
							"post": [0, 0, 0],
							"lerp_mode": "catmullrom"
						}
					}
				},
				"leg3": {
					"rotation": {
						"0.0": {
							"post": [0, 0, 0],
							"lerp_mode": "catmullrom"
						},
						"0.25": {
							"post": [10, 0, 0],
							"lerp_mode": "catmullrom"
						},
						"0.5": {
							"post": [15, 0, 0],
							"lerp_mode": "catmullrom"
						},
						"0.75": {
							"post": [0, 0, 0],
							"lerp_mode": "catmullrom"
						}
					}
				},
				"leg4": {
					"rotation": {
						"0.0": {
							"post": [0, 0, 0],
							"lerp_mode": "catmullrom"
						},
						"0.25": {
							"post": [-27.5, 0, 0],
							"lerp_mode": "catmullrom"
						},
						"0.5": {
							"post": [-12.5, 0, 0],
							"lerp_mode": "catmullrom"
						},
						"0.75": {
							"post": [0, 0, 0],
							"lerp_mode": "catmullrom"
						}
					}
				},
				"tail": {
					"rotation": {
						"0.0": [-50, 0, 0],
						"0.25": [-50, 0, 0],
						"0.5": [-22.5, 0, 0],
						"0.75": [-50, 0, 0]
					}
				},
				"tail2": {
					"rotation": {
						"0.0": [-55, 0, 0],
						"0.25": [-55, 0, 0],
						"0.5": [-40, 0, 0],
						"0.75": [-55, 0, 0]
					}
				},
				"blades2": {
					"scale": [1, 0, 1]
				}
			}
		},
		"animation.pochita.fight": {
			"loop": true,
			"animation_length": 0.25,
			"bones": {
				"body": {
					"rotation": [10, 0, 0],
					"position": [0, -0.8, 0]
				},
				"leg1": {
					"rotation": [-10, 0, 0],
					"position": [0, 1.6, 0]
				},
				"leg2": {
					"rotation": [-10, 0, 0],
					"position": [0, -0.3, -0.1]
				},
				"leg3": {
					"rotation": [-10, 0, 0],
					"position": [0, -0.3, -0.1]
				},
				"leg4": {
					"rotation": [-10, 0, 0],
					"position": [0, 1.6, 0]
				},
				"blades1": {
					"scale": {
						"0.0": [1, 1, 1],
						"0.125": {
							"pre": [1, 1, 1],
							"post": [1, 0, 1]
						}
					}
				},
				"blades2": {
					"scale": {
						"0.0": [1, 0, 1],
						"0.125": {
							"pre": [1, 0, 1],
							"post": [1, 1, 1]
						}
					}
				},
				"eyelid1fight": {
					"position": [-1, 0, 0]
				},
				"eyelid2fight": {
					"position": [1, 0, 0]
				}
			}
		},
		"animation.pochita.blink": {
			"animation_length": 0.375,
			"bones": {
				"eyelid1blink": {
					"position": {
						"0.0": [0, 0, 0],
						"0.125": [-1, 0, 0],
						"0.25": [-1, 0, 0],
						"0.375": [0, 0, 0]
					}
				},
				"eyelid2blink": {
					"position": {
						"0.0": [0, 0, 0],
						"0.125": [1, 0, 0],
						"0.25": [1, 0, 0],
						"0.375": [0, 0, 0]
					}
				}
			}
		},
		"animation.pochita.ground_idle": {
			"loop": true,
			"bones": {
				"body": {
					"position": [0, "-1.1+math.sin(q.anim_time*5*15)", 0]
				},
				"leg1": {
					"position": [0, "1+math.sin(q.anim_time*5*-15) ", 0]
				},
				"leg2": {
					"position": [0, "1+math.sin(q.anim_time*5*-15) ", 0]
				},
				"leg3": {
					"position": [0, "1+math.sin(q.anim_time*5*-15) ", 0]
				},
				"leg4": {
					"position": [0, "1+math.sin(q.anim_time*5*-15) ", 0]
				},
				"blades2": {
					"scale": [1, 0, 1]
				}
			}
		},
		"animation.pochita.sleep": {
			"loop": true,
			"animation_length": 2,
			"bones": {
				"body": {
					"position": {
						"0.0": {
							"post": [0, -3, 0],
							"lerp_mode": "catmullrom"
						}
					}
				},
				"eyelid1blink": {
					"position": {
						"0.0": {
							"post": [-1, 0, 0],
							"lerp_mode": "catmullrom"
						}
					}
				},
				"eyelid2blink": {
					"position": {
						"0.0": {
							"post": [1, 0, 0],
							"lerp_mode": "catmullrom"
						}
					}
				},
				"leg1": {
					"rotation": {
						"0.0": {
							"post": [-17.42432, -1.65157, -90.2469],
							"lerp_mode": "catmullrom"
						}
					},
					"position": {
						"0.0": {
							"post": [1, 1, 0],
							"lerp_mode": "catmullrom"
						}
					}
				},
				"leg2": {
					"rotation": {
						"0.0": {
							"post": [17.5, 0, 90],
							"lerp_mode": "catmullrom"
						}
					},
					"position": {
						"0.0": {
							"post": [-1, 1, 0],
							"lerp_mode": "catmullrom"
						}
					}
				},
				"leg3": {
					"rotation": {
						"0.0": {
							"post": [17.5, 0, -90],
							"lerp_mode": "catmullrom"
						}
					},
					"position": {
						"0.0": {
							"post": [1, 1, 0],
							"lerp_mode": "catmullrom"
						}
					}
				},
				"leg4": {
					"rotation": {
						"0.0": {
							"post": [-17.5, 0, 90],
							"lerp_mode": "catmullrom"
						}
					},
					"position": {
						"0.0": {
							"post": [-1, 1, 0],
							"lerp_mode": "catmullrom"
						}
					}
				},
				"blades2": {
					"scale": {
						"0.0": {
							"post": [1, 0, 1],
							"lerp_mode": "catmullrom"
						}
					}
				},
				"tail": {
					"rotation": [-50, 0, 0]
				},
				"tail2": {
					"rotation": [-72.5, 0, 0]
				},
				"torso": {
					"scale": {
						"0.0": {
							"post": [1, 1, 1],
							"lerp_mode": "catmullrom"
						},
						"1.0": {
							"post": [1, 1.05, 1],
							"lerp_mode": "catmullrom"
						},
						"2.0": {
							"post": [1, 1, 1],
							"lerp_mode": "catmullrom"
						}
					}
				}
			}
		}
	}
}