{
	"format_version": "1.8.0",
	"animations": {
		"animation.manectric.ground_idle": {
			"loop": true,
			"bones": {
				"legrightfront": {
					"rotation": [0, -40, 0],
					"position": [-2, 0, -5]
				},
				"legleftfront": {
					"rotation": [0, 25, 0],
					"position": [2, 0, -3]
				}
			}
		},
		"animation.manectric.cry": {
			"animation_length": 1.5,
			"bones": {
				"bone4": {
					"position": [0, 0, 0]
				},
				"bone6": {
					"rotation": [0, 0, 0]
				},
				"down": {
					"rotation": {
						"0.0": [0, 0, 0],
						"0.25": [25, 0, 0],
						"1.25": [25, 0, 0],
						"1.5": [0, 0, 0]
					}
				}
			}
		},
		"animation.manectric.blink": {
			"animation_length": 0.125,
			"bones": {
				"righteye": {
					"position": {
						"0.0": [0, 0, 0],
						"0.125": [-1, 0, 0]
					}
				},
				"lefteye": {
					"position": {
						"0.0": [0, 0, 0],
						"0.125": [1, 0, 0]
					}
				}
			}
		},
		"animation.manectric.ground_walk": {
			"loop": true,
			"animation_length": 0.8,
			"bones": {
				"head": {
					"rotation": {
						"0.0": [0, 0, 0],
						"0.4": [20, 0, 0],
						"0.8": [0, 0, 0]
					},
					"position": {
						"0.0": [0, 0, 0],
						"0.4": [0, -1, -2],
						"0.8": [0, 0, 0]
					}
				},
				"legrightfront": {
					"rotation": {
						"0.0": [0, 0, 0],
						"0.2": [-20, 0, 0],
						"0.4": [0, 0, 0],
						"0.6": [20, 0, 0],
						"0.8": [0, 0, 0]
					},
					"position": {
						"0.0": [0, 0, 0],
						"0.2": [0, -1, -5],
						"0.4": [0, 0, 0],
						"0.6": [0, 1, 5],
						"0.8": [0, 0, 0]
					}
				},
				"legrightbehind": {
					"rotation": {
						"0.0": [0, 0, 0],
						"0.2": [20, 0, 0],
						"0.4": [0, 0, 0],
						"0.6": [-20, 0, 0],
						"0.8": [0, 0, 0]
					},
					"position": {
						"0.0": [0, 0, 0],
						"0.2": [0, -1, 5],
						"0.4": [0, 0, 0],
						"0.6": [0, 1, -5],
						"0.8": [0, 0, 0]
					}
				},
				"legleftfront": {
					"rotation": {
						"0.0": [0, 0, 0],
						"0.2": [20, 0, 0],
						"0.4": [0, 0, 0],
						"0.6": [-20, 0, 0],
						"0.8": [0, 0, 0]
					},
					"position": {
						"0.0": [0, 0, 0],
						"0.2": [0, 1, 4],
						"0.4": [0, 0, 0],
						"0.6": [0, -1, -4],
						"0.8": [0, 0, 0]
					}
				},
				"legleftbehind": {
					"rotation": {
						"0.0": [0, 0, 0],
						"0.2": [-20, 0, 0],
						"0.4": [0, 0, 0],
						"0.6": [20, 0, 0],
						"0.8": [0, 0, 0]
					},
					"position": {
						"0.0": [0, 0, 0],
						"0.2": [0, 4, -1],
						"0.4": [0, 0, 0],
						"0.6": [0, -4, 1],
						"0.8": [0, 0, 0]
					}
				}
			}
		}
	}
}