{
    "enabled": true,
    "neededInstalledMods": [],
    "neededUninstalledMods": [],
    "spawns": [
        {
            "id": "medicham-1",
            "pokemon": "medicham",
            "presets": [
                "natural"
            ],
            "type": "pokemon",
            "context": "grounded",
            "bucket": "common",
            "level": "38-46",
            "weight": 0.1,
            "condition": {
                "biomes": [
                    "#cobblemon:is_mountain"
                ]
            }
        }
    ]
}