{
	"format_version": "1.12.0",
	"minecraft:geometry": [
		{
			"description": {
				"identifier": "geometry.hiveon",
				"texture_width": 128,
				"texture_height": 128,
				"visible_bounds_width": 4,
				"visible_bounds_height": 3.5,
				"visible_bounds_offset": [0, 1.25, 0]
			},
			"bones": [
				{
					"name": "hiveon",
					"pivot": [0, 0, 0]
				},
				{
					"name": "body",
					"parent": "hiveon",
					"pivot": [0, 9.75, 0]
				},
				{
					"name": "torso",
					"parent": "body",
					"pivot": [0, 9.75, 0],
					"cubes": [
						{"origin": [-3.5, 6.75, -7], "size": [7, 6, 14], "uv": [0, 0]}
					]
				},
				{
					"name": "wing_left",
					"parent": "torso",
					"pivot": [-1.5, 12.75, -1],
					"cubes": [
						{"origin": [-1.5, 12.75, -3], "size": [0, 8, 4], "uv": [12, 45]}
					]
				},
				{
					"name": "wing_right",
					"parent": "torso",
					"pivot": [1.5, 12.75, -1],
					"cubes": [
						{"origin": [1.5, 12.75, -3], "size": [0, 8, 4], "uv": [20, 45]}
					]
				},
				{
					"name": "head",
					"parent": "torso",
					"pivot": [0, 12.25, -6],
					"cubes": [
						{"origin": [-3.5, 10.75, -12], "size": [7, 7, 7], "inflate": 0.01, "uv": [0, 20]},
						{"origin": [-2.5, 10.75, -13], "size": [5, 2, 1], "uv": [56, 49]},
						{"origin": [-0.5, 11.75, -13.01], "size": [1, 1, 0], "uv": [46, 19]}
					]
				},
				{
					"name": "antennea_right",
					"parent": "head",
					"pivot": [-2.5, 17.75, -9],
					"rotation": [22.5, 0, 0],
					"cubes": [
						{"origin": [-2.5, 17.75, -10], "size": [0, 4, 1], "uv": [40, 45]},
						{"origin": [-2.5, 20.75, -13], "size": [0, 1, 3], "uv": [38, 60]}
					]
				},
				{
					"name": "antennea_left",
					"parent": "head",
					"pivot": [2.5, 17.75, -9],
					"rotation": [22.5, 0, 0],
					"cubes": [
						{"origin": [2.5, 17.75, -10], "size": [0, 4, 1], "uv": [42, 45]},
						{"origin": [2.5, 20.75, -13], "size": [0, 1, 3], "uv": [44, 60]}
					]
				},
				{
					"name": "mouth",
					"parent": "head",
					"pivot": [0, 11.26, -12.415],
					"cubes": [
						{"origin": [-1, 10.76, -12.415], "size": [2, 1, 0], "uv": [42, 19]}
					]
				},
				{
					"name": "eyes",
					"parent": "head",
					"pivot": [0, 13.75, -12]
				},
				{
					"name": "eye_right",
					"parent": "eyes",
					"pivot": [-2.515, 14, -11.015],
					"cubes": [
						{"origin": [-3.515, 13, -12.015], "size": [2, 3, 3], "uv": [58, 32]},
						{"origin": [-3.015, 13, -12.02], "size": [1, 2, 0], "uv": [42, 50]}
					]
				},
				{
					"name": "eyelid_right",
					"parent": "eye_right",
					"pivot": [-2.415, 14, -10.915],
					"cubes": [
						{"origin": [-3.415, 13, -11.915], "size": [2, 2, 2], "inflate": 0.01, "uv": [60, 0]}
					]
				},
				{
					"name": "eye_left",
					"parent": "eyes",
					"pivot": [2.515, 14, -11.015],
					"cubes": [
						{"origin": [1.515, 13, -12.015], "size": [2, 3, 3], "uv": [10, 57]},
						{"origin": [2.015, 13, -12.02], "size": [1, 2, 0], "uv": [40, 50]}
					]
				},
				{
					"name": "eyelid_left",
					"parent": "eye_left",
					"pivot": [2.415, 14, -10.915],
					"cubes": [
						{"origin": [1.415, 13, -11.915], "size": [2, 2, 2], "inflate": 0.01, "uv": [30, 59]}
					]
				},
				{
					"name": "ear_left",
					"parent": "head",
					"pivot": [3, 16.25, -7],
					"rotation": [-20, -70, 30],
					"cubes": [
						{"origin": [1, 16.25, -7], "size": [5, 5, 0], "uv": [58, 38]}
					]
				},
				{
					"name": "ear_left2",
					"parent": "ear_left",
					"pivot": [3.5, 21.25, -7],
					"cubes": [
						{"origin": [1, 21.25, -7], "size": [5, 8, 0], "uv": [0, 54]}
					]
				},
				{
					"name": "ear_right",
					"parent": "head",
					"pivot": [-3, 16.25, -8],
					"rotation": [-20, 70, -30],
					"cubes": [
						{"origin": [-6, 16.25, -8], "size": [5, 5, 0], "uv": [20, 59]}
					]
				},
				{
					"name": "ear_right2",
					"parent": "ear_right",
					"pivot": [-3.5, 21.25, -8],
					"cubes": [
						{"origin": [-6, 21.25, -8], "size": [5, 8, 0], "uv": [56, 9]}
					]
				},
				{
					"name": "tail",
					"parent": "torso",
					"pivot": [0, 12.25, 7],
					"cubes": [
						{"origin": [-2.5, 9.75, 5], "size": [5, 5, 4], "uv": [42, 0]}
					]
				},
				{
					"name": "tail2",
					"parent": "tail",
					"pivot": [0, 12.25, 8],
					"cubes": [
						{"origin": [-3.5, 8.75, 8], "size": [7, 7, 4], "uv": [0, 34]}
					]
				},
				{
					"name": "tail3",
					"parent": "tail2",
					"pivot": [-1, 12.25, 12.5],
					"cubes": [
						{"origin": [-4, 8.25, 11], "size": [8, 8, 6], "uv": [28, 20]}
					]
				},
				{
					"name": "tail4",
					"parent": "tail3",
					"pivot": [0, 12.25, 17],
					"cubes": [
						{"origin": [-3.5, 8.75, 16], "size": [7, 7, 4], "uv": [22, 34]},
						{"origin": [-1.5, 10.75, 20], "size": [3, 3, 1], "uv": [60, 4]}
					]
				},
				{
					"name": "leg_front_left",
					"parent": "torso",
					"pivot": [2.5, 9, -4.5],
					"rotation": [7.5, 0, 0],
					"cubes": [
						{"origin": [1, 4.5, -6], "size": [3, 6, 3], "inflate": 0.01, "uv": [0, 45]}
					]
				},
				{
					"name": "leg_front_left2",
					"parent": "leg_front_left",
					"pivot": [2.5, 4.5, -3],
					"rotation": [-22.5, 0, 0],
					"cubes": [
						{"origin": [1, 0.5, -6], "size": [3, 4, 3], "uv": [28, 52]}
					]
				},
				{
					"name": "leg_front_left3",
					"parent": "leg_front_left2",
					"pivot": [2.5, 1, -4.5],
					"rotation": [15, 0, 0],
					"cubes": [
						{"origin": [1, -0.75, -6.25], "size": [3, 2, 3], "inflate": 0.01, "uv": [56, 22]}
					]
				},
				{
					"name": "leg_front_right",
					"parent": "torso",
					"pivot": [-2.5, 9, -4.5],
					"rotation": [7.5, 0, 0],
					"cubes": [
						{"origin": [-4, 4.5, -6], "size": [3, 6, 3], "inflate": 0.01, "uv": [44, 44]}
					]
				},
				{
					"name": "leg_front_right2",
					"parent": "leg_front_right",
					"pivot": [-2.5, 4.5, -3],
					"rotation": [-22.5, 0, 0],
					"cubes": [
						{"origin": [-4, 0.5, -6], "size": [3, 4, 3], "uv": [28, 45]}
					]
				},
				{
					"name": "leg_front_right3",
					"parent": "leg_front_right2",
					"pivot": [-2.5, 1, -4.5],
					"rotation": [15, 0, 0],
					"cubes": [
						{"origin": [-4, -0.75, -6.25], "size": [3, 2, 3], "inflate": 0.01, "uv": [56, 17]}
					]
				},
				{
					"name": "leg_back_left",
					"parent": "torso",
					"pivot": [2.5, 9, 4.75],
					"rotation": [5, 0, 0],
					"cubes": [
						{"origin": [1, 4.5, 2.75], "size": [3, 6, 4], "inflate": 0.01, "uv": [44, 34]}
					]
				},
				{
					"name": "leg_back_left2",
					"parent": "leg_back_left",
					"pivot": [2.5, 4.5, 6.25],
					"rotation": [-12.5, 0, 0],
					"cubes": [
						{"origin": [1, 0.75, 4.25], "size": [3, 4, 3], "uv": [52, 53]}
					]
				},
				{
					"name": "leg_back_left3",
					"parent": "leg_back_left2",
					"pivot": [2.5, 1.25, 5.75],
					"rotation": [7.5, 0, 0],
					"cubes": [
						{"origin": [1, -0.25, 4], "size": [3, 2, 3], "inflate": 0.01, "uv": [56, 44]}
					]
				},
				{
					"name": "leg_back_right",
					"parent": "torso",
					"pivot": [-2.5, 9, 4.75],
					"rotation": [5, 0, 0],
					"cubes": [
						{"origin": [-4, 4.5, 2.75], "size": [3, 6, 4], "inflate": 0.01, "uv": [42, 9]}
					]
				},
				{
					"name": "leg_back_right2",
					"parent": "leg_back_right",
					"pivot": [-2.5, 4.5, 6.25],
					"rotation": [-12.5, 0, 0],
					"cubes": [
						{"origin": [-4, 0.75, 4.25], "size": [3, 4, 3], "uv": [40, 53]}
					]
				},
				{
					"name": "leg_back_right3",
					"parent": "leg_back_right2",
					"pivot": [-2.5, 1.25, 5.75],
					"rotation": [7.5, 0, 0],
					"cubes": [
						{"origin": [-4, -0.25, 4], "size": [3, 2, 3], "inflate": 0.01, "uv": [56, 27]}
					]
				}
			]
		}
	]
}