{
	"parent": "minecraft:recipes/root",
	"criteria": {
		"has_block": {
			"trigger": "minecraft:inventory_changed",
			"conditions": {
				"items": [
					{
						"items": "#universal_dyeing:glazed_terracotta"
					}
				]
			}
		},
		"has_dye": {
			"trigger": "minecraft:inventory_changed",
			"conditions": {
				"items": [
					{
						"items": "#universal_dyeing:dyes"
					}
				]
			}
		}
	},
	"requirements": [
		[
			"has_block"
		],
		[
			"has_dye"
		]
	],
	"rewards": {
		"recipes": [
			"white_glazed_terracotta",
			"orange_glazed_terracotta",
			"magenta_glazed_terracotta",
			"light_blue_glazed_terracotta",
			"yellow_glazed_terracotta",
			"lime_glazed_terracotta",
			"pink_glazed_terracotta",
			"gray_glazed_terracotta",
			"light_gray_glazed_terracotta",
			"cyan_glazed_terracotta",
			"purple_glazed_terracotta",
			"blue_glazed_terracotta",
			"brown_glazed_terracotta",
			"green_glazed_terracotta",
			"red_glazed_terracotta",
			"black_glazed_terracotta"
		]
	}
}