{
  "format_version": "1.10.0",
  "particle_effect": {
    "description": {
      "identifier": "cobblemon:shiny_rapidash_cheseian_smoke",
      "basic_render_parameters": {
        "material": "particles_alpha",
        "texture": "cheseian_vanilla_smoke_shiny"
      }
    },
    "components": {
      "minecraft:emitter_rate_steady": {
        "spawn_rate": 4,
        "max_particles": 64
      },
      "minecraft:emitter_lifetime_looping": {
        "active_time": 99999
      },
      "minecraft:emitter_shape_point": {
        "offset": [
          0,
          0,
          0.2
        ],
        "direction": [
          0,
          "math.random(0,1)",
          10
        ]
      },
      "minecraft:particle_lifetime_expression": {
        "max_lifetime": 3
      },
      "minecraft:particle_initial_spin": {
        "rotation": "math.random_integer(1,4) * 90"
      },
      "minecraft:particle_initial_speed": 0.4,
      "minecraft:particle_motion_dynamic": {},
      "minecraft:particle_appearance_billboard": {
        "size": [
          0.8,
          0.8
        ],
        "facing_camera_mode": "rotate_xyz",
        "uv": {
          "texture_width": 16,
          "texture_height": 192,
          "flipbook": {
            "base_UV": [
              0,
              0
            ],
            "size_UV": [
              16,
              16
            ],
            "step_UV": [
              0,
              16
            ],
            "frames_per_second": 2.3,
            "max_frame": 12
          }
        }
      },
      "cobblemon:emitter_space": {
        "scaling": "entity"
      }
    }
  }
}