{
	"format_version": "1.12.0",
	"minecraft:geometry": [
		{
			"description": {
				"identifier": "geometry.acideon",
				"texture_width": 128,
				"texture_height": 128,
				"visible_bounds_width": 7,
				"visible_bounds_height": 6,
				"visible_bounds_offset": [0, 1, 0]
			},
			"bones": [
				{
					"name": "acideon",
					"pivot": [0, 0, -1]
				},
				{
					"name": "puddle",
					"parent": "acideon",
					"pivot": [0, -38, 0],
					"cubes": [
						{"origin": [-23, -38, -25], "size": [46, 0, 50], "uv": [-14, 78]}
					]
				},
				{
					"name": "body",
					"parent": "acideon",
					"pivot": [0, 9.75, 0]
				},
				{
					"name": "torso",
					"parent": "body",
					"pivot": [0, 9.75, 0],
					"cubes": [
						{"origin": [-3.5, 6.25, -8.5], "size": [7, 7, 15], "uv": [0, 0]}
					]
				},
				{
					"name": "ruff",
					"parent": "torso",
					"pivot": [0, 11, -8],
					"rotation": [42.5, 0, 0],
					"cubes": [
						{"origin": [-5.5, 6.5, -11.75], "size": [11, 6, 11], "uv": [0, 22]},
						{"origin": [-4.5, 7.5, -15.75], "size": [2, 2, 4], "pivot": [-3.5, 9.5, -11.75], "rotation": [45, 0, 0], "uv": [66, 0]},
						{"origin": [2.5, 9.5, -14.75], "size": [2, 2, 3], "pivot": [3.5, 11.5, -11.75], "rotation": [45, 0, 0], "uv": [52, 68]}
					]
				},
				{
					"name": "head",
					"parent": "torso",
					"pivot": [0, 12.25, -6.5],
					"cubes": [
						{"origin": [-3.5, 11.25, -12.5], "size": [7, 7, 7], "inflate": 0.01, "uv": [30, 39]},
						{"origin": [3.5, 11.25, -10.5], "size": [1, 2, 2], "uv": [24, 55]},
						{"origin": [3, 13.25, -7.75], "size": [2, 2, 2], "uv": [70, 44]},
						{"origin": [-5, 13.25, -7.75], "size": [2, 2, 2], "uv": [70, 48]},
						{"origin": [-4.5, 11.25, -10.5], "size": [1, 2, 2], "uv": [24, 59]},
						{"origin": [-2, 11.25, -14], "size": [4, 1, 2], "inflate": -0.01, "uv": [68, 29]},
						{"origin": [-2, 11.75, -14], "size": [4, 2, 2], "uv": [68, 19]},
						{"origin": [-0.5, 12.75, -14.01], "size": [1, 1, 0], "uv": [52, 63]}
					]
				},
				{
					"name": "mouth",
					"parent": "head",
					"pivot": [0, 12.26, -14.01],
					"cubes": [
						{"origin": [-1, 11.76, -13.91], "size": [2, 1, 0], "uv": [50, 38]}
					]
				},
				{
					"name": "eyes",
					"parent": "head",
					"pivot": [0, 14.5, -10.25]
				},
				{
					"name": "eye_right",
					"parent": "eyes",
					"pivot": [-2.515, 14.75, -11.515],
					"cubes": [
						{"origin": [-3.515, 13.75, -12.515], "size": [2, 2, 2], "uv": [32, 67]},
						{"origin": [-3.015, 14.5, -12.52], "size": [1, 1, 0], "uv": [64, 21]},
						{"origin": [-3.015, 14.75, -12.516], "size": [1, 1, 0], "uv": [22, 64]}
					]
				},
				{
					"name": "eyelid_right",
					"parent": "eye_right",
					"pivot": [-2.415, 14.75, -11.415],
					"cubes": [
						{"origin": [-3.415, 13.75, -12.415], "size": [2, 2, 2], "inflate": 0.01, "uv": [70, 32]}
					]
				},
				{
					"name": "eye_left",
					"parent": "eyes",
					"pivot": [2.515, 14.75, -11.515],
					"cubes": [
						{"origin": [1.515, 13.75, -12.515], "size": [2, 2, 2], "uv": [40, 70]},
						{"origin": [2.015, 14.5, -12.52], "size": [1, 1, 0], "uv": [20, 64]},
						{"origin": [2.015, 14.75, -12.516], "size": [1, 1, 0], "uv": [52, 64]}
					]
				},
				{
					"name": "eyelid_left",
					"parent": "eye_left",
					"pivot": [2.915, 14.75, -10.915],
					"cubes": [
						{"origin": [1.415, 13.75, -12.415], "size": [2, 2, 2], "inflate": 0.01, "uv": [70, 36]}
					]
				},
				{
					"name": "ear_right",
					"parent": "head",
					"pivot": [-3, 18, -8],
					"rotation": [-10, -30, 0],
					"cubes": [
						{"origin": [-3, 21, -10], "size": [0, 9, 5], "pivot": [-3, 21, -7.5], "rotation": [0, 0, -135], "uv": [44, 22]},
						{"origin": [-1, 27, -6.5], "size": [1, 1, 1], "pivot": [-3, 21, -7.5], "rotation": [0, 0, -155], "uv": [50, 36]},
						{"origin": [-0.75, 29.25, -8.5], "size": [1, 2, 2], "pivot": [-3, 21, -7.5], "rotation": [0, 0, -155], "uv": [24, 63]},
						{"origin": [-3, 17, -10], "size": [0, 4, 5], "uv": [10, 64]}
					]
				},
				{
					"name": "ear_left",
					"parent": "head",
					"pivot": [3, 18, -8],
					"rotation": [-10, 30, 0],
					"cubes": [
						{"origin": [3, 21, -10], "size": [0, 9, 5], "pivot": [3, 21, -7.5], "rotation": [0, 0, 135], "uv": [30, 53]},
						{"origin": [0, 27, -6.5], "size": [1, 1, 1], "pivot": [3, 21, -7.5], "rotation": [0, 0, 155], "uv": [64, 19]},
						{"origin": [-0.25, 29.25, -8.5], "size": [1, 2, 2], "pivot": [3, 21, -7.5], "rotation": [0, 0, 155], "uv": [70, 52]},
						{"origin": [3, 17, -10], "size": [0, 4, 5], "uv": [0, 64]}
					]
				},
				{
					"name": "tuft",
					"parent": "head",
					"pivot": [-0.25, 18.25, -11.5],
					"cubes": [
						{"origin": [-2, 16.75, -13], "size": [4, 3, 4], "uv": [54, 32]},
						{"origin": [-1.5, 19.75, -12], "size": [2, 2, 2], "uv": [70, 40]},
						{"origin": [0.5, 20.75, -12], "size": [1, 1, 2], "uv": [44, 36]},
						{"origin": [-2, 15.25, -9], "size": [4, 4, 4], "uv": [54, 53]}
					]
				},
				{
					"name": "tail",
					"parent": "torso",
					"pivot": [0, 9.75, 4],
					"rotation": [25, 0, 0],
					"cubes": [
						{"origin": [-3, 6.25, 4], "size": [6, 7, 9], "uv": [0, 39]},
						{"origin": [0, 13.25, 5], "size": [0, 3, 2], "uv": [48, 70]},
						{"origin": [0, 12.25, 8.5], "size": [0, 4, 2], "uv": [62, 68]}
					]
				},
				{
					"name": "tail2",
					"parent": "tail",
					"pivot": [0, 9.75, 13],
					"rotation": [-22.5, 0, 0],
					"cubes": [
						{"origin": [-2, 6.25, 12], "size": [4, 5, 7], "uv": [44, 0]}
					]
				},
				{
					"name": "tail3",
					"parent": "tail2",
					"pivot": [0, 8.75, 19],
					"rotation": [-22.5, 0, 0],
					"cubes": [
						{"origin": [-1, 7.25, 18], "size": [2, 3, 4], "uv": [64, 12]}
					]
				},
				{
					"name": "tail4",
					"parent": "tail3",
					"pivot": [0, 8.75, 22],
					"rotation": [-22.5, 0, 0],
					"cubes": [
						{"origin": [-0.5, 7.75, 21], "size": [1, 2, 4], "uv": [68, 23]},
						{"origin": [-2.5, 6.25, 25], "size": [5, 5, 5], "uv": [44, 12]}
					]
				},
				{
					"name": "leg_front_right",
					"parent": "body",
					"pivot": [-3, 9, -4.5],
					"rotation": [7.5, 0, 0],
					"cubes": [
						{"origin": [-4.5, 4.5, -6], "size": [3, 6, 3], "inflate": 0.01, "uv": [0, 55]}
					]
				},
				{
					"name": "leg_front_right2",
					"parent": "leg_front_right",
					"pivot": [-3, 4.5, -3],
					"rotation": [-22.5, 0, 0],
					"cubes": [
						{"origin": [-4.5, 0.5, -6], "size": [3, 4, 3], "uv": [58, 39]}
					]
				},
				{
					"name": "leg_front_right3",
					"parent": "leg_front_right2",
					"pivot": [-3, 1, -4.5],
					"rotation": [15, 0, 0],
					"cubes": [
						{"origin": [-4.5, -0.75, -6.25], "size": [3, 2, 3], "inflate": 0.01, "uv": [66, 6]}
					]
				},
				{
					"name": "leg_front_left",
					"parent": "body",
					"pivot": [3, 9, -4.5],
					"rotation": [7.5, 0, 0],
					"cubes": [
						{"origin": [1.5, 4.5, -6], "size": [3, 6, 3], "inflate": 0.01, "uv": [12, 55]}
					]
				},
				{
					"name": "leg_front_left2",
					"parent": "leg_front_left",
					"pivot": [3, 4.5, -3],
					"rotation": [-22.5, 0, 0],
					"cubes": [
						{"origin": [1.5, 0.5, -6], "size": [3, 4, 3], "uv": [58, 46]}
					]
				},
				{
					"name": "leg_front_left3",
					"parent": "leg_front_left2",
					"pivot": [3, 1, -4.5],
					"rotation": [15, 0, 0],
					"cubes": [
						{"origin": [1.5, -0.75, -6.25], "size": [3, 2, 3], "inflate": 0.01, "uv": [66, 61]}
					]
				},
				{
					"name": "leg_back_right",
					"parent": "body",
					"pivot": [-3, 9, 4.75],
					"rotation": [5, 0, 0],
					"cubes": [
						{"origin": [-4.5, 4.5, 2.75], "size": [3, 6, 4], "inflate": 0.01, "uv": [40, 53]}
					]
				},
				{
					"name": "leg_back_right2",
					"parent": "leg_back_right",
					"pivot": [-3, 4.5, 6.25],
					"rotation": [-12.5, 0, 0],
					"cubes": [
						{"origin": [-4.5, 0.75, 4.25], "size": [3, 4, 3], "uv": [54, 61]}
					]
				},
				{
					"name": "leg_back_right3",
					"parent": "leg_back_right2",
					"pivot": [-3, 1.25, 5.75],
					"rotation": [7.5, 0, 0],
					"cubes": [
						{"origin": [-4.5, -0.25, 4], "size": [3, 2, 3], "inflate": 0.01, "uv": [66, 66]}
					]
				},
				{
					"name": "leg_back_left",
					"parent": "body",
					"pivot": [3, 9, 4.75],
					"rotation": [5, 0, 0],
					"cubes": [
						{"origin": [1.5, 4.5, 2.75], "size": [3, 6, 4], "inflate": 0.01, "uv": [54, 22]}
					]
				},
				{
					"name": "leg_back_left2",
					"parent": "leg_back_left",
					"pivot": [3, 4.5, 6.25],
					"rotation": [-12.5, 0, 0],
					"cubes": [
						{"origin": [1.5, 0.75, 4.25], "size": [3, 4, 3], "uv": [40, 63]}
					]
				},
				{
					"name": "leg_back_left3",
					"parent": "leg_back_left2",
					"pivot": [3, 1.25, 5.75],
					"rotation": [7.5, 0, 0],
					"cubes": [
						{"origin": [1.5, -0.25, 4], "size": [3, 2, 3], "inflate": 0.01, "uv": [20, 67]}
					]
				}
			]
		}
	]
}