{
  "enabled": true,
  "neededInstalledMods": [],
  "neededUninstalledMods": [],
  "spawns": [
    {
      "id": "automeon-1",
      "pokemon": "automeon",
      "type": "pokemon",
      "context": "grounded",
      "bucket": "ultra-rare",
      "level": "18-40",
      "weight": 8.0,
      "condition": {
        "canSeeSky": true,
        "biomes": [
          "#cobblemon:is_overworld"
        ],
        "neededNearbyBlocks": [
          "minecraft:iron_block",
          "minecraft:redstone_torch"
        ]
      }
    }
  ]
}