{
  "enabled": true,
  "neededInstalledMods": [],
  "neededUninstalledMods": [],
  "spawns": [
    {
      "id": "spectreon-1",
      "pokemon": "spectreon",
      "type": "pokemon",
      "context": "grounded",
      "bucket": "ultra-rare",
      "level": "18-40",
      "weight": 8.0,
      "condition": {
        "canSeeSky": true,
        "maxLight": 0,
        "biomes": [
          "#cobblemon:is_magical"
        ]
      }
    },
    {
      "id": "spectreon-2",
      "pokemon": "spectreon",
      "type": "pokemon",
      "context": "grounded",
      "bucket": "rare",
      "level": "20-68",
      "weight": 1.0,
      "condition": {
        "biomes": [
          "minecraft:soul_sand_valley"
        ]
      }
    }
  ]
}