{
	"format_version": "1.8.0",
	"animations": {
		"animation.celebi.air_idle": {
			"loop": true,
			"animation_length": 0.25,
			"bones": {
				"body": {
					"position": [0, 4.2, 0]
				},
				"head": {
					"rotation": [5, 0, 0]
				},
				"hips": {
					"rotation": [14, 0, 0]
				},
				"right_wings": {
					"rotation": {
						"0.0": {
							"post": [0, -10, 0],
							"lerp_mode": "catmullrom"
						},
						"0.125": {
							"post": [0, 45.5, 0],
							"lerp_mode": "catmullrom"
						},
						"0.25": {
							"post": [0, -10, 0],
							"lerp_mode": "catmullrom"
						}
					}
				},
				"left_wings": {
					"rotation": {
						"0.0": {
							"post": [0, 10, 0],
							"lerp_mode": "catmullrom"
						},
						"0.125": {
							"post": [0, -46, 0],
							"lerp_mode": "catmullrom"
						},
						"0.25": {
							"post": [0, 10, 0],
							"lerp_mode": "catmullrom"
						}
					}
				},
				"right_hands": {
					"rotation": [11.77724, -13.85255, 32.95807]
				},
				"left_hands": {
					"rotation": [11.5432, 7.97614, -34.19252]
				},
				"legs": {
					"rotation": [34, 0, 0],
					"position": [0, 0, 2.5]
				},
				"right_foot": {
					"rotation": [36.07207, 3.14262, 2.28707]
				},
				"left_foot": {
					"rotation": [36.05554, -2.29612, -1.67126]
				}
			}
		},
		"animation.celebi.air_walk": {
			"loop": true,
			"animation_length": 0.2,
			"bones": {
				"celebi": {
					"rotation": [0, 0, -1],
					"position": {
						"0.0": {
							"post": [0, -0.8, 0],
							"lerp_mode": "catmullrom"
						}
					}
				},
				"head": {
					"rotation": [11, 0, 0],
					"position": [0, 0, -0.1]
				},
				"hips": {
					"rotation": [65, 0, 0],
					"position": [0, 0, 0.2]
				},
				"right_hands": {
					"rotation": {
						"0.0": {
							"post": [-3.48303, -24.77164, 8.26511],
							"lerp_mode": "catmullrom"
						}
					}
				},
				"left_hands": {
					"rotation": {
						"0.0": {
							"post": [-3.48303, 24.77164, -8.26511],
							"lerp_mode": "catmullrom"
						}
					}
				},
				"legs": {
					"rotation": [100, 0, 0],
					"position": [0, 4.6, 5]
				},
				"right_legs": {
					"rotation": {
						"0.0": {
							"post": [0, 0, 0],
							"lerp_mode": "catmullrom"
						}
					}
				},
				"left_legs": {
					"rotation": {
						"0.0": {
							"post": [0, 0, 0],
							"lerp_mode": "catmullrom"
						}
					}
				},
				"right_foot": {
					"rotation": {
						"0.0": {
							"post": [12.52357, 3.11462, 0.69158],
							"lerp_mode": "catmullrom"
						}
					}
				},
				"left_foot": {
					"rotation": {
						"0.0": {
							"post": [12.52357, -3.11462, -0.69158],
							"lerp_mode": "catmullrom"
						}
					}
				},
				"right_wings": {
					"rotation": {
						"0.0": {
							"post": [0, 25, 0],
							"lerp_mode": "catmullrom"
						},
						"0.1": {
							"post": [0, -42.5, 0],
							"lerp_mode": "catmullrom"
						},
						"0.2": {
							"post": [0, 25, 0],
							"lerp_mode": "catmullrom"
						}
					}
				},
				"left_wings": {
					"rotation": {
						"0.0": {
							"post": [0, -25, 0],
							"lerp_mode": "catmullrom"
						},
						"0.1": {
							"post": [0, 42.5, 0],
							"lerp_mode": "catmullrom"
						},
						"0.2": {
							"post": [0, -25, 0],
							"lerp_mode": "catmullrom"
						}
					}
				},
				"hands": {
					"rotation": [5, 0, 0],
					"position": [0, 0.3, 0.7]
				},
				"body": {
					"position": [0, 2.8, 0]
				}
			}
		},
		"animation.celebi.blink": {
			"animation_length": 0.1667,
			"bones": {
				"front": {
					"position": [0, 0, -1]
				},
				"left_eyes": {
					"position": [-1, 0, 0]
				},
				"right_eyes": {
					"position": [1, 0, 0]
				}
			}
		},
		"animation.celebi.cry": {
			"animation_length": 1.9167,
			"bones": {
				"head": {
					"rotation": {
						"0.0": [0, 0, 0],
						"0.25": [0, 0, 0],
						"0.5": [-7.5, 0, 0],
						"1.4167": [-7.5, 0, 0],
						"1.6667": [0, 0, 0]
					}
				},
				"open": {
					"position": {
						"0.0": [0, 0, 1],
						"0.3333": [0, 0, 1],
						"0.375": [0, 0, -1],
						"1.4167": [0, 0, -1],
						"1.4583": [0, 0, 1]
					}
				},
				"closed": {
					"position": {
						"0.0": [0, 0, 0],
						"0.3333": [0, 0, 0],
						"0.5": [0, 0, 1],
						"1.4167": [0, 0, 1],
						"1.4583": [0, 0, 0]
					}
				}
			},
			"sound_effects": {
				"0.5833": {
					"effect": "pokemon.celebi.cry"
				}
			}
		},
		"animation.celebi.air_idle_test": {
			"loop": true,
			"animation_length": 2,
			"bones": {
				"head": {
					"rotation": {
						"0.0": {
							"post": [2.49762, 0.10901, -2.49762],
							"lerp_mode": "catmullrom"
						},
						"0.5": {
							"post": [5, 0, 0],
							"lerp_mode": "catmullrom"
						},
						"1.0": {
							"post": [2.49762, -0.10901, 2.49762],
							"lerp_mode": "catmullrom"
						},
						"1.5": {
							"post": [5, 0, 0],
							"lerp_mode": "catmullrom"
						},
						"2.0": {
							"post": [2.49762, 0.10901, -2.49762],
							"lerp_mode": "catmullrom"
						}
					}
				},
				"hips": {
					"rotation": [60, 0, 0]
				},
				"right_hands": {
					"rotation": {
						"0.0": {
							"post": [-3.48303, -24.77164, 8.26511],
							"lerp_mode": "catmullrom"
						},
						"0.5": {
							"post": [0, -25, 0],
							"lerp_mode": "catmullrom"
						},
						"1.0": {
							"post": [3.48303, -24.77164, -8.26511],
							"lerp_mode": "catmullrom"
						},
						"1.5": {
							"post": [-2.3273, -24.89837, 5.51385],
							"lerp_mode": "catmullrom"
						},
						"2.0": {
							"post": [-3.48303, -24.77164, 8.26511],
							"lerp_mode": "catmullrom"
						}
					}
				},
				"left_hands": {
					"rotation": {
						"0.0": {
							"post": [-3.48303, 24.77164, -8.26511],
							"lerp_mode": "catmullrom"
						},
						"0.5": {
							"post": [0, 25, 0],
							"lerp_mode": "catmullrom"
						},
						"1.0": {
							"post": [3.88714, 27.24513, 8.44236],
							"lerp_mode": "catmullrom"
						},
						"1.5": {
							"post": [-2.3273, 24.89837, -5.51385],
							"lerp_mode": "catmullrom"
						},
						"2.0": {
							"post": [-3.48303, 24.77164, -8.26511],
							"lerp_mode": "catmullrom"
						}
					}
				},
				"legs": {
					"rotation": [100, 0, 0],
					"position": [0, 4, 5]
				},
				"right_legs": {
					"rotation": {
						"0.0": {
							"post": [0, 0, 0],
							"lerp_mode": "catmullrom"
						},
						"0.5": {
							"post": [-7.5, 0, 0],
							"lerp_mode": "catmullrom"
						},
						"1.0": {
							"post": [0, 0, 0],
							"lerp_mode": "catmullrom"
						},
						"1.5": {
							"post": [-7.5, 0, 0],
							"lerp_mode": "catmullrom"
						},
						"2.0": {
							"post": [0, 0, 0],
							"lerp_mode": "catmullrom"
						}
					}
				},
				"left_legs": {
					"rotation": {
						"0.0": {
							"post": [0, 0, 0],
							"lerp_mode": "catmullrom"
						},
						"0.5": {
							"post": [-7.5, 0, 0],
							"lerp_mode": "catmullrom"
						},
						"1.0": {
							"post": [0, 0, 0],
							"lerp_mode": "catmullrom"
						},
						"1.5": {
							"post": [-7.5, 0, 0],
							"lerp_mode": "catmullrom"
						},
						"2.0": {
							"post": [0, 0, 0],
							"lerp_mode": "catmullrom"
						}
					}
				},
				"right_foot": {
					"rotation": {
						"0.0": {
							"post": [12.5, 0, 0],
							"lerp_mode": "catmullrom"
						},
						"0.5": {
							"post": [20.01754, -2.34914, -0.85553],
							"lerp_mode": "catmullrom"
						},
						"1.0": {
							"post": [12.5, -5, 0],
							"lerp_mode": "catmullrom"
						},
						"1.5": {
							"post": [20.01754, -2.34914, -0.85553],
							"lerp_mode": "catmullrom"
						},
						"2.0": {
							"post": [12.5, 0, 0],
							"lerp_mode": "catmullrom"
						}
					}
				},
				"left_foot": {
					"rotation": {
						"0.0": {
							"post": [12.5, 0, 0],
							"lerp_mode": "catmullrom"
						},
						"0.5": {
							"post": [20.01754, 2.34914, 0.85553],
							"lerp_mode": "catmullrom"
						},
						"1.0": {
							"post": [12.5, 5, 0],
							"lerp_mode": "catmullrom"
						},
						"1.5": {
							"post": [20.01754, 2.34914, 0.85553],
							"lerp_mode": "catmullrom"
						},
						"2.0": {
							"post": [12.5, 0, 0],
							"lerp_mode": "catmullrom"
						}
					}
				},
				"right_wings": {
					"rotation": {
						"0.0": {
							"post": [0, 0, 0],
							"lerp_mode": "catmullrom"
						},
						"0.5": {
							"post": [0, -40, 0],
							"lerp_mode": "catmullrom"
						},
						"1.0": {
							"post": [0, 0, 0],
							"lerp_mode": "catmullrom"
						},
						"1.5": {
							"post": [0, -40, 0],
							"lerp_mode": "catmullrom"
						},
						"2.0": {
							"post": [0, 0, 0],
							"lerp_mode": "catmullrom"
						}
					}
				},
				"left_wings": {
					"rotation": {
						"0.0": {
							"post": [0, 0, 0],
							"lerp_mode": "catmullrom"
						},
						"0.5": {
							"post": [0, 40, 0],
							"lerp_mode": "catmullrom"
						},
						"1.0": {
							"post": [0, 0, 0],
							"lerp_mode": "catmullrom"
						},
						"1.5": {
							"post": [0, 40, 0],
							"lerp_mode": "catmullrom"
						},
						"2.0": {
							"post": [0, 0, 0],
							"lerp_mode": "catmullrom"
						}
					}
				},
				"body": {
					"rotation": {
						"0.0": [0, 0, -1],
						"0.5": [0, 0, 0],
						"1.0": [0, 0, 1],
						"1.5": [0, 0, 0],
						"2.0": [0, 0, -1]
					},
					"position": {
						"0.0": {
							"post": [0, 0, 0],
							"lerp_mode": "catmullrom"
						},
						"0.5": {
							"post": [0, 1, 0],
							"lerp_mode": "catmullrom"
						},
						"1.0": {
							"post": [0, 0, 0],
							"lerp_mode": "catmullrom"
						},
						"1.5": {
							"post": [0, 1, 0],
							"lerp_mode": "catmullrom"
						},
						"2.0": {
							"post": [0, 0, 0],
							"lerp_mode": "catmullrom"
						}
					}
				}
			}
		}
	}
}