{
	"format_version": "1.12.0",
	"minecraft:geometry": [
		{
			"description": {
				"identifier": "geometry.manaphy",
				"texture_width": 64,
				"texture_height": 64,
				"visible_bounds_width": 3,
				"visible_bounds_height": 2.5,
				"visible_bounds_offset": [0, 0.75, 0]
			},
			"bones": [
				{
					"name": "manaphy",
					"pivot": [0, 0, 0]
				},
				{
					"name": "body",
					"parent": "manaphy",
					"pivot": [0, 0, 0]
				},
				{
					"name": "head",
					"parent": "body",
					"pivot": [0, 4.125, 0],
					"cubes": [
						{"origin": [-4, 4, -3], "size": [8, 5, 6], "uv": [0, 0]},
						{"origin": [0, -0.4, 0], "size": [0, 13, 11], "pivot": [0, 11.6, 0], "rotation": [17.2516, 39.58992, 6.25038], "uv": [0, 25], "mirror": true},
						{"origin": [0, -0.4, 0], "size": [0, 13, 11], "pivot": [0, 11.6, 0], "rotation": [17.2516, -39.58992, -6.25038], "uv": [0, 25]},
						{"origin": [-3, 9, -3], "size": [6, 1, 6], "uv": [0, 11]},
						{"origin": [-3, 10, -2], "size": [6, 1, 4], "uv": [0, 20]},
						{"origin": [3, 9, -2], "size": [1, 1, 4], "uv": [0, 25]},
						{"origin": [-4, 9, -2], "size": [1, 1, 4], "uv": [10, 25]}
					]
				},
				{
					"name": "eyes",
					"parent": "head",
					"pivot": [0, 4.125, 0],
					"cubes": [
						{"origin": [1, 4.2, -3.01], "size": [2, 3, 0], "uv": [22, 3]},
						{"origin": [0.75, 4.2, -3.02], "size": [2, 3, 0], "uv": [26, 0]},
						{"origin": [1.5, 4.2, -3.03], "size": [2, 3, 0], "uv": [39, 0]},
						{"origin": [-3, 4.2, -3.01], "size": [2, 3, 0], "uv": [22, 3]},
						{"origin": [-3.25, 4.2, -3.02], "size": [2, 3, 0], "uv": [26, 0]},
						{"origin": [-2.5, 4.2, -3.03], "size": [2, 3, 0], "uv": [39, 0]}
					]
				},
				{
					"name": "mouth_happy",
					"parent": "head",
					"pivot": [0.25, 5.7, -2.01],
					"cubes": [
						{"origin": [-0.75, 4.2, -2.02], "size": [2, 1, 0], "uv": [28, 11]},
						{"origin": [-1, 4, -2.01], "size": [2, 1, 0], "uv": [28, 10]}
					]
				},
				{
					"name": "mouth_standard",
					"parent": "head",
					"pivot": [0.25, 5.7, -3.01],
					"cubes": [
						{"origin": [-0.75, 4.2, -3.01], "size": [2, 3, 0], "uv": [22, 0]}
					]
				},
				{
					"name": "eyes_closed",
					"parent": "head",
					"pivot": [0, 4.125, 1],
					"cubes": [
						{"origin": [-3, 4, -2.01], "size": [6, 3, 0], "uv": [28, 6]}
					]
				},
				{
					"name": "hips",
					"parent": "body",
					"pivot": [0, 0, 0],
					"cubes": [
						{"origin": [-2, 1, -1.5], "size": [4, 3, 3], "uv": [28, 0]}
					]
				},
				{
					"name": "foots",
					"parent": "body",
					"pivot": [0, 0, 0]
				},
				{
					"name": "foot_r",
					"parent": "foots",
					"pivot": [1.5, 2, 0],
					"cubes": [
						{"origin": [0.5, 0.02495, -1.02197], "size": [2, 2, 2], "uv": [19, 18], "mirror": true}
					]
				},
				{
					"name": "foot_l",
					"parent": "foots",
					"pivot": [-1.5, 2, 0],
					"cubes": [
						{"origin": [-2.5, 0, -1], "size": [2, 2, 2], "uv": [19, 18]}
					]
				},
				{
					"name": "hands",
					"parent": "body",
					"pivot": [0, 0, 0]
				},
				{
					"name": "left",
					"parent": "hands",
					"pivot": [-2, 3, 0],
					"cubes": [
						{"origin": [-10, 0, 0], "size": [8, 4, 0], "uv": [2, 32]}
					]
				},
				{
					"name": "right",
					"parent": "hands",
					"pivot": [2, 3, 0],
					"cubes": [
						{"origin": [2, 0, 0], "size": [8, 4, 0], "uv": [2, 32], "mirror": true}
					]
				}
			]
		}
	]
}