{
	"format_version": "1.12.0",
	"minecraft:geometry": [
		{
			"description": {
				"identifier": "geometry.wyveon",
				"texture_width": 128,
				"texture_height": 128,
				"visible_bounds_width": 5,
				"visible_bounds_height": 3.5,
				"visible_bounds_offset": [0, 1.25, 0]
			},
			"bones": [
				{
					"name": "wyveon",
					"pivot": [0, 0, 0]
				},
				{
					"name": "body",
					"parent": "wyveon",
					"pivot": [0, 10.25, 0]
				},
				{
					"name": "torso",
					"parent": "body",
					"pivot": [0, 10.25, 0],
					"cubes": [
						{"origin": [-3.5, 7.25, -7], "size": [7, 6, 14], "uv": [0, 0]},
						{"origin": [1.5, 13.25, -3], "size": [0, 7, 8], "pivot": [1.5, 13.25, 1], "rotation": [0, 0, 22.5], "uv": [22, 34]},
						{"origin": [-1.5, 13.25, -3], "size": [0, 7, 8], "pivot": [-1.5, 13.25, 1], "rotation": [0, 0, -22.5], "uv": [38, 34]}
					]
				},
				{
					"name": "head",
					"parent": "torso",
					"pivot": [0, 13.25, -6],
					"cubes": [
						{"origin": [-3.5, 10.75, -12], "size": [7, 7, 7], "inflate": 0.01, "uv": [0, 20]},
						{"origin": [-2.5, 10.75, -13], "size": [5, 2, 1], "uv": [42, 17]},
						{"origin": [-0.5, 11.75, -13], "size": [1, 1, 0], "inflate": 0.01, "uv": [50, 41]},
						{"origin": [-1, 15.25, -12.515], "size": [2, 2, 1], "uv": [46, 38]}
					]
				},
				{
					"name": "mouth",
					"parent": "head",
					"pivot": [0, 11.26, -12.41],
					"cubes": [
						{"origin": [-1, 10.76, -12.41], "size": [2, 1, 0], "uv": [46, 41]}
					]
				},
				{
					"name": "eyes",
					"parent": "head",
					"pivot": [0, 14.25218, -11]
				},
				{
					"name": "eye_right",
					"parent": "eyes",
					"pivot": [-2.515, 14.25, -11.015],
					"cubes": [
						{"origin": [-3.515, 13, -12.015], "size": [2, 2, 3], "uv": [53, 5]},
						{"origin": [-3.015, 14, -12.02], "size": [1, 1, 0], "uv": [18, 56]},
						{"origin": [-3.015, 13.25, -12.0175], "size": [1, 1, 0], "uv": [16, 56]}
					]
				},
				{
					"name": "eyelid_right",
					"parent": "eye_right",
					"pivot": [-2.415, 14.25, -10.915],
					"cubes": [
						{"origin": [-3.415, 13.25, -11.915], "size": [2, 2, 2], "inflate": 0.01, "uv": [46, 34]}
					]
				},
				{
					"name": "eye_left",
					"parent": "eyes",
					"pivot": [2.515, 14.25, -11.015],
					"cubes": [
						{"origin": [1.515, 13, -12.015], "size": [2, 2, 3], "uv": [34, 54]},
						{"origin": [2.015, 13.25, -12.0175], "size": [1, 1, 0], "uv": [14, 56]},
						{"origin": [2.015, 14, -12.02], "size": [1, 1, 0], "uv": [12, 56]}
					]
				},
				{
					"name": "eyelid_left",
					"parent": "eye_left",
					"pivot": [2.415, 14.25, -10.915],
					"cubes": [
						{"origin": [1.415, 13.25, -11.915], "size": [2, 2, 2], "inflate": 0.01, "uv": [14, 46]}
					]
				},
				{
					"name": "ear_left",
					"parent": "head",
					"pivot": [3.5, 17.75, -8.5],
					"rotation": [22.5, -10, -77.5],
					"cubes": [
						{"origin": [1.5, 12.5, -8.5], "size": [11, 8, 0], "uv": [28, 0]}
					]
				},
				{
					"name": "ear_right",
					"parent": "head",
					"pivot": [-3.5, 17.75, -8.5],
					"rotation": [22.5, 10, 77.5],
					"cubes": [
						{"origin": [-12.5, 12.5, -8.5], "size": [11, 8, 0], "uv": [14, 34]}
					]
				},
				{
					"name": "fur_left",
					"parent": "head",
					"pivot": [3.5, 11.5, -8.5],
					"rotation": [2.5, -7.5, -10],
					"cubes": [
						{"origin": [3.25, 11.5, -8.5], "size": [8, 3, 0], "uv": [54, 48]}
					]
				},
				{
					"name": "fur_right",
					"parent": "head",
					"pivot": [-3.5, 11.5, -8.5],
					"rotation": [2.5, 7.5, 10],
					"cubes": [
						{"origin": [-11.25, 11.5, -8.5], "size": [8, 3, 0], "uv": [54, 45]}
					]
				},
				{
					"name": "tail",
					"parent": "torso",
					"pivot": [-1, 10, 7],
					"cubes": [
						{"origin": [-2.5, 6.74997, 6], "size": [5, 6, 8], "uv": [28, 20]}
					]
				},
				{
					"name": "tail2",
					"parent": "tail",
					"pivot": [0, 9.74997, 14],
					"cubes": [
						{"origin": [-1.5, 7.74997, 13], "size": [3, 4, 8], "uv": [0, 34]}
					]
				},
				{
					"name": "tail3",
					"parent": "tail2",
					"pivot": [0, 9.75, 21],
					"cubes": [
						{"origin": [-1, 8.74997, 20], "size": [2, 2, 7], "uv": [42, 8]},
						{"origin": [-0.5, 10.24997, 25], "size": [1, 1, 1], "uv": [14, 54]}
					]
				},
				{
					"name": "leg_front_left",
					"parent": "body",
					"pivot": [2.5, 9, -4.5],
					"rotation": [7.5, 0, 0],
					"cubes": [
						{"origin": [1, 4.5, -6], "size": [3, 6, 3], "inflate": 0.01, "uv": [54, 36]}
					]
				},
				{
					"name": "leg_front_left2",
					"parent": "leg_front_left",
					"pivot": [2.5, 4.5, -3],
					"rotation": [-22.5, 0, 0],
					"cubes": [
						{"origin": [1, 0.5, -6], "size": [3, 4, 3], "uv": [0, 56]}
					]
				},
				{
					"name": "leg_front_left3",
					"parent": "leg_front_left2",
					"pivot": [2.5, 1, -4.5],
					"rotation": [15, 0, 0],
					"cubes": [
						{"origin": [1, -0.75, -6.25], "size": [3, 2, 3], "inflate": 0.01, "uv": [24, 58]},
						{"origin": [2.5, -0.75, -8.25], "size": [0, 2, 2], "inflate": 0.01, "uv": [21, 54]},
						{"origin": [4, -0.75, -7.25], "size": [0, 1, 1], "inflate": 0.01, "uv": [20, 54]},
						{"origin": [1, -0.75, -7.25], "size": [0, 1, 1], "inflate": 0.01, "uv": [29, 56]}
					]
				},
				{
					"name": "leg_front_right",
					"parent": "body",
					"pivot": [-2.5, 9, -4.5],
					"rotation": [7.5, 0, 0],
					"cubes": [
						{"origin": [-4, 4.5, -6], "size": [3, 6, 3], "inflate": 0.01, "uv": [54, 27]}
					]
				},
				{
					"name": "leg_front_right2",
					"parent": "leg_front_right",
					"pivot": [-2.5, 4.5, -3],
					"rotation": [-22.5, 0, 0],
					"cubes": [
						{"origin": [-4, 0.5, -6], "size": [3, 4, 3], "uv": [44, 51]}
					]
				},
				{
					"name": "leg_front_right3",
					"parent": "leg_front_right2",
					"pivot": [-2.5, 1, -4.5],
					"rotation": [15, 0, 0],
					"cubes": [
						{"origin": [-4, -0.75, -6.25], "size": [3, 2, 3], "inflate": 0.01, "uv": [34, 49]},
						{"origin": [-4, -0.75, -7.25], "size": [0, 1, 1], "inflate": 0.01, "uv": [17, 53], "mirror": true},
						{"origin": [-2.5, -0.75, -8.25], "size": [0, 2, 2], "inflate": 0.01, "uv": [14, 50]},
						{"origin": [-1, -0.75, -7.25], "size": [0, 1, 1], "inflate": 0.01, "uv": [52, 38]}
					]
				},
				{
					"name": "leg_back_left",
					"parent": "body",
					"pivot": [2.5, 9, 4.75],
					"rotation": [5, 0, 0],
					"cubes": [
						{"origin": [1, 4.5, 2.75], "size": [3, 6, 4], "inflate": 0.01, "uv": [54, 17]}
					]
				},
				{
					"name": "leg_back_left2",
					"parent": "leg_back_left",
					"pivot": [2.5, 4.5, 6.25],
					"rotation": [-12.5, 0, 0],
					"cubes": [
						{"origin": [1, 0.75, 4.25], "size": [3, 4, 3], "uv": [22, 49]}
					]
				},
				{
					"name": "leg_back_left3",
					"parent": "leg_back_left2",
					"pivot": [2.5, 1.25, 5.75],
					"rotation": [7.5, 0, 0],
					"cubes": [
						{"origin": [1, -0.25, 4], "size": [3, 2, 3], "inflate": 0.01, "uv": [56, 51]},
						{"origin": [2.5, -0.25, 2], "size": [0, 2, 2], "inflate": 0.01, "uv": [60, 13]},
						{"origin": [4, -0.25, 3], "size": [0, 1, 1], "inflate": 0.01, "uv": [18, 54]},
						{"origin": [1, -0.25, 3], "size": [0, 1, 1], "inflate": 0.01, "uv": [27, 56]}
					]
				},
				{
					"name": "leg_back_right",
					"parent": "body",
					"pivot": [-2.5, 9, 4.75],
					"rotation": [5, 0, 0],
					"cubes": [
						{"origin": [-4, 4.5, 2.75], "size": [3, 6, 4], "inflate": 0.01, "uv": [0, 46]}
					]
				},
				{
					"name": "leg_back_right2",
					"parent": "leg_back_right",
					"pivot": [-2.5, 4.5, 6.25],
					"rotation": [-12.5, 0, 0],
					"cubes": [
						{"origin": [-4, 0.75, 4.25], "size": [3, 4, 3], "uv": [12, 57]}
					]
				},
				{
					"name": "leg_back_right3",
					"parent": "leg_back_right2",
					"pivot": [-2.5, 1.25, 5.75],
					"rotation": [7.5, 0, 0],
					"cubes": [
						{"origin": [-4, -0.25, 4], "size": [3, 2, 3], "inflate": 0.01, "uv": [50, 0]},
						{"origin": [-2.5, -0.25, 2], "size": [0, 2, 2], "inflate": 0.01, "uv": [18, 50]},
						{"origin": [-1, -0.25, 3], "size": [0, 1, 1], "inflate": 0.01, "uv": [52, 40]},
						{"origin": [-4, -0.25, 3], "size": [0, 1, 1], "inflate": 0.01, "uv": [25, 56]}
					]
				}
			]
		}
	]
}