{
  "species": "cobblemon:camerupt",
  "order": 1,
  "variations": [
    {
      "aspects": ["mega"],
      "model": "cobblemon:camerupt_mega.geo",
      "texture": "cobblemon:textures/pokemon/0323_camerupt/camerupt_mega.png",
      "layers": [
        {
          "name": "emissive",
          "emissive": true,
          "texture": "cobblemon:textures/pokemon/0323_camerupt/camerupt_mega_emissive.png",
          "translucent": false
        }
      ]
    },
    {
      "aspects": ["mega","shiny"],
      "model": "cobblemon:camerupt_mega.geo",
      "texture": "cobblemon:textures/pokemon/0323_camerupt/camerupt_mega_shiny.png",
      "layers": [
        {
          "name": "emissive",
          "emissive": true,
          "texture": "cobblemon:textures/pokemon/0323_camerupt/camerupt_mega_emissive.png",
          "translucent": false
        }
      ]
    }
  ]
}
