{
  "parent": "minecraft:recipes/root",
  "criteria": {
    "has_block": {
      "trigger": "minecraft:inventory_changed",
      "conditions": {
        "items": [
          {
            "items": "#hanas_recipes:concrete_powder"
          }
        ]
      }
    },
    "has_dye": {
      "trigger": "minecraft:inventory_changed",
      "conditions": {
        "items": [
          {
            "items": "#hanas_recipes:dyes"
          }
        ]
      }
    }
  },
  "requirements": [
    [
      "has_block"
    ],
    [
      "has_dye"
    ]
  ],
  "rewards": {
    "recipes": [
      "white_concrete_powder",
      "orange_concrete_powder",
      "magenta_concrete_powder",
      "light_blue_concrete_powder",
      "yellow_concrete_powder",
      "lime_concrete_powder",
      "pink_concrete_powder",
      "gray_concrete_powder",
      "light_gray_concrete_powder",
      "cyan_concrete_powder",
      "purple_concrete_powder",
      "blue_concrete_powder",
      "brown_concrete_powder",
      "green_concrete_powder",
      "red_concrete_powder",
      "black_concrete_powder"
    ]
  }
}