{
  "parent": "minecraft:recipes/root",
  "rewards": {
    "recipes": [
      "hanas_recipes:ice"
    ]
  },
  "criteria": {
    "has_packed_ice": {
      "trigger": "minecraft:inventory_changed",
      "conditions": {
        "items": [
          {
            "items": "minecraft:packed_ice"
          }
        ]
      }
    },
    "has_the_recipe": {
      "trigger": "minecraft:recipe_unlocked",
      "conditions": {
        "recipe": "hanas_recipes:ice"
      }
    }
  },
  "requirements": [
    [
      "has_packed_ice",
      "has_the_recipe"
    ]
  ]
}