{
  "type": "minecraft:crafting_shaped",
  "category": "misc",
  "pattern": [
    "rib",
    "cbp",
    "giw"
  ],
  "key": {
    "n": {
      "item": "minecraft:gold_nugget"
    },
    "i": {
      "item": "minecraft:gold_ingot"
    },
    "b": {
      "item": "unimplemented_items:bottle_cap"
    },
    "r": {
      "item": "cobblemon:red_mint_leaf"
    },
    "u": {
      "item": "cobblemon:blue_mint_leaf"
    },
    "c": {
      "item": "cobblemon:cyan_mint_leaf"
    },
    "w": {
      "item": "cobblemon:white_mint_leaf"
    },
    "p": {
      "item": "cobblemon:pink_mint_leaf"
    },
    "g": {
      "item": "cobblemon:green_mint_leaf"
    }
  },
  "result": {
    "id": "unimplemented_items:bottle_cap_gold"
  }
}