{
  "species": "cobblemon:rapidash",
  "order": 3,
  "variations": [
    {
      "aspects": [
        "cheseian"
      ],
      "poser": "cobblemon:rapidash_cheseian",
      "model": "cobblemon:rapidash_cheseian.geo",
      "texture": "cobblemon:textures/pokemon/0078_rapidash/rapidash_cheseian.png",
      "layers": [
        {
          "name": "emissive",
          "texture": {
            "frames": [
              "cobblemon:textures/pokemon/0078_rapidash/hair/normal/1.png"
            ],
            "fps": 0,
            "loop": false
          },
          "emissive": false
        }
      ]
    },
    {
      "aspects": [
        "shiny",
        "cheseian"
      ],
      "poser": "cobblemon:rapidash_cheseian_shiny",
      "texture": "cobblemon:textures/pokemon/0078_rapidash/rapidash_cheseian_shiny.png",
      "layers": [
        {
          "name": "emissive",
          "texture": {
            "frames": [
              "cobblemon:textures/pokemon/0078_rapidash/hair/shiny/1.png"
            ],
            "fps": 0,
            "loop": false
          },
          "emissive": false
        }
      ]
    }
  ]
}