{
	"format_version": "1.12.0",
	"minecraft:geometry": [
		{
			"description": {
				"identifier": "geometry.aereon",
				"texture_width": 128,
				"texture_height": 128,
				"visible_bounds_width": 5,
				"visible_bounds_height": 4.5,
				"visible_bounds_offset": [0, 1.75, 0]
			},
			"bones": [
				{
					"name": "aereon",
					"pivot": [0, 0, 0]
				},
				{
					"name": "body",
					"parent": "aereon",
					"pivot": [0, 10.25, 0]
				},
				{
					"name": "torso",
					"parent": "body",
					"pivot": [0, 10.25, 0],
					"cubes": [
						{"origin": [-3.5, 7.25, -7], "size": [7, 6, 14], "uv": [0, 0]}
					]
				},
				{
					"name": "leg_front_right",
					"parent": "torso",
					"pivot": [-2.5, 9, -4.5],
					"rotation": [7.5, 0, 0],
					"cubes": [
						{"origin": [-4, 4.5, -6], "size": [3, 6, 3], "inflate": 0.01, "uv": [42, 34]}
					]
				},
				{
					"name": "leg_front_right2",
					"parent": "leg_front_right",
					"pivot": [-2.5, 4.5, -3],
					"rotation": [-22.5, 0, 0],
					"cubes": [
						{"origin": [-4, 0.5, -6], "size": [3, 4, 3], "uv": [14, 47]}
					]
				},
				{
					"name": "leg_front_right3",
					"parent": "leg_front_right2",
					"pivot": [-2.5, 1, -4.5],
					"rotation": [15, 0, 0],
					"cubes": [
						{"origin": [-4, -0.75, -6.25], "size": [3, 2, 3], "inflate": 0.01, "uv": [54, 20]}
					]
				},
				{
					"name": "leg_front_left",
					"parent": "torso",
					"pivot": [2.5, 9, -4.5],
					"rotation": [7.5, 0, 0],
					"cubes": [
						{"origin": [1, 4.5, -6], "size": [3, 6, 3], "inflate": 0.01, "uv": [42, 43]}
					]
				},
				{
					"name": "leg_front_left2",
					"parent": "leg_front_left",
					"pivot": [2.5, 4.5, -3],
					"rotation": [-22.5, 0, 0],
					"cubes": [
						{"origin": [1, 0.5, -6], "size": [3, 4, 3], "uv": [26, 47]}
					]
				},
				{
					"name": "leg_front_left3",
					"parent": "leg_front_left2",
					"pivot": [2.5, 1, -4.5],
					"rotation": [15, 0, 0],
					"cubes": [
						{"origin": [1, -0.75, -6.25], "size": [3, 2, 3], "inflate": 0.01, "uv": [24, 54]}
					]
				},
				{
					"name": "leg_back_right",
					"parent": "torso",
					"pivot": [-2.5, 9, 4.75],
					"rotation": [5, 0, 0],
					"cubes": [
						{"origin": [-4, 4.5, 2.75], "size": [3, 6, 4], "inflate": 0.01, "uv": [42, 0]}
					]
				},
				{
					"name": "leg_back_right2",
					"parent": "leg_back_right",
					"pivot": [-2.5, 4.5, 6.25],
					"rotation": [-12.5, 0, 0],
					"cubes": [
						{"origin": [-4, 0.75, 4.25], "size": [3, 4, 3], "uv": [0, 50]}
					]
				},
				{
					"name": "leg_back_right3",
					"parent": "leg_back_right2",
					"pivot": [-2.5, 1.25, 5.75],
					"rotation": [10, 0, 0],
					"cubes": [
						{"origin": [-4, -0.25, 4], "size": [3, 2, 3], "inflate": 0.01, "uv": [54, 25]}
					]
				},
				{
					"name": "leg_back_left",
					"parent": "torso",
					"pivot": [2.5, 9, 4.75],
					"rotation": [5, 0, 0],
					"cubes": [
						{"origin": [1, 4.5, 2.75], "size": [3, 6, 4], "inflate": 0.01, "uv": [42, 10]}
					]
				},
				{
					"name": "leg_back_left2",
					"parent": "leg_back_left",
					"pivot": [2.5, 4.5, 6.25],
					"rotation": [-12.5, 0, 0],
					"cubes": [
						{"origin": [1, 0.75, 4.25], "size": [3, 4, 3], "uv": [38, 52]}
					]
				},
				{
					"name": "leg_back_left3",
					"parent": "leg_back_left2",
					"pivot": [2.5, 1.25, 5.75],
					"rotation": [7.5, 0, 0],
					"cubes": [
						{"origin": [1, -0.25, 4], "size": [3, 2, 3], "inflate": 0.01, "uv": [54, 30]}
					]
				},
				{
					"name": "head",
					"parent": "torso",
					"pivot": [0, 12.58333, -5.83333],
					"cubes": [
						{"origin": [-3.5, 12.25, -10], "size": [7, 7, 7], "inflate": 0.01, "uv": [0, 20]},
						{"origin": [-2.5, 12.25, -11], "size": [5, 2, 1], "uv": [54, 35]},
						{"origin": [-0.5, 13.25, -11.01], "size": [1, 1, 0], "uv": [12, 50]}
					]
				},
				{
					"name": "mouth",
					"parent": "head",
					"pivot": [0, 13.01, -10.415],
					"cubes": [
						{"origin": [-1, 12.51, -10.415], "size": [2, 1, 0], "uv": [14, 44]}
					]
				},
				{
					"name": "eyes",
					"parent": "head",
					"pivot": [0, 15.75, -10.025]
				},
				{
					"name": "eye_right",
					"parent": "eyes",
					"pivot": [-2.515, 15.75, -9.515],
					"cubes": [
						{"origin": [-3.515, 14.25, -10.015], "size": [1, 3, 2], "uv": [56, 0]},
						{"origin": [-3.015, 14.25, -10.015], "size": [1, 3, 0], "uv": [40, 47]},
						{"origin": [-3.265, 14.75, -10.02], "size": [1, 2, 0], "uv": [14, 45]}
					]
				},
				{
					"name": "eyelid_right",
					"parent": "eye_right",
					"pivot": [-2.415, 15.75, -9.415],
					"cubes": [
						{"origin": [-3.415, 13.75, -9.915], "size": [2, 4, 2], "inflate": 0.01, "uv": [-1, 56]}
					]
				},
				{
					"name": "eye_left",
					"parent": "eyes",
					"pivot": [2.515, 15.75, -9.515],
					"cubes": [
						{"origin": [2.515, 14.25, -10.015], "size": [1, 3, 2], "uv": [54, 44]},
						{"origin": [2.265, 14.75, -10.02], "size": [1, 2, 0], "uv": [16, 45]},
						{"origin": [2.015, 14.25, -10.015], "size": [1, 3, 0], "uv": [38, 47]}
					]
				},
				{
					"name": "eyelid_left",
					"parent": "eye_left",
					"pivot": [2.415, 15.75, -9.415],
					"cubes": [
						{"origin": [1.415, 13.75, -9.915], "size": [2, 4, 2], "inflate": 0.01, "uv": [55, 16]}
					]
				},
				{
					"name": "ear_right",
					"parent": "head",
					"pivot": [-2.5, 19.25, -5.75],
					"rotation": [-5, 10, -20],
					"cubes": [
						{"origin": [-5.5, 18.75, -5.75], "size": [6, 13, 0], "uv": [30, 34]}
					]
				},
				{
					"name": "ear_left",
					"parent": "head",
					"pivot": [2.5, 19.25, -5.75],
					"rotation": [-5, -10, 20],
					"cubes": [
						{"origin": [-0.5, 18.75, -5.75], "size": [6, 13, 0], "uv": [18, 34]}
					]
				},
				{
					"name": "ribbon_right",
					"parent": "torso",
					"pivot": [-2.5, 11, -5.35],
					"rotation": [10, 0, 0],
					"cubes": [
						{"origin": [-6.5, 11, -5.35], "size": [4, 2, 0], "uv": [54, 49]}
					]
				},
				{
					"name": "ribbon_right2",
					"parent": "ribbon_right",
					"pivot": [-6.5, 12, -5.35],
					"cubes": [
						{"origin": [-9.5, 10.5, -5.35], "size": [3, 3, 0], "uv": [56, 11]}
					]
				},
				{
					"name": "ribbon_right3",
					"parent": "ribbon_right2",
					"pivot": [-9.5, 12, -5.35],
					"cubes": [
						{"origin": [-14.5, 10.5, -5.35], "size": [5, 3, 0], "uv": [54, 38]}
					]
				},
				{
					"name": "ribbon_right4",
					"parent": "ribbon_right3",
					"pivot": [-14.5, 12, -5.35],
					"cubes": [
						{"origin": [-20.5, 10, -5.35], "size": [6, 6, 0], "uv": [50, 52]}
					]
				},
				{
					"name": "ribbon_left",
					"parent": "torso",
					"pivot": [2.5, 11, -5.35],
					"rotation": [10, 0, 0],
					"cubes": [
						{"origin": [2.5, 11, -5.35], "size": [4, 2, 0], "uv": [56, 5]}
					]
				},
				{
					"name": "ribbon_left2",
					"parent": "ribbon_left",
					"pivot": [6.5, 12, -5.35],
					"cubes": [
						{"origin": [6.5, 10.5, -5.35], "size": [3, 3, 0], "uv": [56, 14]}
					]
				},
				{
					"name": "ribbon_left3",
					"parent": "ribbon_left2",
					"pivot": [9.5, 12, -5.35],
					"cubes": [
						{"origin": [9.5, 10.5, -5.35], "size": [5, 3, 0], "uv": [54, 41]}
					]
				},
				{
					"name": "ribbon_left4",
					"parent": "ribbon_left3",
					"pivot": [14.5, 12, -5.35],
					"cubes": [
						{"origin": [14.5, 10, -5.35], "size": [6, 6, 0], "uv": [12, 54]}
					]
				},
				{
					"name": "tail",
					"parent": "torso",
					"pivot": [0, 12.5, 7],
					"cubes": [
						{"origin": [-1.5, 10.5, 6], "size": [3, 2, 4], "uv": [0, 44]}
					]
				},
				{
					"name": "tail2",
					"parent": "tail",
					"pivot": [0, 10.5, 10],
					"cubes": [
						{"origin": [-2.5, 7, 10], "size": [5, 6, 4], "uv": [0, 34]}
					]
				},
				{
					"name": "tail3",
					"parent": "tail2",
					"pivot": [0, 10, 14],
					"cubes": [
						{"origin": [-3, 5, 14], "size": [6, 7, 7], "uv": [28, 20]},
						{"origin": [-1, 9, 20], "size": [2, 3, 1], "pivot": [0, 12, 21], "rotation": [22.5, 0, 0], "uv": [56, 7]}
					]
				}
			]
		}
	]
}