{
  "species": "cobblemon:magearna",
  "order": 0,
  "variations": [
    {
      "aspects": [],
      "poser": "cobblemon:magearna",
      "model": "cobblemon:magearna.geo",
      "texture": "cobblemon:textures/pokemon/0801_magearna/magearna.png",
      "layers": [
        {
          "name": "emissive",
          "emissive": true,
          "texture": "cobblemon:textures/pokemon/0801_magearna/magearna_emissive.png",
          "translucent": true
    }
      ]
    },
    {
      "aspects": [
        "shiny"
      ],
      "texture": "cobblemon:textures/pokemon/0801_magearna/magearna_shiny.png",
      "layers": [
        {
          "name": "emissive",
          "emissive": true,
          "texture": "cobblemon:textures/pokemon/0801_magearna/magearna_shiny_emissive.png",
          "translucent": true
    }
      ]
    }
  ]
}