{
  "species": "cobblemon:magearna",
  "order": 1,
  "variations": [
    { 
      "aspects": ["original"],
      "poser": "cobblemon:magearna",
      "model": "cobblemon:magearna_original.geo",
      "texture": "cobblemon:textures/pokemon/0801_magearna/magearna_original.png",
      "layers": [
        {
          "name": "emissive",
          "emissive": true,
          "texture": "cobblemon:textures/pokemon/0801_magearna/magearna_emissive.png",
          "translucent": true
    }
      ]
    },
    { 
      "aspects": [
        "original",
        "shiny"
      ],
      "texture": "cobblemon:textures/pokemon/0801_magearna/magearna_original_shiny.png",
      "layers": [
        {
          "name": "emissive",
          "emissive": true,
          "texture": "cobblemon:textures/pokemon/0801_magearna/magearna_emissive.png",
          "translucent": true
    }
      ]
    }
  ]
}